model,seed,control,candidate_arm,training_mode,pair_key,interpretation,constraint_pair,baseline_statistical_loss,candidate_statistical_loss,statistical_flow_weight,conditional_flow_weight,variable,units,lead_hours,ranking_allowed,model_rmse,rmse_reduction,acc_difference,baseline_rmse,rmse_skill_vs_baseline,crps_skill_vs_baseline
climode,7,pinn_statistical,pinn_statistical:kl_entropy,joint,climode/pinn_statistical:kl_entropy/vs_pinn_statistical,replace_statistical_loss,pinn_statistical,w2,kl_entropy,0.0,0.0,msl,Pa,6.0,True,227.06958776966226,2.4395844377608285,0.0013829568880460164,229.5091722074231,0.010629572728169667,
climode,7,pinn_statistical,pinn_statistical:kl_entropy,joint,climode/pinn_statistical:kl_entropy/vs_pinn_statistical,replace_statistical_loss,pinn_statistical,w2,kl_entropy,0.0,0.0,msl,Pa,12.0,True,244.23399263782812,-1.9098515245388512,-0.0011185481223814353,242.32414111328927,-0.00788139190657855,
climode,7,pinn_statistical,pinn_statistical:kl_entropy,joint,climode/pinn_statistical:kl_entropy/vs_pinn_statistical,replace_statistical_loss,pinn_statistical,w2,kl_entropy,0.0,0.0,msl,Pa,18.0,True,295.8491450017323,-2.069769891230578,-0.001601641675684884,293.77937511050175,-0.0070453206269229796,
climode,7,pinn_statistical,pinn_statistical:kl_entropy,joint,climode/pinn_statistical:kl_entropy/vs_pinn_statistical,replace_statistical_loss,pinn_statistical,w2,kl_entropy,0.0,0.0,msl,Pa,24.0,True,316.9396922151674,-2.86384794799892,-0.0022788146177481483,314.07584426716846,-0.009118332403694085,
climode,7,pinn_statistical,pinn_statistical:kl_entropy,joint,climode/pinn_statistical:kl_entropy/vs_pinn_statistical,replace_statistical_loss,pinn_statistical,w2,kl_entropy,0.0,0.0,msl,Pa,30.0,True,358.4622573033463,-2.515926033057326,-0.001963338877763121,355.94633127028897,-0.007068273534604375,
climode,7,pinn_statistical,pinn_statistical:kl_entropy,joint,climode/pinn_statistical:kl_entropy/vs_pinn_statistical,replace_statistical_loss,pinn_statistical,w2,kl_entropy,0.0,0.0,msl,Pa,36.0,True,387.78074304750197,-3.6715717336421676,-0.0029548011088662562,384.1091713138598,-0.00955866719110987,
climode,7,pinn_statistical,pinn_statistical:kl_entropy,joint,climode/pinn_statistical:kl_entropy/vs_pinn_statistical,replace_statistical_loss,pinn_statistical,w2,kl_entropy,0.0,0.0,msl,Pa,42.0,True,422.5037290288277,-2.0601379787470933,-0.00030144612722271535,420.4435910500806,-0.004899915286142864,
climode,7,pinn_statistical,pinn_statistical:kl_entropy,joint,climode/pinn_statistical:kl_entropy/vs_pinn_statistical,replace_statistical_loss,pinn_statistical,w2,kl_entropy,0.0,0.0,msl,Pa,48.0,True,443.87843320231366,-1.923403882906257,0.00020565149795892523,441.9550293194074,-0.004352035287092937,
climode,7,pinn_statistical,pinn_statistical:kl_entropy,joint,climode/pinn_statistical:kl_entropy/vs_pinn_statistical,replace_statistical_loss,pinn_statistical,w2,kl_entropy,0.0,0.0,msl,Pa,54.0,True,470.6479338391532,-0.06789707377521381,0.002761866025375981,470.580036765378,-0.00014428379546638226,
climode,7,pinn_statistical,pinn_statistical:kl_entropy,joint,climode/pinn_statistical:kl_entropy/vs_pinn_statistical,replace_statistical_loss,pinn_statistical,w2,kl_entropy,0.0,0.0,msl,Pa,60.0,True,493.69560613575936,-0.36920260747177736,0.0031065137118376773,493.3264035282876,-0.0007483941764139246,
climode,7,pinn_statistical,pinn_statistical:kl_entropy,joint,climode/pinn_statistical:kl_entropy/vs_pinn_statistical,replace_statistical_loss,pinn_statistical,w2,kl_entropy,0.0,0.0,msl,Pa,66.0,True,517.785476247254,1.5293993609482186,0.00707431701726946,519.3148756082022,0.0029450328361132483,
climode,7,pinn_statistical,pinn_statistical:kl_entropy,joint,climode/pinn_statistical:kl_entropy/vs_pinn_statistical,replace_statistical_loss,pinn_statistical,w2,kl_entropy,0.0,0.0,msl,Pa,72.0,True,532.7864418196737,2.0432728891651095,0.008268790612736887,534.8297147088388,0.0038204176637370857,
climode,7,pinn_statistical,pinn_statistical:kl_entropy,joint,climode/pinn_statistical:kl_entropy/vs_pinn_statistical,replace_statistical_loss,pinn_statistical,w2,kl_entropy,0.0,0.0,msl,Pa,78.0,True,550.9934343567431,3.900330943629342,0.01165220390721411,554.8937653003725,0.007028968763990395,
climode,7,pinn_statistical,pinn_statistical:kl_entropy,joint,climode/pinn_statistical:kl_entropy/vs_pinn_statistical,replace_statistical_loss,pinn_statistical,w2,kl_entropy,0.0,0.0,msl,Pa,84.0,True,564.8134412787776,4.044244993941788,0.012582975852604816,568.8576862727194,0.0071094143430504575,
climode,7,pinn_statistical,pinn_statistical:kl_entropy,joint,climode/pinn_statistical:kl_entropy/vs_pinn_statistical,replace_statistical_loss,pinn_statistical,w2,kl_entropy,0.0,0.0,msl,Pa,90.0,True,581.933081363638,5.384262982796713,0.01601051693650668,587.3173443464348,0.009167553171426146,
climode,7,pinn_statistical,pinn_statistical:kl_entropy,joint,climode/pinn_statistical:kl_entropy/vs_pinn_statistical,replace_statistical_loss,pinn_statistical,w2,kl_entropy,0.0,0.0,msl,Pa,96.0,True,590.6485782608825,5.199569475579096,0.01550465137182011,595.8481477364616,0.008726333203067704,
climode,7,pinn_statistical,pinn_statistical:kl_entropy,joint,climode/pinn_statistical:kl_entropy/vs_pinn_statistical,replace_statistical_loss,pinn_statistical,w2,kl_entropy,0.0,0.0,msl,Pa,102.0,True,603.682839600808,5.961684646105027,0.0169913003590495,609.6445242469131,0.009778952174579802,
climode,7,pinn_statistical,pinn_statistical:kl_entropy,joint,climode/pinn_statistical:kl_entropy/vs_pinn_statistical,replace_statistical_loss,pinn_statistical,w2,kl_entropy,0.0,0.0,msl,Pa,108.0,True,612.4878729535498,5.406234060948805,0.016207922365446825,617.8941070144986,0.008749450754709898,
climode,7,pinn_statistical,pinn_statistical:kl_entropy,joint,climode/pinn_statistical:kl_entropy/vs_pinn_statistical,replace_statistical_loss,pinn_statistical,w2,kl_entropy,0.0,0.0,msl,Pa,114.0,True,624.2920388263857,6.07092033979518,0.01845727116018403,630.3629591661809,0.009630832921759147,
climode,7,pinn_statistical,pinn_statistical:kl_entropy,joint,climode/pinn_statistical:kl_entropy/vs_pinn_statistical,replace_statistical_loss,pinn_statistical,w2,kl_entropy,0.0,0.0,msl,Pa,120.0,True,630.3693765753646,4.88042964247677,0.015851370446020085,635.2498062178414,0.007682693634389226,
climode,7,pinn_statistical,pinn_statistical:kl_entropy,joint,climode/pinn_statistical:kl_entropy/vs_pinn_statistical,replace_statistical_loss,pinn_statistical,w2,kl_entropy,0.0,0.0,t2m,K,6.0,True,2.4261168005371654,-0.09834447813082337,-0.008955302936203169,2.327772322406342,-0.04224832350835728,
climode,7,pinn_statistical,pinn_statistical:kl_entropy,joint,climode/pinn_statistical:kl_entropy/vs_pinn_statistical,replace_statistical_loss,pinn_statistical,w2,kl_entropy,0.0,0.0,t2m,K,12.0,True,2.7987712224036474,-0.21464584854944535,-0.015778658138690393,2.584125373854202,-0.08306324868026915,
climode,7,pinn_statistical,pinn_statistical:kl_entropy,joint,climode/pinn_statistical:kl_entropy/vs_pinn_statistical,replace_statistical_loss,pinn_statistical,w2,kl_entropy,0.0,0.0,t2m,K,18.0,True,2.7876817678360046,-0.21464471327819945,-0.012599060192228673,2.573037054557805,-0.08342076259569753,
climode,7,pinn_statistical,pinn_statistical:kl_entropy,joint,climode/pinn_statistical:kl_entropy/vs_pinn_statistical,replace_statistical_loss,pinn_statistical,w2,kl_entropy,0.0,0.0,t2m,K,24.0,True,2.57217532919326,-0.26522613973706033,-0.01605064048486693,2.3069491894561995,-0.11496834908599785,
climode,7,pinn_statistical,pinn_statistical:kl_entropy,joint,climode/pinn_statistical:kl_entropy/vs_pinn_statistical,replace_statistical_loss,pinn_statistical,w2,kl_entropy,0.0,0.0,t2m,K,30.0,True,2.6648527938039837,-0.2816092613578327,-0.026993464898120823,2.383243532446151,-0.11816218423502445,
climode,7,pinn_statistical,pinn_statistical:kl_entropy,joint,climode/pinn_statistical:kl_entropy/vs_pinn_statistical,replace_statistical_loss,pinn_statistical,w2,kl_entropy,0.0,0.0,t2m,K,36.0,True,2.6599628457982454,-0.2468038549013012,-0.029290398937330542,2.413158990896944,-0.10227417912881354,
climode,7,pinn_statistical,pinn_statistical:kl_entropy,joint,climode/pinn_statistical:kl_entropy/vs_pinn_statistical,replace_statistical_loss,pinn_statistical,w2,kl_entropy,0.0,0.0,t2m,K,42.0,True,2.428472691980263,-0.21118853865975717,-0.02143372346740602,2.217284153320506,-0.09524649258124662,
climode,7,pinn_statistical,pinn_statistical:kl_entropy,joint,climode/pinn_statistical:kl_entropy/vs_pinn_statistical,replace_statistical_loss,pinn_statistical,w2,kl_entropy,0.0,0.0,t2m,K,48.0,True,2.1529798731402687,-0.2023691846258937,-0.013423071600781378,1.950610688514375,-0.10374657834978973,
climode,7,pinn_statistical,pinn_statistical:kl_entropy,joint,climode/pinn_statistical:kl_entropy/vs_pinn_statistical,replace_statistical_loss,pinn_statistical,w2,kl_entropy,0.0,0.0,t2m,K,54.0,True,2.3800811467936547,-0.21500084399208763,-0.02266043163786513,2.165080302801567,-0.09930386587226403,
climode,7,pinn_statistical,pinn_statistical:kl_entropy,joint,climode/pinn_statistical:kl_entropy/vs_pinn_statistical,replace_statistical_loss,pinn_statistical,w2,kl_entropy,0.0,0.0,t2m,K,60.0,True,2.51912901929823,-0.1851645438312337,-0.02650978501112078,2.3339644754669964,-0.07933477384834009,
climode,7,pinn_statistical,pinn_statistical:kl_entropy,joint,climode/pinn_statistical:kl_entropy/vs_pinn_statistical,replace_statistical_loss,pinn_statistical,w2,kl_entropy,0.0,0.0,t2m,K,66.0,True,2.4420382875374487,-0.17891198325457447,-0.02274351883675052,2.263126304282874,-0.07905523563399486,
climode,7,pinn_statistical,pinn_statistical:kl_entropy,joint,climode/pinn_statistical:kl_entropy/vs_pinn_statistical,replace_statistical_loss,pinn_statistical,w2,kl_entropy,0.0,0.0,t2m,K,72.0,True,2.296282696447205,-0.1756174426398487,-0.01457324243708813,2.1206652538073563,-0.0828124298847035,
climode,7,pinn_statistical,pinn_statistical:kl_entropy,joint,climode/pinn_statistical:kl_entropy/vs_pinn_statistical,replace_statistical_loss,pinn_statistical,w2,kl_entropy,0.0,0.0,t2m,K,78.0,True,2.527628316516982,-0.2000836546896827,-0.024560557294033836,2.3275446618272992,-0.08596340081938614,
climode,7,pinn_statistical,pinn_statistical:kl_entropy,joint,climode/pinn_statistical:kl_entropy/vs_pinn_statistical,replace_statistical_loss,pinn_statistical,w2,kl_entropy,0.0,0.0,t2m,K,84.0,True,2.644024278048009,-0.16848774804285727,-0.02759110215535099,2.4755365300051517,-0.06806110352268036,
climode,7,pinn_statistical,pinn_statistical:kl_entropy,joint,climode/pinn_statistical:kl_entropy/vs_pinn_statistical,replace_statistical_loss,pinn_statistical,w2,kl_entropy,0.0,0.0,t2m,K,90.0,True,2.5748339574237256,-0.1861899096905706,-0.024718561928642413,2.388644047733155,-0.07794795120992037,
climode,7,pinn_statistical,pinn_statistical:kl_entropy,joint,climode/pinn_statistical:kl_entropy/vs_pinn_statistical,replace_statistical_loss,pinn_statistical,w2,kl_entropy,0.0,0.0,t2m,K,96.0,True,2.4437827846993234,-0.18452715362966066,-0.01711310076766226,2.2592556310696628,-0.08167608441117169,
climode,7,pinn_statistical,pinn_statistical:kl_entropy,joint,climode/pinn_statistical:kl_entropy/vs_pinn_statistical,replace_statistical_loss,pinn_statistical,w2,kl_entropy,0.0,0.0,t2m,K,102.0,True,2.6341858677345478,-0.19153834827965488,-0.02543967712368478,2.442647519454893,-0.07841423977635498,
climode,7,pinn_statistical,pinn_statistical:kl_entropy,joint,climode/pinn_statistical:kl_entropy/vs_pinn_statistical,replace_statistical_loss,pinn_statistical,w2,kl_entropy,0.0,0.0,t2m,K,108.0,True,2.7253743000463087,-0.1483737292843661,-0.026456882902174406,2.5770005707619426,-0.057576133652347705,
climode,7,pinn_statistical,pinn_statistical:kl_entropy,joint,climode/pinn_statistical:kl_entropy/vs_pinn_statistical,replace_statistical_loss,pinn_statistical,w2,kl_entropy,0.0,0.0,t2m,K,114.0,True,2.6231403541530796,-0.14516828261697556,-0.022151677318044682,2.477972071536104,-0.05858350232615228,
climode,7,pinn_statistical,pinn_statistical:kl_entropy,joint,climode/pinn_statistical:kl_entropy/vs_pinn_statistical,replace_statistical_loss,pinn_statistical,w2,kl_entropy,0.0,0.0,t2m,K,120.0,True,2.497786861724618,-0.14027439305130462,-0.015136193272393239,2.3575124686733133,-0.05950101851645506,
climode,7,pinn_statistical,pinn_statistical:kl_entropy,joint,climode/pinn_statistical:kl_entropy/vs_pinn_statistical,replace_statistical_loss,pinn_statistical,w2,kl_entropy,0.0,0.0,u10,m s**-1,6.0,True,1.13960180413477,-0.01233663131914553,-0.001674847526549561,1.1272651728156244,-0.010943859188279337,
climode,7,pinn_statistical,pinn_statistical:kl_entropy,joint,climode/pinn_statistical:kl_entropy/vs_pinn_statistical,replace_statistical_loss,pinn_statistical,w2,kl_entropy,0.0,0.0,u10,m s**-1,12.0,True,1.2710142086704084,-0.006096532752701167,-0.0009147765839703226,1.2649176759177072,-0.004819707138868257,
climode,7,pinn_statistical,pinn_statistical:kl_entropy,joint,climode/pinn_statistical:kl_entropy/vs_pinn_statistical,replace_statistical_loss,pinn_statistical,w2,kl_entropy,0.0,0.0,u10,m s**-1,18.0,True,1.459766890553039,-0.0023626081777277097,-0.00043926333549237917,1.4574042823753113,-0.0016211069270890555,
climode,7,pinn_statistical,pinn_statistical:kl_entropy,joint,climode/pinn_statistical:kl_entropy/vs_pinn_statistical,replace_statistical_loss,pinn_statistical,w2,kl_entropy,0.0,0.0,u10,m s**-1,24.0,True,1.6159090300416168,-0.000797303399681315,-0.00024679721178000324,1.6151117266419355,-0.0004936521644474112,
climode,7,pinn_statistical,pinn_statistical:kl_entropy,joint,climode/pinn_statistical:kl_entropy/vs_pinn_statistical,replace_statistical_loss,pinn_statistical,w2,kl_entropy,0.0,0.0,u10,m s**-1,30.0,True,1.7734808051651312,0.004009760490621073,0.0009760067828370467,1.7774905656557523,0.002255854724687034,
climode,7,pinn_statistical,pinn_statistical:kl_entropy,joint,climode/pinn_statistical:kl_entropy/vs_pinn_statistical,replace_statistical_loss,pinn_statistical,w2,kl_entropy,0.0,0.0,u10,m s**-1,36.0,True,1.9142096287180919,0.005414321724321436,0.0017110322727580396,1.9196239504424133,0.0028205116544173237,
climode,7,pinn_statistical,pinn_statistical:kl_entropy,joint,climode/pinn_statistical:kl_entropy/vs_pinn_statistical,replace_statistical_loss,pinn_statistical,w2,kl_entropy,0.0,0.0,u10,m s**-1,42.0,True,2.038911209838259,0.0057576613733894,0.002317382057108075,2.0446688712116483,0.002815938294193021,
climode,7,pinn_statistical,pinn_statistical:kl_entropy,joint,climode/pinn_statistical:kl_entropy/vs_pinn_statistical,replace_statistical_loss,pinn_statistical,w2,kl_entropy,0.0,0.0,u10,m s**-1,48.0,True,2.1454122594419425,0.004811648341843888,0.00256719437904418,2.1502239077837864,0.0022377429273415794,
climode,7,pinn_statistical,pinn_statistical:kl_entropy,joint,climode/pinn_statistical:kl_entropy/vs_pinn_statistical,replace_statistical_loss,pinn_statistical,w2,kl_entropy,0.0,0.0,u10,m s**-1,54.0,True,2.244911847972288,0.008340981104088652,0.004182247460006616,2.2532528290763767,0.0037017510846786283,
climode,7,pinn_statistical,pinn_statistical:kl_entropy,joint,climode/pinn_statistical:kl_entropy/vs_pinn_statistical,replace_statistical_loss,pinn_statistical,w2,kl_entropy,0.0,0.0,u10,m s**-1,60.0,True,2.3366424383889273,0.009407824481997729,0.005156627522300283,2.346050262870925,0.004010069447738518,
climode,7,pinn_statistical,pinn_statistical:kl_entropy,joint,climode/pinn_statistical:kl_entropy/vs_pinn_statistical,replace_statistical_loss,pinn_statistical,w2,kl_entropy,0.0,0.0,u10,m s**-1,66.0,True,2.419672699880428,0.01331727433689478,0.007230696881004861,2.432989974217323,0.005473624831182855,
climode,7,pinn_statistical,pinn_statistical:kl_entropy,joint,climode/pinn_statistical:kl_entropy/vs_pinn_statistical,replace_statistical_loss,pinn_statistical,w2,kl_entropy,0.0,0.0,u10,m s**-1,72.0,True,2.487019153158247,0.015821008536846648,0.008784165155925616,2.5028401616950937,0.006321222097591561,
climode,7,pinn_statistical,pinn_statistical:kl_entropy,joint,climode/pinn_statistical:kl_entropy/vs_pinn_statistical,replace_statistical_loss,pinn_statistical,w2,kl_entropy,0.0,0.0,u10,m s**-1,78.0,True,2.5504708534551526,0.02142216722774304,0.011342736471093295,2.5718930206828956,0.008329338372734862,
climode,7,pinn_statistical,pinn_statistical:kl_entropy,joint,climode/pinn_statistical:kl_entropy/vs_pinn_statistical,replace_statistical_loss,pinn_statistical,w2,kl_entropy,0.0,0.0,u10,m s**-1,84.0,True,2.605255799418744,0.023775450013554078,0.01273957927365621,2.6290312494322983,0.009043426174066171,
climode,7,pinn_statistical,pinn_statistical:kl_entropy,joint,climode/pinn_statistical:kl_entropy/vs_pinn_statistical,replace_statistical_loss,pinn_statistical,w2,kl_entropy,0.0,0.0,u10,m s**-1,90.0,True,2.6591690062943294,0.02811451846392199,0.015055393932843997,2.6872835247582514,0.010462058880240876,
climode,7,pinn_statistical,pinn_statistical:kl_entropy,joint,climode/pinn_statistical:kl_entropy/vs_pinn_statistical,replace_statistical_loss,pinn_statistical,w2,kl_entropy,0.0,0.0,u10,m s**-1,96.0,True,2.6984334216016057,0.027444109673211425,0.014862692069666894,2.725877531274817,0.010067990714306418,
climode,7,pinn_statistical,pinn_statistical:kl_entropy,joint,climode/pinn_statistical:kl_entropy/vs_pinn_statistical,replace_statistical_loss,pinn_statistical,w2,kl_entropy,0.0,0.0,u10,m s**-1,102.0,True,2.73769218764453,0.03029724803456091,0.015857126122357623,2.767989435679091,0.010945579359528113,
climode,7,pinn_statistical,pinn_statistical:kl_entropy,joint,climode/pinn_statistical:kl_entropy/vs_pinn_statistical,replace_statistical_loss,pinn_statistical,w2,kl_entropy,0.0,0.0,u10,m s**-1,108.0,True,2.7702897800992146,0.029137562245292514,0.01535267415729763,2.799427342344507,0.010408400962780506,
climode,7,pinn_statistical,pinn_statistical:kl_entropy,joint,climode/pinn_statistical:kl_entropy/vs_pinn_statistical,replace_statistical_loss,pinn_statistical,w2,kl_entropy,0.0,0.0,u10,m s**-1,114.0,True,2.8041141534061267,0.031541026107326786,0.016952250678004988,2.8356551795134535,0.011123011829928697,
climode,7,pinn_statistical,pinn_statistical:kl_entropy,joint,climode/pinn_statistical:kl_entropy/vs_pinn_statistical,replace_statistical_loss,pinn_statistical,w2,kl_entropy,0.0,0.0,u10,m s**-1,120.0,True,2.8291256462757803,0.027849679533829885,0.015229191135271325,2.8569753258096102,0.00974795941786366,
climode,7,pinn_statistical,pinn_statistical:kl_entropy,joint,climode/pinn_statistical:kl_entropy/vs_pinn_statistical,replace_statistical_loss,pinn_statistical,w2,kl_entropy,0.0,0.0,v10,m s**-1,6.0,True,1.2563363198940123,0.0025293259952725577,0.0006023347425526682,1.2588656458892848,0.0020092104376124853,
climode,7,pinn_statistical,pinn_statistical:kl_entropy,joint,climode/pinn_statistical:kl_entropy/vs_pinn_statistical,replace_statistical_loss,pinn_statistical,w2,kl_entropy,0.0,0.0,v10,m s**-1,12.0,True,1.3980492368545567,0.003958128079037282,9.89583165098562e-05,1.402007364933594,0.0028231863669452295,
climode,7,pinn_statistical,pinn_statistical:kl_entropy,joint,climode/pinn_statistical:kl_entropy/vs_pinn_statistical,replace_statistical_loss,pinn_statistical,w2,kl_entropy,0.0,0.0,v10,m s**-1,18.0,True,1.6001501660289454,0.006992534788053728,0.0005360820289701529,1.6071427008169992,0.004350910957999554,
climode,7,pinn_statistical,pinn_statistical:kl_entropy,joint,climode/pinn_statistical:kl_entropy/vs_pinn_statistical,replace_statistical_loss,pinn_statistical,w2,kl_entropy,0.0,0.0,v10,m s**-1,24.0,True,1.7692939884943266,0.006300451928782591,0.0005881769818169014,1.7755944404231092,0.0035483620501094437,
climode,7,pinn_statistical,pinn_statistical:kl_entropy,joint,climode/pinn_statistical:kl_entropy/vs_pinn_statistical,replace_statistical_loss,pinn_statistical,w2,kl_entropy,0.0,0.0,v10,m s**-1,30.0,True,1.9345427006858253,0.004059101774433582,0.0007770772360687905,1.938601802460259,0.002093829567929917,
climode,7,pinn_statistical,pinn_statistical:kl_entropy,joint,climode/pinn_statistical:kl_entropy/vs_pinn_statistical,replace_statistical_loss,pinn_statistical,w2,kl_entropy,0.0,0.0,v10,m s**-1,36.0,True,2.07951759984962,0.007035937628974143,0.0024626664905660345,2.086553537478594,0.0033720379096893183,
climode,7,pinn_statistical,pinn_statistical:kl_entropy,joint,climode/pinn_statistical:kl_entropy/vs_pinn_statistical,replace_statistical_loss,pinn_statistical,w2,kl_entropy,0.0,0.0,v10,m s**-1,42.0,True,2.214391396680157,0.006577158798638294,0.003662943467134694,2.2209685554787955,0.0029613921288590417,
climode,7,pinn_statistical,pinn_statistical:kl_entropy,joint,climode/pinn_statistical:kl_entropy/vs_pinn_statistical,replace_statistical_loss,pinn_statistical,w2,kl_entropy,0.0,0.0,v10,m s**-1,48.0,True,2.3325652199788163,0.00892990094111168,0.005793668028046595,2.341495120919928,0.0038137602172766405,
climode,7,pinn_statistical,pinn_statistical:kl_entropy,joint,climode/pinn_statistical:kl_entropy/vs_pinn_statistical,replace_statistical_loss,pinn_statistical,w2,kl_entropy,0.0,0.0,v10,m s**-1,54.0,True,2.4443035958248474,0.006916778006106572,0.006473973757534113,2.451220373830954,0.0028217691399555767,
climode,7,pinn_statistical,pinn_statistical:kl_entropy,joint,climode/pinn_statistical:kl_entropy/vs_pinn_statistical,replace_statistical_loss,pinn_statistical,w2,kl_entropy,0.0,0.0,v10,m s**-1,60.0,True,2.5410789701444467,0.00900393955421075,0.00862128395611883,2.5500829096986575,0.003530841887519176,
climode,7,pinn_statistical,pinn_statistical:kl_entropy,joint,climode/pinn_statistical:kl_entropy/vs_pinn_statistical,replace_statistical_loss,pinn_statistical,w2,kl_entropy,0.0,0.0,v10,m s**-1,66.0,True,2.627921553190345,0.009172528147142422,0.010165681821316386,2.6370940813374872,0.0034782711060844518,
climode,7,pinn_statistical,pinn_statistical:kl_entropy,joint,climode/pinn_statistical:kl_entropy/vs_pinn_statistical,replace_statistical_loss,pinn_statistical,w2,kl_entropy,0.0,0.0,v10,m s**-1,72.0,True,2.7031112643551025,0.013261034543750938,0.013316415219320199,2.7163722988988535,0.0048818913921064855,
climode,7,pinn_statistical,pinn_statistical:kl_entropy,joint,climode/pinn_statistical:kl_entropy/vs_pinn_statistical,replace_statistical_loss,pinn_statistical,w2,kl_entropy,0.0,0.0,v10,m s**-1,78.0,True,2.7689757741442245,0.011720992660372076,0.013593499260806163,2.7806967668045965,0.004215127949330877,
climode,7,pinn_statistical,pinn_statistical:kl_entropy,joint,climode/pinn_statistical:kl_entropy/vs_pinn_statistical,replace_statistical_loss,pinn_statistical,w2,kl_entropy,0.0,0.0,v10,m s**-1,84.0,True,2.82726647051859,0.013052043939671076,0.015084552571421106,2.8403185144582612,0.004595274745853861,
climode,7,pinn_statistical,pinn_statistical:kl_entropy,joint,climode/pinn_statistical:kl_entropy/vs_pinn_statistical,replace_statistical_loss,pinn_statistical,w2,kl_entropy,0.0,0.0,v10,m s**-1,90.0,True,2.876484288141896,0.011104242942867604,0.015063544932756023,2.8875885310847638,0.0038455073578977927,
climode,7,pinn_statistical,pinn_statistical:kl_entropy,joint,climode/pinn_statistical:kl_entropy/vs_pinn_statistical,replace_statistical_loss,pinn_statistical,w2,kl_entropy,0.0,0.0,v10,m s**-1,96.0,True,2.9207098332978325,0.013399465181248793,0.01714070712958321,2.9341092984790813,0.004566791423957661,
climode,7,pinn_statistical,pinn_statistical:kl_entropy,joint,climode/pinn_statistical:kl_entropy/vs_pinn_statistical,replace_statistical_loss,pinn_statistical,w2,kl_entropy,0.0,0.0,v10,m s**-1,102.0,True,2.9557474992056068,0.01152404040287891,0.016200065585666668,2.9672715396084857,0.003883716151033334,
climode,7,pinn_statistical,pinn_statistical:kl_entropy,joint,climode/pinn_statistical:kl_entropy/vs_pinn_statistical,replace_statistical_loss,pinn_statistical,w2,kl_entropy,0.0,0.0,v10,m s**-1,108.0,True,2.9894733223449736,0.011592357311501988,0.01644497412183127,3.0010656796564756,0.003862746953551821,
climode,7,pinn_statistical,pinn_statistical:kl_entropy,joint,climode/pinn_statistical:kl_entropy/vs_pinn_statistical,replace_statistical_loss,pinn_statistical,w2,kl_entropy,0.0,0.0,v10,m s**-1,114.0,True,3.01613796913242,0.009047735576537708,0.015514980828786218,3.025185704708958,0.0029908033620726915,
climode,7,pinn_statistical,pinn_statistical:kl_entropy,joint,climode/pinn_statistical:kl_entropy/vs_pinn_statistical,replace_statistical_loss,pinn_statistical,w2,kl_entropy,0.0,0.0,v10,m s**-1,120.0,True,3.0406445648002935,0.010796820693728115,0.0168379111341308,3.0514413854940217,0.0035382690767236102,
climode,19,pinn_statistical,pinn_statistical:kl_entropy,joint,climode/pinn_statistical:kl_entropy/vs_pinn_statistical,replace_statistical_loss,pinn_statistical,w2,kl_entropy,0.0,0.0,msl,Pa,6.0,True,231.52594924498985,0.6125086385332281,-0.0001292678632326405,232.13845788352307,0.002638548752833314,
climode,19,pinn_statistical,pinn_statistical:kl_entropy,joint,climode/pinn_statistical:kl_entropy/vs_pinn_statistical,replace_statistical_loss,pinn_statistical,w2,kl_entropy,0.0,0.0,msl,Pa,12.0,True,243.47539973381103,1.624302649998981,0.0007342557418695828,245.09970238381,0.006627109842244683,
climode,19,pinn_statistical,pinn_statistical:kl_entropy,joint,climode/pinn_statistical:kl_entropy/vs_pinn_statistical,replace_statistical_loss,pinn_statistical,w2,kl_entropy,0.0,0.0,msl,Pa,18.0,True,293.7757035933912,1.818400411737116,0.0010453870094073725,295.5941040051283,0.006151680250380043,
climode,19,pinn_statistical,pinn_statistical:kl_entropy,joint,climode/pinn_statistical:kl_entropy/vs_pinn_statistical,replace_statistical_loss,pinn_statistical,w2,kl_entropy,0.0,0.0,msl,Pa,24.0,True,314.3272492534194,-0.7408309332952854,-0.0006149046435258709,313.5864183201241,-0.002362445852291284,
climode,19,pinn_statistical,pinn_statistical:kl_entropy,joint,climode/pinn_statistical:kl_entropy/vs_pinn_statistical,replace_statistical_loss,pinn_statistical,w2,kl_entropy,0.0,0.0,msl,Pa,30.0,True,363.7932152832563,1.0473932919987874,0.0004553042320493139,364.8406085752551,0.0028708243199379035,
climode,19,pinn_statistical,pinn_statistical:kl_entropy,joint,climode/pinn_statistical:kl_entropy/vs_pinn_statistical,replace_statistical_loss,pinn_statistical,w2,kl_entropy,0.0,0.0,msl,Pa,36.0,True,392.679525789599,-0.49760008041562287,-0.001215383342999865,392.18192570918336,-0.001268799115399899,
climode,19,pinn_statistical,pinn_statistical:kl_entropy,joint,climode/pinn_statistical:kl_entropy/vs_pinn_statistical,replace_statistical_loss,pinn_statistical,w2,kl_entropy,0.0,0.0,msl,Pa,42.0,True,424.2021399939403,1.3590173494043256,0.00036426843097236983,425.56115734334463,0.0031934713165278072,
climode,19,pinn_statistical,pinn_statistical:kl_entropy,joint,climode/pinn_statistical:kl_entropy/vs_pinn_statistical,replace_statistical_loss,pinn_statistical,w2,kl_entropy,0.0,0.0,msl,Pa,48.0,True,441.1475404876201,1.7124536525959684,0.0007603057116445378,442.8599941402161,0.0038668059324721282,
climode,19,pinn_statistical,pinn_statistical:kl_entropy,joint,climode/pinn_statistical:kl_entropy/vs_pinn_statistical,replace_statistical_loss,pinn_statistical,w2,kl_entropy,0.0,0.0,msl,Pa,54.0,True,470.50380531664706,3.99409944472751,0.0031773969460671125,474.49790476137457,0.008417528095800875,
climode,19,pinn_statistical,pinn_statistical:kl_entropy,joint,climode/pinn_statistical:kl_entropy/vs_pinn_statistical,replace_statistical_loss,pinn_statistical,w2,kl_entropy,0.0,0.0,msl,Pa,60.0,True,490.8704688178265,4.717689040890775,0.0039027527779759152,495.5881578587173,0.009519374032814776,
climode,19,pinn_statistical,pinn_statistical:kl_entropy,joint,climode/pinn_statistical:kl_entropy/vs_pinn_statistical,replace_statistical_loss,pinn_statistical,w2,kl_entropy,0.0,0.0,msl,Pa,66.0,True,509.3457555045367,6.831172702757101,0.006712550304376119,516.1769282072938,0.013234169001861584,
climode,19,pinn_statistical,pinn_statistical:kl_entropy,joint,climode/pinn_statistical:kl_entropy/vs_pinn_statistical,replace_statistical_loss,pinn_statistical,w2,kl_entropy,0.0,0.0,msl,Pa,72.0,True,518.6469150713488,8.386535396914269,0.009418843355720186,527.033450468263,0.015912719371916406,
climode,19,pinn_statistical,pinn_statistical:kl_entropy,joint,climode/pinn_statistical:kl_entropy/vs_pinn_statistical,replace_statistical_loss,pinn_statistical,w2,kl_entropy,0.0,0.0,msl,Pa,78.0,True,538.2158564258718,8.869132691331174,0.009878493086496909,547.084989117203,0.016211617696992087,
climode,19,pinn_statistical,pinn_statistical:kl_entropy,joint,climode/pinn_statistical:kl_entropy/vs_pinn_statistical,replace_statistical_loss,pinn_statistical,w2,kl_entropy,0.0,0.0,msl,Pa,84.0,True,550.6265716506641,9.69387544483152,0.011061870856572176,560.3204470954956,0.017300592000668802,
climode,19,pinn_statistical,pinn_statistical:kl_entropy,joint,climode/pinn_statistical:kl_entropy/vs_pinn_statistical,replace_statistical_loss,pinn_statistical,w2,kl_entropy,0.0,0.0,msl,Pa,90.0,True,563.4879734845666,10.265111214922058,0.011685945308501533,573.7530846994887,0.017891165187022162,
climode,19,pinn_statistical,pinn_statistical:kl_entropy,joint,climode/pinn_statistical:kl_entropy/vs_pinn_statistical,replace_statistical_loss,pinn_statistical,w2,kl_entropy,0.0,0.0,msl,Pa,96.0,True,567.5023160114413,11.329322412789566,0.013817264292959819,578.8316384242308,0.019572742159761125,
climode,19,pinn_statistical,pinn_statistical:kl_entropy,joint,climode/pinn_statistical:kl_entropy/vs_pinn_statistical,replace_statistical_loss,pinn_statistical,w2,kl_entropy,0.0,0.0,msl,Pa,102.0,True,582.0281451593924,10.925038664435874,0.012182705932512361,592.9531838238282,0.018424791303054744,
climode,19,pinn_statistical,pinn_statistical:kl_entropy,joint,climode/pinn_statistical:kl_entropy/vs_pinn_statistical,replace_statistical_loss,pinn_statistical,w2,kl_entropy,0.0,0.0,msl,Pa,108.0,True,589.6014468649939,11.450594430262868,0.012815449047332228,601.0520412952568,0.019050920125962878,
climode,19,pinn_statistical,pinn_statistical:kl_entropy,joint,climode/pinn_statistical:kl_entropy/vs_pinn_statistical,replace_statistical_loss,pinn_statistical,w2,kl_entropy,0.0,0.0,msl,Pa,114.0,True,599.0051539382159,11.377985412817111,0.012292605815382107,610.383139351033,0.018640726912795058,
climode,19,pinn_statistical,pinn_statistical:kl_entropy,joint,climode/pinn_statistical:kl_entropy/vs_pinn_statistical,replace_statistical_loss,pinn_statistical,w2,kl_entropy,0.0,0.0,msl,Pa,120.0,True,600.8497979179599,11.87557203869585,0.014020807567927784,612.7253699566558,0.019381557580251507,
climode,19,pinn_statistical,pinn_statistical:kl_entropy,joint,climode/pinn_statistical:kl_entropy/vs_pinn_statistical,replace_statistical_loss,pinn_statistical,w2,kl_entropy,0.0,0.0,t2m,K,6.0,True,2.611805668453885,0.05292499182557098,0.0057553553552568415,2.664730660279456,0.01986129127962999,
climode,19,pinn_statistical,pinn_statistical:kl_entropy,joint,climode/pinn_statistical:kl_entropy/vs_pinn_statistical,replace_statistical_loss,pinn_statistical,w2,kl_entropy,0.0,0.0,t2m,K,12.0,True,3.11963405280259,-0.002020429465792173,-0.0017554590794440772,3.1176136233367977,-0.0006480692317574199,
climode,19,pinn_statistical,pinn_statistical:kl_entropy,joint,climode/pinn_statistical:kl_entropy/vs_pinn_statistical,replace_statistical_loss,pinn_statistical,w2,kl_entropy,0.0,0.0,t2m,K,18.0,True,2.569666808898332,0.025480704070877547,0.001996014138697433,2.5951475129692096,0.009818595645734285,
climode,19,pinn_statistical,pinn_statistical:kl_entropy,joint,climode/pinn_statistical:kl_entropy/vs_pinn_statistical,replace_statistical_loss,pinn_statistical,w2,kl_entropy,0.0,0.0,t2m,K,24.0,True,1.7690270731345845,0.12855656467744292,0.011397208975859163,1.8975836378120274,0.06774750905086457,
climode,19,pinn_statistical,pinn_statistical:kl_entropy,joint,climode/pinn_statistical:kl_entropy/vs_pinn_statistical,replace_statistical_loss,pinn_statistical,w2,kl_entropy,0.0,0.0,t2m,K,30.0,True,2.6344982703756616,0.03371966498783907,0.004042967461274749,2.6682179353635007,0.012637522797869005,
climode,19,pinn_statistical,pinn_statistical:kl_entropy,joint,climode/pinn_statistical:kl_entropy/vs_pinn_statistical,replace_statistical_loss,pinn_statistical,w2,kl_entropy,0.0,0.0,t2m,K,36.0,True,3.111718527705181,0.000570861387048538,-0.0016668938926400756,3.1122893890922296,0.00018342169242013817,
climode,19,pinn_statistical,pinn_statistical:kl_entropy,joint,climode/pinn_statistical:kl_entropy/vs_pinn_statistical,replace_statistical_loss,pinn_statistical,w2,kl_entropy,0.0,0.0,t2m,K,42.0,True,2.6118578956538103,0.03157584970179883,0.0032701773814618473,2.643433745355609,0.01194501271585724,
climode,19,pinn_statistical,pinn_statistical:kl_entropy,joint,climode/pinn_statistical:kl_entropy/vs_pinn_statistical,replace_statistical_loss,pinn_statistical,w2,kl_entropy,0.0,0.0,t2m,K,48.0,True,1.9705885254567606,0.11451461976577404,0.011584786461338092,2.0851031452225346,0.05492036210685991,
climode,19,pinn_statistical,pinn_statistical:kl_entropy,joint,climode/pinn_statistical:kl_entropy/vs_pinn_statistical,replace_statistical_loss,pinn_statistical,w2,kl_entropy,0.0,0.0,t2m,K,54.0,True,2.7170121618223817,0.043521514366474,0.005273498158696599,2.7605336761888557,0.0157656161712032,
climode,19,pinn_statistical,pinn_statistical:kl_entropy,joint,climode/pinn_statistical:kl_entropy/vs_pinn_statistical,replace_statistical_loss,pinn_statistical,w2,kl_entropy,0.0,0.0,t2m,K,60.0,True,3.11465646863138,0.030779093974453442,0.002076240821473063,3.1454355626058335,0.00978532014464617,
climode,19,pinn_statistical,pinn_statistical:kl_entropy,joint,climode/pinn_statistical:kl_entropy/vs_pinn_statistical,replace_statistical_loss,pinn_statistical,w2,kl_entropy,0.0,0.0,t2m,K,66.0,True,2.6715175136547322,0.05005500517662176,0.005920331306504156,2.721572518831354,0.018391942463512057,
climode,19,pinn_statistical,pinn_statistical:kl_entropy,joint,climode/pinn_statistical:kl_entropy/vs_pinn_statistical,replace_statistical_loss,pinn_statistical,w2,kl_entropy,0.0,0.0,t2m,K,72.0,True,2.1550878241410034,0.1054513633483749,0.011894298271846293,2.2605391874893783,0.04664876589265954,
climode,19,pinn_statistical,pinn_statistical:kl_entropy,joint,climode/pinn_statistical:kl_entropy/vs_pinn_statistical,replace_statistical_loss,pinn_statistical,w2,kl_entropy,0.0,0.0,t2m,K,78.0,True,2.777416712256294,0.05768984267334609,0.00725743944299051,2.83510655492964,0.020348386050265344,
climode,19,pinn_statistical,pinn_statistical:kl_entropy,joint,climode/pinn_statistical:kl_entropy/vs_pinn_statistical,replace_statistical_loss,pinn_statistical,w2,kl_entropy,0.0,0.0,t2m,K,84.0,True,3.1044902032215855,0.052910711104058095,0.005644474946005507,3.1574009143256436,0.01675767903404146,
climode,19,pinn_statistical,pinn_statistical:kl_entropy,joint,climode/pinn_statistical:kl_entropy/vs_pinn_statistical,replace_statistical_loss,pinn_statistical,w2,kl_entropy,0.0,0.0,t2m,K,90.0,True,2.7088997480259933,0.058038460976354234,0.007516475698799097,2.7669382090023475,0.0209756982600926,
climode,19,pinn_statistical,pinn_statistical:kl_entropy,joint,climode/pinn_statistical:kl_entropy/vs_pinn_statistical,replace_statistical_loss,pinn_statistical,w2,kl_entropy,0.0,0.0,t2m,K,96.0,True,2.2812036406345664,0.09638184130895411,0.01236585162382331,2.3775854819435205,0.0405376976100007,
climode,19,pinn_statistical,pinn_statistical:kl_entropy,joint,climode/pinn_statistical:kl_entropy/vs_pinn_statistical,replace_statistical_loss,pinn_statistical,w2,kl_entropy,0.0,0.0,t2m,K,102.0,True,2.808120637023394,0.06986906673828264,0.009584881836082637,2.877989703761677,0.024277038464369904,
climode,19,pinn_statistical,pinn_statistical:kl_entropy,joint,climode/pinn_statistical:kl_entropy/vs_pinn_statistical,replace_statistical_loss,pinn_statistical,w2,kl_entropy,0.0,0.0,t2m,K,108.0,True,3.08252109263434,0.06586194559046943,0.008367445856018008,3.1483830382248095,0.02091929247198754,
climode,19,pinn_statistical,pinn_statistical:kl_entropy,joint,climode/pinn_statistical:kl_entropy/vs_pinn_statistical,replace_statistical_loss,pinn_statistical,w2,kl_entropy,0.0,0.0,t2m,K,114.0,True,2.726468940807222,0.06444958616439056,0.008548531512608815,2.7909185269716126,0.023092607520264652,
climode,19,pinn_statistical,pinn_statistical:kl_entropy,joint,climode/pinn_statistical:kl_entropy/vs_pinn_statistical,replace_statistical_loss,pinn_statistical,w2,kl_entropy,0.0,0.0,t2m,K,120.0,True,2.3725855045472315,0.09168427353893671,0.01286876546005522,2.464269778086168,0.037205453053172466,
climode,19,pinn_statistical,pinn_statistical:kl_entropy,joint,climode/pinn_statistical:kl_entropy/vs_pinn_statistical,replace_statistical_loss,pinn_statistical,w2,kl_entropy,0.0,0.0,u10,m s**-1,6.0,True,1.2622339741095112,-0.06430612533495772,-0.00913591182850515,1.1979278487745535,-0.0536811339687453,
climode,19,pinn_statistical,pinn_statistical:kl_entropy,joint,climode/pinn_statistical:kl_entropy/vs_pinn_statistical,replace_statistical_loss,pinn_statistical,w2,kl_entropy,0.0,0.0,u10,m s**-1,12.0,True,1.3747079169220373,-0.04960132135665796,-0.008368292012832512,1.3251065955653794,-0.03743194813357231,
climode,19,pinn_statistical,pinn_statistical:kl_entropy,joint,climode/pinn_statistical:kl_entropy/vs_pinn_statistical,replace_statistical_loss,pinn_statistical,w2,kl_entropy,0.0,0.0,u10,m s**-1,18.0,True,1.5462997805633172,-0.039152344206436096,-0.007858963669213681,1.507147436356881,-0.025977779785815835,
climode,19,pinn_statistical,pinn_statistical:kl_entropy,joint,climode/pinn_statistical:kl_entropy/vs_pinn_statistical,replace_statistical_loss,pinn_statistical,w2,kl_entropy,0.0,0.0,u10,m s**-1,24.0,True,1.6855648784063606,-0.03430234269477639,-0.007776362268445913,1.6512625357115842,-0.020773403352238207,
climode,19,pinn_statistical,pinn_statistical:kl_entropy,joint,climode/pinn_statistical:kl_entropy/vs_pinn_statistical,replace_statistical_loss,pinn_statistical,w2,kl_entropy,0.0,0.0,u10,m s**-1,30.0,True,1.8376503708324379,-0.030347643631514876,-0.007657860861106536,1.807302727200923,-0.016791676997309768,
climode,19,pinn_statistical,pinn_statistical:kl_entropy,joint,climode/pinn_statistical:kl_entropy/vs_pinn_statistical,replace_statistical_loss,pinn_statistical,w2,kl_entropy,0.0,0.0,u10,m s**-1,36.0,True,1.964349794680447,-0.023037205782314274,-0.006250651270594099,1.9413125888981326,-0.011866819343808066,
climode,19,pinn_statistical,pinn_statistical:kl_entropy,joint,climode/pinn_statistical:kl_entropy/vs_pinn_statistical,replace_statistical_loss,pinn_statistical,w2,kl_entropy,0.0,0.0,u10,m s**-1,42.0,True,2.072155674475573,-0.014252915882153161,-0.004051656185305785,2.05790275859342,-0.00692594235691435,
climode,19,pinn_statistical,pinn_statistical:kl_entropy,joint,climode/pinn_statistical:kl_entropy/vs_pinn_statistical,replace_statistical_loss,pinn_statistical,w2,kl_entropy,0.0,0.0,u10,m s**-1,48.0,True,2.158042511897335,-0.008600800993089575,-0.0023952942876553918,2.1494417109042456,-0.004001411598861804,
climode,19,pinn_statistical,pinn_statistical:kl_entropy,joint,climode/pinn_statistical:kl_entropy/vs_pinn_statistical,replace_statistical_loss,pinn_statistical,w2,kl_entropy,0.0,0.0,u10,m s**-1,54.0,True,2.2460802320870217,-0.001395427116564818,0.00017445793756654115,2.244684804970457,-0.0006216583787064245,
climode,19,pinn_statistical,pinn_statistical:kl_entropy,joint,climode/pinn_statistical:kl_entropy/vs_pinn_statistical,replace_statistical_loss,pinn_statistical,w2,kl_entropy,0.0,0.0,u10,m s**-1,60.0,True,2.3218680876668105,0.006675044952374254,0.003461090724659943,2.3285431326191848,0.00286661855598358,
climode,19,pinn_statistical,pinn_statistical:kl_entropy,joint,climode/pinn_statistical:kl_entropy/vs_pinn_statistical,replace_statistical_loss,pinn_statistical,w2,kl_entropy,0.0,0.0,u10,m s**-1,66.0,True,2.3889780675419736,0.015112162287315822,0.007164074403526732,2.4040902298292894,0.006286021256526997,
climode,19,pinn_statistical,pinn_statistical:kl_entropy,joint,climode/pinn_statistical:kl_entropy/vs_pinn_statistical,replace_statistical_loss,pinn_statistical,w2,kl_entropy,0.0,0.0,u10,m s**-1,72.0,True,2.4390556521210534,0.02000961457177164,0.009514935244049894,2.459065266692825,0.008137081533700963,
climode,19,pinn_statistical,pinn_statistical:kl_entropy,joint,climode/pinn_statistical:kl_entropy/vs_pinn_statistical,replace_statistical_loss,pinn_statistical,w2,kl_entropy,0.0,0.0,u10,m s**-1,78.0,True,2.4934336025474524,0.02430721491872978,0.011799916993555537,2.517740817466182,0.00965437536306546,
climode,19,pinn_statistical,pinn_statistical:kl_entropy,joint,climode/pinn_statistical:kl_entropy/vs_pinn_statistical,replace_statistical_loss,pinn_statistical,w2,kl_entropy,0.0,0.0,u10,m s**-1,84.0,True,2.5373833700494735,0.029110296162716764,0.014335837845145583,2.56649366621219,0.01134243834144344,
climode,19,pinn_statistical,pinn_statistical:kl_entropy,joint,climode/pinn_statistical:kl_entropy/vs_pinn_statistical,replace_statistical_loss,pinn_statistical,w2,kl_entropy,0.0,0.0,u10,m s**-1,90.0,True,2.5806770533272996,0.03247476147152639,0.016249452344079485,2.613151814798826,0.012427430081794366,
climode,19,pinn_statistical,pinn_statistical:kl_entropy,joint,climode/pinn_statistical:kl_entropy/vs_pinn_statistical,replace_statistical_loss,pinn_statistical,w2,kl_entropy,0.0,0.0,u10,m s**-1,96.0,True,2.608621300002634,0.03365698999401667,0.016951578122337607,2.642278289996651,0.012737867211579545,
climode,19,pinn_statistical,pinn_statistical:kl_entropy,joint,climode/pinn_statistical:kl_entropy/vs_pinn_statistical,replace_statistical_loss,pinn_statistical,w2,kl_entropy,0.0,0.0,u10,m s**-1,102.0,True,2.64413833858538,0.033714783197283715,0.017374418605353992,2.6778531217826638,0.012590228688435179,
climode,19,pinn_statistical,pinn_statistical:kl_entropy,joint,climode/pinn_statistical:kl_entropy/vs_pinn_statistical,replace_statistical_loss,pinn_statistical,w2,kl_entropy,0.0,0.0,u10,m s**-1,108.0,True,2.6713093488864295,0.03594092059712839,0.01882956615956105,2.707250269483558,0.01327580275907947,
climode,19,pinn_statistical,pinn_statistical:kl_entropy,joint,climode/pinn_statistical:kl_entropy/vs_pinn_statistical,replace_statistical_loss,pinn_statistical,w2,kl_entropy,0.0,0.0,u10,m s**-1,114.0,True,2.7002675898531376,0.0379146894066289,0.020333502975741102,2.7381822792597665,0.013846663786341695,
climode,19,pinn_statistical,pinn_statistical:kl_entropy,joint,climode/pinn_statistical:kl_entropy/vs_pinn_statistical,replace_statistical_loss,pinn_statistical,w2,kl_entropy,0.0,0.0,u10,m s**-1,120.0,True,2.7171599022118773,0.03950480172126847,0.021495535779855246,2.7566647039331458,0.014330651698374441,
climode,19,pinn_statistical,pinn_statistical:kl_entropy,joint,climode/pinn_statistical:kl_entropy/vs_pinn_statistical,replace_statistical_loss,pinn_statistical,w2,kl_entropy,0.0,0.0,v10,m s**-1,6.0,True,1.376790202817612,-0.04954592335208985,-0.007648633422426276,1.3272442794655221,-0.03732992043638106,
climode,19,pinn_statistical,pinn_statistical:kl_entropy,joint,climode/pinn_statistical:kl_entropy/vs_pinn_statistical,replace_statistical_loss,pinn_statistical,w2,kl_entropy,0.0,0.0,v10,m s**-1,12.0,True,1.505412001496689,-0.042366411337075194,-0.007968754426480484,1.4630455901596138,-0.028957683630660647,
climode,19,pinn_statistical,pinn_statistical:kl_entropy,joint,climode/pinn_statistical:kl_entropy/vs_pinn_statistical,replace_statistical_loss,pinn_statistical,w2,kl_entropy,0.0,0.0,v10,m s**-1,18.0,True,1.7025708372125097,-0.040789386596607136,-0.009073266115754985,1.6617814506159025,-0.024545578229609788,
climode,19,pinn_statistical,pinn_statistical:kl_entropy,joint,climode/pinn_statistical:kl_entropy/vs_pinn_statistical,replace_statistical_loss,pinn_statistical,w2,kl_entropy,0.0,0.0,v10,m s**-1,24.0,True,1.8634642031241497,-0.03727489638455683,-0.009527300109067105,1.826189306739593,-0.020411299226752222,
climode,19,pinn_statistical,pinn_statistical:kl_entropy,joint,climode/pinn_statistical:kl_entropy/vs_pinn_statistical,replace_statistical_loss,pinn_statistical,w2,kl_entropy,0.0,0.0,v10,m s**-1,30.0,True,2.017951213153023,-0.03386232443327808,-0.00994251570093252,1.9840888887197448,-0.01706693920105984,
climode,19,pinn_statistical,pinn_statistical:kl_entropy,joint,climode/pinn_statistical:kl_entropy/vs_pinn_statistical,replace_statistical_loss,pinn_statistical,w2,kl_entropy,0.0,0.0,v10,m s**-1,36.0,True,2.151662305818288,-0.02833319129659806,-0.00955359303279868,2.12332911452169,-0.013343758677269557,
climode,19,pinn_statistical,pinn_statistical:kl_entropy,joint,climode/pinn_statistical:kl_entropy/vs_pinn_statistical,replace_statistical_loss,pinn_statistical,w2,kl_entropy,0.0,0.0,v10,m s**-1,42.0,True,2.269724144110669,-0.021746262524361182,-0.008469888747760446,2.2479778815863076,-0.009673699506783207,
climode,19,pinn_statistical,pinn_statistical:kl_entropy,joint,climode/pinn_statistical:kl_entropy/vs_pinn_statistical,replace_statistical_loss,pinn_statistical,w2,kl_entropy,0.0,0.0,v10,m s**-1,48.0,True,2.368909430107408,-0.013337493800553712,-0.0064497245069601306,2.355571936306854,-0.005662104219777975,
climode,19,pinn_statistical,pinn_statistical:kl_entropy,joint,climode/pinn_statistical:kl_entropy/vs_pinn_statistical,replace_statistical_loss,pinn_statistical,w2,kl_entropy,0.0,0.0,v10,m s**-1,54.0,True,2.4596977639092077,-0.004755480063938666,-0.004094420530806775,2.454942283845269,-0.0019371046298042316,
climode,19,pinn_statistical,pinn_statistical:kl_entropy,joint,climode/pinn_statistical:kl_entropy/vs_pinn_statistical,replace_statistical_loss,pinn_statistical,w2,kl_entropy,0.0,0.0,v10,m s**-1,60.0,True,2.5392210969380455,0.0029033958251956093,-0.0017268482504404492,2.542124492763241,0.0011421139418863469,
climode,19,pinn_statistical,pinn_statistical:kl_entropy,joint,climode/pinn_statistical:kl_entropy/vs_pinn_statistical,replace_statistical_loss,pinn_statistical,w2,kl_entropy,0.0,0.0,v10,m s**-1,66.0,True,2.607744445610046,0.011229436858774644,0.001188850888378834,2.6189738824688207,0.00428772388069365,
climode,19,pinn_statistical,pinn_statistical:kl_entropy,joint,climode/pinn_statistical:kl_entropy/vs_pinn_statistical,replace_statistical_loss,pinn_statistical,w2,kl_entropy,0.0,0.0,v10,m s**-1,72.0,True,2.6654361296681444,0.017149350043369704,0.003358987247889189,2.682585479711514,0.00639284383408123,
climode,19,pinn_statistical,pinn_statistical:kl_entropy,joint,climode/pinn_statistical:kl_entropy/vs_pinn_statistical,replace_statistical_loss,pinn_statistical,w2,kl_entropy,0.0,0.0,v10,m s**-1,78.0,True,2.713922750741824,0.022608656653123393,0.005301399080034241,2.7365314073949474,0.008261793229205394,
climode,19,pinn_statistical,pinn_statistical:kl_entropy,joint,climode/pinn_statistical:kl_entropy/vs_pinn_statistical,replace_statistical_loss,pinn_statistical,w2,kl_entropy,0.0,0.0,v10,m s**-1,84.0,True,2.758733333497623,0.02509633664520372,0.005940955872685116,2.783829670142827,0.009015040293006149,
climode,19,pinn_statistical,pinn_statistical:kl_entropy,joint,climode/pinn_statistical:kl_entropy/vs_pinn_statistical,replace_statistical_loss,pinn_statistical,w2,kl_entropy,0.0,0.0,v10,m s**-1,90.0,True,2.795231569971319,0.02877289539192196,0.0072843623046696115,2.824004465363241,0.010188686223702947,
climode,19,pinn_statistical,pinn_statistical:kl_entropy,joint,climode/pinn_statistical:kl_entropy/vs_pinn_statistical,replace_statistical_loss,pinn_statistical,w2,kl_entropy,0.0,0.0,v10,m s**-1,96.0,True,2.8292053165483138,0.029801846340874683,0.007443952786103714,2.8590071628891884,0.010423844587628905,
climode,19,pinn_statistical,pinn_statistical:kl_entropy,joint,climode/pinn_statistical:kl_entropy/vs_pinn_statistical,replace_statistical_loss,pinn_statistical,w2,kl_entropy,0.0,0.0,v10,m s**-1,102.0,True,2.855101977237264,0.03134439464802208,0.007945593127638317,2.886446371885286,0.010859164041059022,
climode,19,pinn_statistical,pinn_statistical:kl_entropy,joint,climode/pinn_statistical:kl_entropy/vs_pinn_statistical,replace_statistical_loss,pinn_statistical,w2,kl_entropy,0.0,0.0,v10,m s**-1,108.0,True,2.8822210693143218,0.031869263985154106,0.008015027881612624,2.914090333299476,0.01093626495410327,
climode,19,pinn_statistical,pinn_statistical:kl_entropy,joint,climode/pinn_statistical:kl_entropy/vs_pinn_statistical,replace_statistical_loss,pinn_statistical,w2,kl_entropy,0.0,0.0,v10,m s**-1,114.0,True,2.903325592237954,0.0341384855778597,0.009414241020266001,2.9374640778158136,0.011621754232053028,
climode,19,pinn_statistical,pinn_statistical:kl_entropy,joint,climode/pinn_statistical:kl_entropy/vs_pinn_statistical,replace_statistical_loss,pinn_statistical,w2,kl_entropy,0.0,0.0,v10,m s**-1,120.0,True,2.9248435965010726,0.03499776367081697,0.010235439253604761,2.9598413601718896,0.011824202520362315,
climode,43,pinn_statistical,pinn_statistical:kl_entropy,joint,climode/pinn_statistical:kl_entropy/vs_pinn_statistical,replace_statistical_loss,pinn_statistical,w2,kl_entropy,0.0,0.0,msl,Pa,6.0,True,233.67544737202215,-0.9540633003621792,-0.002159250915569788,232.72138407165997,-0.004099594475032831,
climode,43,pinn_statistical,pinn_statistical:kl_entropy,joint,climode/pinn_statistical:kl_entropy/vs_pinn_statistical,replace_statistical_loss,pinn_statistical,w2,kl_entropy,0.0,0.0,msl,Pa,12.0,True,247.30665073329249,-6.391511776249388,-0.004065968261455666,240.9151389570431,-0.02653013755764455,
climode,43,pinn_statistical,pinn_statistical:kl_entropy,joint,climode/pinn_statistical:kl_entropy/vs_pinn_statistical,replace_statistical_loss,pinn_statistical,w2,kl_entropy,0.0,0.0,msl,Pa,18.0,True,287.5085417951857,3.068718831097499,0.00237133380708332,290.5772606262832,0.010560767296392992,
climode,43,pinn_statistical,pinn_statistical:kl_entropy,joint,climode/pinn_statistical:kl_entropy/vs_pinn_statistical,replace_statistical_loss,pinn_statistical,w2,kl_entropy,0.0,0.0,msl,Pa,24.0,True,313.4707831568307,3.5287876608693978,0.0025340198766184985,316.9995708177001,0.011131837345290108,
climode,43,pinn_statistical,pinn_statistical:kl_entropy,joint,climode/pinn_statistical:kl_entropy/vs_pinn_statistical,replace_statistical_loss,pinn_statistical,w2,kl_entropy,0.0,0.0,msl,Pa,30.0,True,346.39046534290634,8.174953133966767,0.006342471292344554,354.5654184768731,0.023056261857358762,
climode,43,pinn_statistical,pinn_statistical:kl_entropy,joint,climode/pinn_statistical:kl_entropy/vs_pinn_statistical,replace_statistical_loss,pinn_statistical,w2,kl_entropy,0.0,0.0,msl,Pa,36.0,True,377.4877010653866,4.02619364475629,0.0027161353583828873,381.5138947101429,0.010553203174461623,
climode,43,pinn_statistical,pinn_statistical:kl_entropy,joint,climode/pinn_statistical:kl_entropy/vs_pinn_statistical,replace_statistical_loss,pinn_statistical,w2,kl_entropy,0.0,0.0,msl,Pa,42.0,True,411.1408303346807,4.72829754858094,0.003994976958688334,415.8691278832616,0.01136967673615874,
climode,43,pinn_statistical,pinn_statistical:kl_entropy,joint,climode/pinn_statistical:kl_entropy/vs_pinn_statistical,replace_statistical_loss,pinn_statistical,w2,kl_entropy,0.0,0.0,msl,Pa,48.0,True,436.97439492297167,1.2269434298629562,0.0007262246928604332,438.2013383528346,0.0027999536342698805,
climode,43,pinn_statistical,pinn_statistical:kl_entropy,joint,climode/pinn_statistical:kl_entropy/vs_pinn_statistical,replace_statistical_loss,pinn_statistical,w2,kl_entropy,0.0,0.0,msl,Pa,54.0,True,462.44957849639894,4.978146081209331,0.005648759208540244,467.4277245776083,0.010650087317152224,
climode,43,pinn_statistical,pinn_statistical:kl_entropy,joint,climode/pinn_statistical:kl_entropy/vs_pinn_statistical,replace_statistical_loss,pinn_statistical,w2,kl_entropy,0.0,0.0,msl,Pa,60.0,True,485.9876186273573,3.4164521903978766,0.0046178095147279,489.40407081775516,0.006980841382641656,
climode,43,pinn_statistical,pinn_statistical:kl_entropy,joint,climode/pinn_statistical:kl_entropy/vs_pinn_statistical,replace_statistical_loss,pinn_statistical,w2,kl_entropy,0.0,0.0,msl,Pa,66.0,True,508.87464895166204,3.4017563504485224,0.005835882999122521,512.2764053021106,0.00664047048671379,
climode,43,pinn_statistical,pinn_statistical:kl_entropy,joint,climode/pinn_statistical:kl_entropy/vs_pinn_statistical,replace_statistical_loss,pinn_statistical,w2,kl_entropy,0.0,0.0,msl,Pa,72.0,True,526.4535757666646,1.7798246327241714,0.0039025349976161694,528.2334003993888,0.003369390559889718,
climode,43,pinn_statistical,pinn_statistical:kl_entropy,joint,climode/pinn_statistical:kl_entropy/vs_pinn_statistical,replace_statistical_loss,pinn_statistical,w2,kl_entropy,0.0,0.0,msl,Pa,78.0,True,543.5364806818984,4.005225940322475,0.007109505739935407,547.5417066222209,0.007314923944388929,
climode,43,pinn_statistical,pinn_statistical:kl_entropy,joint,climode/pinn_statistical:kl_entropy/vs_pinn_statistical,replace_statistical_loss,pinn_statistical,w2,kl_entropy,0.0,0.0,msl,Pa,84.0,True,559.1443332684316,2.832612001533903,0.006177421283879658,561.9769452699655,0.005040441650454475,
climode,43,pinn_statistical,pinn_statistical:kl_entropy,joint,climode/pinn_statistical:kl_entropy/vs_pinn_statistical,replace_statistical_loss,pinn_statistical,w2,kl_entropy,0.0,0.0,msl,Pa,90.0,True,575.8759551027517,1.8955857039239845,0.005089858049421192,577.7715408066757,0.0032808568266921023,
climode,43,pinn_statistical,pinn_statistical:kl_entropy,joint,climode/pinn_statistical:kl_entropy/vs_pinn_statistical,replace_statistical_loss,pinn_statistical,w2,kl_entropy,0.0,0.0,msl,Pa,96.0,True,587.2038475933442,0.4977649139040068,0.003201505602765553,587.7016125072482,0.0008469687734570241,
climode,43,pinn_statistical,pinn_statistical:kl_entropy,joint,climode/pinn_statistical:kl_entropy/vs_pinn_statistical,replace_statistical_loss,pinn_statistical,w2,kl_entropy,0.0,0.0,msl,Pa,102.0,True,598.8810264680594,2.315079528085448,0.005447654557341419,601.1961059961449,0.0038507892932032606,
climode,43,pinn_statistical,pinn_statistical:kl_entropy,joint,climode/pinn_statistical:kl_entropy/vs_pinn_statistical,replace_statistical_loss,pinn_statistical,w2,kl_entropy,0.0,0.0,msl,Pa,108.0,True,608.436202409121,3.3035444480630076,0.007626042969059443,611.7397468571841,0.005400244899951279,
climode,43,pinn_statistical,pinn_statistical:kl_entropy,joint,climode/pinn_statistical:kl_entropy/vs_pinn_statistical,replace_statistical_loss,pinn_statistical,w2,kl_entropy,0.0,0.0,msl,Pa,114.0,True,619.5045906536835,3.779993477199014,0.008440355568375357,623.2845841308825,0.0060646349571920055,
climode,43,pinn_statistical,pinn_statistical:kl_entropy,joint,climode/pinn_statistical:kl_entropy/vs_pinn_statistical,replace_statistical_loss,pinn_statistical,w2,kl_entropy,0.0,0.0,msl,Pa,120.0,True,626.5041269669483,4.244545922676025,0.009021244557838481,630.7486728896243,0.006729377492354693,
climode,43,pinn_statistical,pinn_statistical:kl_entropy,joint,climode/pinn_statistical:kl_entropy/vs_pinn_statistical,replace_statistical_loss,pinn_statistical,w2,kl_entropy,0.0,0.0,t2m,K,6.0,True,2.1700622075351403,0.1883013000317857,0.02219653557731005,2.358363507566926,0.0798440526354871,
climode,43,pinn_statistical,pinn_statistical:kl_entropy,joint,climode/pinn_statistical:kl_entropy/vs_pinn_statistical,replace_statistical_loss,pinn_statistical,w2,kl_entropy,0.0,0.0,t2m,K,12.0,True,2.529253163981725,0.07193977398642692,0.01321805723044489,2.6011929379681518,0.027656454443022116,
climode,43,pinn_statistical,pinn_statistical:kl_entropy,joint,climode/pinn_statistical:kl_entropy/vs_pinn_statistical,replace_statistical_loss,pinn_statistical,w2,kl_entropy,0.0,0.0,t2m,K,18.0,True,2.507071261288346,0.011813112737315112,-0.0011942623175951184,2.518884374025661,0.004689819373660087,
climode,43,pinn_statistical,pinn_statistical:kl_entropy,joint,climode/pinn_statistical:kl_entropy/vs_pinn_statistical,replace_statistical_loss,pinn_statistical,w2,kl_entropy,0.0,0.0,t2m,K,24.0,True,2.213008735349205,0.08407386289303886,0.006652323507846947,2.297082598242244,0.03660027852606307,
climode,43,pinn_statistical,pinn_statistical:kl_entropy,joint,climode/pinn_statistical:kl_entropy/vs_pinn_statistical,replace_statistical_loss,pinn_statistical,w2,kl_entropy,0.0,0.0,t2m,K,30.0,True,2.233590570130044,0.1745209420241558,0.014054759933271654,2.4081115121542,0.07247211814872989,
climode,43,pinn_statistical,pinn_statistical:kl_entropy,joint,climode/pinn_statistical:kl_entropy/vs_pinn_statistical,replace_statistical_loss,pinn_statistical,w2,kl_entropy,0.0,0.0,t2m,K,36.0,True,2.217988208567933,0.1752146033123232,0.018189934882681946,2.3932028118802564,0.07321343700689664,
climode,43,pinn_statistical,pinn_statistical:kl_entropy,joint,climode/pinn_statistical:kl_entropy/vs_pinn_statistical,replace_statistical_loss,pinn_statistical,w2,kl_entropy,0.0,0.0,t2m,K,42.0,True,2.037433404252743,0.12731822612776034,0.014063582650949091,2.1647516303805032,0.05881424193933105,
climode,43,pinn_statistical,pinn_statistical:kl_entropy,joint,climode/pinn_statistical:kl_entropy/vs_pinn_statistical,replace_statistical_loss,pinn_statistical,w2,kl_entropy,0.0,0.0,t2m,K,48.0,True,1.8806396191762194,-0.017245825332935505,0.0009354916393201629,1.8633937938432839,-0.009255062129065905,
climode,43,pinn_statistical,pinn_statistical:kl_entropy,joint,climode/pinn_statistical:kl_entropy/vs_pinn_statistical,replace_statistical_loss,pinn_statistical,w2,kl_entropy,0.0,0.0,t2m,K,54.0,True,2.10051033670766,-0.028998005788498205,-0.002423093353015826,2.0715123309191616,-0.013998471240396215,
climode,43,pinn_statistical,pinn_statistical:kl_entropy,joint,climode/pinn_statistical:kl_entropy/vs_pinn_statistical,replace_statistical_loss,pinn_statistical,w2,kl_entropy,0.0,0.0,t2m,K,60.0,True,2.2717512472461827,-0.00805180949201345,-0.0014662441982172814,2.2636994377541693,-0.003556925163175295,
climode,43,pinn_statistical,pinn_statistical:kl_entropy,joint,climode/pinn_statistical:kl_entropy/vs_pinn_statistical,replace_statistical_loss,pinn_statistical,w2,kl_entropy,0.0,0.0,t2m,K,66.0,True,2.2871036906190008,-0.09009596607209236,-0.00521503659709599,2.1970077245469084,-0.0410084885298585,
climode,43,pinn_statistical,pinn_statistical:kl_entropy,joint,climode/pinn_statistical:kl_entropy/vs_pinn_statistical,replace_statistical_loss,pinn_statistical,w2,kl_entropy,0.0,0.0,t2m,K,72.0,True,2.1877177044883833,-0.12475565170314695,-0.00727303083769415,2.0629620527852364,-0.06047404097167597,
climode,43,pinn_statistical,pinn_statistical:kl_entropy,joint,climode/pinn_statistical:kl_entropy/vs_pinn_statistical,replace_statistical_loss,pinn_statistical,w2,kl_entropy,0.0,0.0,t2m,K,78.0,True,2.3089974990327917,-0.05261245124187797,-0.004986225469365668,2.2563850477909138,-0.023317142299532412,
climode,43,pinn_statistical,pinn_statistical:kl_entropy,joint,climode/pinn_statistical:kl_entropy/vs_pinn_statistical,replace_statistical_loss,pinn_statistical,w2,kl_entropy,0.0,0.0,t2m,K,84.0,True,2.406838468182841,-0.007160853978671611,-0.0018165518050399232,2.3996776142041694,-0.0029840900028759165,
climode,43,pinn_statistical,pinn_statistical:kl_entropy,joint,climode/pinn_statistical:kl_entropy/vs_pinn_statistical,replace_statistical_loss,pinn_statistical,w2,kl_entropy,0.0,0.0,t2m,K,90.0,True,2.351551470773631,-0.02359136257182115,-0.000690546124393232,2.3279601082018098,-0.010133920460537293,
climode,43,pinn_statistical,pinn_statistical:kl_entropy,joint,climode/pinn_statistical:kl_entropy/vs_pinn_statistical,replace_statistical_loss,pinn_statistical,w2,kl_entropy,0.0,0.0,t2m,K,96.0,True,2.2441137207096125,-0.04537121079099604,-0.0022071182683561785,2.1987425099186164,-0.02063507235900741,
climode,43,pinn_statistical,pinn_statistical:kl_entropy,joint,climode/pinn_statistical:kl_entropy/vs_pinn_statistical,replace_statistical_loss,pinn_statistical,w2,kl_entropy,0.0,0.0,t2m,K,102.0,True,2.3794772746409136,-0.014080880833784004,-0.0012142114907819357,2.3653963938071296,-0.0059528630679615,
climode,43,pinn_statistical,pinn_statistical:kl_entropy,joint,climode/pinn_statistical:kl_entropy/vs_pinn_statistical,replace_statistical_loss,pinn_statistical,w2,kl_entropy,0.0,0.0,t2m,K,108.0,True,2.49384541822194,0.011810780978292357,0.0010671479933792583,2.5056561992002324,0.004713647858817227,
climode,43,pinn_statistical,pinn_statistical:kl_entropy,joint,climode/pinn_statistical:kl_entropy/vs_pinn_statistical,replace_statistical_loss,pinn_statistical,w2,kl_entropy,0.0,0.0,t2m,K,114.0,True,2.4563217272138727,-0.03253603652917203,-0.0010018743489261794,2.4237856906847006,-0.013423644117636746,
climode,43,pinn_statistical,pinn_statistical:kl_entropy,joint,climode/pinn_statistical:kl_entropy/vs_pinn_statistical,replace_statistical_loss,pinn_statistical,w2,kl_entropy,0.0,0.0,t2m,K,120.0,True,2.358006669968039,-0.048776172385365246,-0.003229219232937619,2.3092304975826736,-0.021122262345151244,
climode,43,pinn_statistical,pinn_statistical:kl_entropy,joint,climode/pinn_statistical:kl_entropy/vs_pinn_statistical,replace_statistical_loss,pinn_statistical,w2,kl_entropy,0.0,0.0,u10,m s**-1,6.0,True,1.1418467478698884,0.0068346736857516355,0.0013208588578768055,1.14868142155564,0.005950016738753838,
climode,43,pinn_statistical,pinn_statistical:kl_entropy,joint,climode/pinn_statistical:kl_entropy/vs_pinn_statistical,replace_statistical_loss,pinn_statistical,w2,kl_entropy,0.0,0.0,u10,m s**-1,12.0,True,1.2733698010781904,0.0005747273162846067,0.0001841108545130865,1.273944528394475,0.0004511399856702569,
climode,43,pinn_statistical,pinn_statistical:kl_entropy,joint,climode/pinn_statistical:kl_entropy/vs_pinn_statistical,replace_statistical_loss,pinn_statistical,w2,kl_entropy,0.0,0.0,u10,m s**-1,18.0,True,1.456033837455054,4.141569433668835e-05,9.815173677885092e-05,1.4560752531493908,2.8443374919695508e-05,
climode,43,pinn_statistical,pinn_statistical:kl_entropy,joint,climode/pinn_statistical:kl_entropy/vs_pinn_statistical,replace_statistical_loss,pinn_statistical,w2,kl_entropy,0.0,0.0,u10,m s**-1,24.0,True,1.6168884048171555,-0.00585712089696,-0.0012670497422896387,1.6110312839201955,-0.003635634487933359,
climode,43,pinn_statistical,pinn_statistical:kl_entropy,joint,climode/pinn_statistical:kl_entropy/vs_pinn_statistical,replace_statistical_loss,pinn_statistical,w2,kl_entropy,0.0,0.0,u10,m s**-1,30.0,True,1.7774106309588718,-0.005646008132047076,-0.001444286651988369,1.7717646228268247,-0.0031866581256367876,
climode,43,pinn_statistical,pinn_statistical:kl_entropy,joint,climode/pinn_statistical:kl_entropy/vs_pinn_statistical,replace_statistical_loss,pinn_statistical,w2,kl_entropy,0.0,0.0,u10,m s**-1,36.0,True,1.917523151530018,-0.006115477604870856,-0.0017462169387505444,1.911407673925147,-0.0031994627249312124,
climode,43,pinn_statistical,pinn_statistical:kl_entropy,joint,climode/pinn_statistical:kl_entropy/vs_pinn_statistical,replace_statistical_loss,pinn_statistical,w2,kl_entropy,0.0,0.0,u10,m s**-1,42.0,True,2.040912397672864,-0.006039294423768826,-0.0020401006161470114,2.034873103249095,-0.0029678973170985667,
climode,43,pinn_statistical,pinn_statistical:kl_entropy,joint,climode/pinn_statistical:kl_entropy/vs_pinn_statistical,replace_statistical_loss,pinn_statistical,w2,kl_entropy,0.0,0.0,u10,m s**-1,48.0,True,2.147533700547773,-0.007429982422291204,-0.003009120916822594,2.1401037181254816,-0.0034717861379163217,
climode,43,pinn_statistical,pinn_statistical:kl_entropy,joint,climode/pinn_statistical:kl_entropy/vs_pinn_statistical,replace_statistical_loss,pinn_statistical,w2,kl_entropy,0.0,0.0,u10,m s**-1,54.0,True,2.247584736729043,-0.005799108305000189,-0.002859865113354454,2.2417856284240427,-0.0025868255338388213,
climode,43,pinn_statistical,pinn_statistical:kl_entropy,joint,climode/pinn_statistical:kl_entropy/vs_pinn_statistical,replace_statistical_loss,pinn_statistical,w2,kl_entropy,0.0,0.0,u10,m s**-1,60.0,True,2.3391358301008283,-0.00546063737418967,-0.0030819386448386332,2.3336751927266386,-0.002339930334439355,
climode,43,pinn_statistical,pinn_statistical:kl_entropy,joint,climode/pinn_statistical:kl_entropy/vs_pinn_statistical,replace_statistical_loss,pinn_statistical,w2,kl_entropy,0.0,0.0,u10,m s**-1,66.0,True,2.418764962206205,-0.006512758623567372,-0.0037214046578355475,2.4122522035826375,-0.0026998663795994027,
climode,43,pinn_statistical,pinn_statistical:kl_entropy,joint,climode/pinn_statistical:kl_entropy/vs_pinn_statistical,replace_statistical_loss,pinn_statistical,w2,kl_entropy,0.0,0.0,u10,m s**-1,72.0,True,2.4892007518589514,-0.009913744727191975,-0.005172827202780894,2.4792870071317594,-0.003998627306429192,
climode,43,pinn_statistical,pinn_statistical:kl_entropy,joint,climode/pinn_statistical:kl_entropy/vs_pinn_statistical,replace_statistical_loss,pinn_statistical,w2,kl_entropy,0.0,0.0,u10,m s**-1,78.0,True,2.552039996243962,-0.008007624049773732,-0.004684724103063642,2.5440323721941884,-0.003147610909867149,
climode,43,pinn_statistical,pinn_statistical:kl_entropy,joint,climode/pinn_statistical:kl_entropy/vs_pinn_statistical,replace_statistical_loss,pinn_statistical,w2,kl_entropy,0.0,0.0,u10,m s**-1,84.0,True,2.6104505465292935,-0.008077558624020043,-0.004429837593204922,2.6023729879052735,-0.003103920407090399,
climode,43,pinn_statistical,pinn_statistical:kl_entropy,joint,climode/pinn_statistical:kl_entropy/vs_pinn_statistical,replace_statistical_loss,pinn_statistical,w2,kl_entropy,0.0,0.0,u10,m s**-1,90.0,True,2.6612125523950687,-0.006410491111434435,-0.003811755441107345,2.6548020612836343,-0.002414677615676819,
climode,43,pinn_statistical,pinn_statistical:kl_entropy,joint,climode/pinn_statistical:kl_entropy/vs_pinn_statistical,replace_statistical_loss,pinn_statistical,w2,kl_entropy,0.0,0.0,u10,m s**-1,96.0,True,2.7049934087422236,-0.0067184633737387145,-0.0038481022224065575,2.698274945368485,-0.002489910594645206,
climode,43,pinn_statistical,pinn_statistical:kl_entropy,joint,climode/pinn_statistical:kl_entropy/vs_pinn_statistical,replace_statistical_loss,pinn_statistical,w2,kl_entropy,0.0,0.0,u10,m s**-1,102.0,True,2.7431642559687357,-0.0017582796291888414,-0.0020806687753091024,2.741405976339547,-0.0006413787831369699,
climode,43,pinn_statistical,pinn_statistical:kl_entropy,joint,climode/pinn_statistical:kl_entropy/vs_pinn_statistical,replace_statistical_loss,pinn_statistical,w2,kl_entropy,0.0,0.0,u10,m s**-1,108.0,True,2.777356821162711,0.0019563918073264297,-2.6958348824546174e-05,2.7793132129700373,0.0007039119586078613,
climode,43,pinn_statistical,pinn_statistical:kl_entropy,joint,climode/pinn_statistical:kl_entropy/vs_pinn_statistical,replace_statistical_loss,pinn_statistical,w2,kl_entropy,0.0,0.0,u10,m s**-1,114.0,True,2.80829463130819,0.005046297246453335,0.0012275807189880417,2.813340928554643,0.0017937027095560332,
climode,43,pinn_statistical,pinn_statistical:kl_entropy,joint,climode/pinn_statistical:kl_entropy/vs_pinn_statistical,replace_statistical_loss,pinn_statistical,w2,kl_entropy,0.0,0.0,u10,m s**-1,120.0,True,2.8355569242424257,0.00567345599863156,0.0012989100925698271,2.8412303802410572,0.0019968306822589765,
climode,43,pinn_statistical,pinn_statistical:kl_entropy,joint,climode/pinn_statistical:kl_entropy/vs_pinn_statistical,replace_statistical_loss,pinn_statistical,w2,kl_entropy,0.0,0.0,v10,m s**-1,6.0,True,1.2662992193062774,0.002641508520045077,0.00019004167239589087,1.2689407278263225,0.0020816642275875985,
climode,43,pinn_statistical,pinn_statistical:kl_entropy,joint,climode/pinn_statistical:kl_entropy/vs_pinn_statistical,replace_statistical_loss,pinn_statistical,w2,kl_entropy,0.0,0.0,v10,m s**-1,12.0,True,1.4060887645383708,0.000609811747821265,-5.261651471244466e-05,1.406698576286192,0.00043350562665045445,
climode,43,pinn_statistical,pinn_statistical:kl_entropy,joint,climode/pinn_statistical:kl_entropy/vs_pinn_statistical,replace_statistical_loss,pinn_statistical,w2,kl_entropy,0.0,0.0,v10,m s**-1,18.0,True,1.60235474976589,0.005460777625844848,0.0012523936857774531,1.607815527391735,0.0033963956267443196,
climode,43,pinn_statistical,pinn_statistical:kl_entropy,joint,climode/pinn_statistical:kl_entropy/vs_pinn_statistical,replace_statistical_loss,pinn_statistical,w2,kl_entropy,0.0,0.0,v10,m s**-1,24.0,True,1.7683340148523146,0.007464839093042075,0.001876107844491326,1.7757988539453566,0.004203651261772801,
climode,43,pinn_statistical,pinn_statistical:kl_entropy,joint,climode/pinn_statistical:kl_entropy/vs_pinn_statistical,replace_statistical_loss,pinn_statistical,w2,kl_entropy,0.0,0.0,v10,m s**-1,30.0,True,1.93263718154811,0.009389821215312066,0.0020942901997001995,1.942027002763422,0.00483506212938889,
climode,43,pinn_statistical,pinn_statistical:kl_entropy,joint,climode/pinn_statistical:kl_entropy/vs_pinn_statistical,replace_statistical_loss,pinn_statistical,w2,kl_entropy,0.0,0.0,v10,m s**-1,36.0,True,2.078161160882068,0.010731515051642937,0.0021344755114443004,2.0888926759337108,0.0051374181044729905,
climode,43,pinn_statistical,pinn_statistical:kl_entropy,joint,climode/pinn_statistical:kl_entropy/vs_pinn_statistical,replace_statistical_loss,pinn_statistical,w2,kl_entropy,0.0,0.0,v10,m s**-1,42.0,True,2.2118979442486615,0.012485274519991041,0.002341981226075762,2.2243832187686525,0.005612915263271234,
climode,43,pinn_statistical,pinn_statistical:kl_entropy,joint,climode/pinn_statistical:kl_entropy/vs_pinn_statistical,replace_statistical_loss,pinn_statistical,w2,kl_entropy,0.0,0.0,v10,m s**-1,48.0,True,2.32909386673392,0.012231256753648001,0.002264298770189077,2.341325123487568,0.005224074448673233,
climode,43,pinn_statistical,pinn_statistical:kl_entropy,joint,climode/pinn_statistical:kl_entropy/vs_pinn_statistical,replace_statistical_loss,pinn_statistical,w2,kl_entropy,0.0,0.0,v10,m s**-1,54.0,True,2.4390558924539634,0.010794433922103774,0.0019616440367279386,2.449850326376067,0.004406160574744744,
climode,43,pinn_statistical,pinn_statistical:kl_entropy,joint,climode/pinn_statistical:kl_entropy/vs_pinn_statistical,replace_statistical_loss,pinn_statistical,w2,kl_entropy,0.0,0.0,v10,m s**-1,60.0,True,2.536170563556044,0.006836058322849947,0.0009195053963754196,2.543006621878894,0.002688179521058043,
climode,43,pinn_statistical,pinn_statistical:kl_entropy,joint,climode/pinn_statistical:kl_entropy/vs_pinn_statistical,replace_statistical_loss,pinn_statistical,w2,kl_entropy,0.0,0.0,v10,m s**-1,66.0,True,2.6233910084117995,0.003817440000826622,-8.830118489255856e-05,2.627208448412626,0.0014530403946946269,
climode,43,pinn_statistical,pinn_statistical:kl_entropy,joint,climode/pinn_statistical:kl_entropy/vs_pinn_statistical,replace_statistical_loss,pinn_statistical,w2,kl_entropy,0.0,0.0,v10,m s**-1,72.0,True,2.6993672402130136,0.002018178862687847,-0.0010125196930097502,2.7013854190757014,0.0007470903072314128,
climode,43,pinn_statistical,pinn_statistical:kl_entropy,joint,climode/pinn_statistical:kl_entropy/vs_pinn_statistical,replace_statistical_loss,pinn_statistical,w2,kl_entropy,0.0,0.0,v10,m s**-1,78.0,True,2.7660393250275606,0.0004203176105046502,-0.0017975950772292637,2.766459642638065,0.00015193339675967366,
climode,43,pinn_statistical,pinn_statistical:kl_entropy,joint,climode/pinn_statistical:kl_entropy/vs_pinn_statistical,replace_statistical_loss,pinn_statistical,w2,kl_entropy,0.0,0.0,v10,m s**-1,84.0,True,2.826107546028797,-0.0019359087527193175,-0.0029855043960279604,2.824171637276078,-0.000685478434514275,
climode,43,pinn_statistical,pinn_statistical:kl_entropy,joint,climode/pinn_statistical:kl_entropy/vs_pinn_statistical,replace_statistical_loss,pinn_statistical,w2,kl_entropy,0.0,0.0,v10,m s**-1,90.0,True,2.8775577079806185,-0.0035177309932565848,-0.003916270467910932,2.874039976987362,-0.0012239673147984576,
climode,43,pinn_statistical,pinn_statistical:kl_entropy,joint,climode/pinn_statistical:kl_entropy/vs_pinn_statistical,replace_statistical_loss,pinn_statistical,w2,kl_entropy,0.0,0.0,v10,m s**-1,96.0,True,2.922664366001095,-0.003427521616015561,-0.004302834061808036,2.9192368443850794,-0.0011741156332032432,
climode,43,pinn_statistical,pinn_statistical:kl_entropy,joint,climode/pinn_statistical:kl_entropy/vs_pinn_statistical,replace_statistical_loss,pinn_statistical,w2,kl_entropy,0.0,0.0,v10,m s**-1,102.0,True,2.959358815661097,-0.005242257860752719,-0.004555116534813164,2.954116557800344,-0.0017745602646959124,
climode,43,pinn_statistical,pinn_statistical:kl_entropy,joint,climode/pinn_statistical:kl_entropy/vs_pinn_statistical,replace_statistical_loss,pinn_statistical,w2,kl_entropy,0.0,0.0,v10,m s**-1,108.0,True,2.9939714545150533,-0.007983022703282217,-0.005585359188171379,2.985988431811771,-0.0026734941831099146,
climode,43,pinn_statistical,pinn_statistical:kl_entropy,joint,climode/pinn_statistical:kl_entropy/vs_pinn_statistical,replace_statistical_loss,pinn_statistical,w2,kl_entropy,0.0,0.0,v10,m s**-1,114.0,True,3.0221279870536977,-0.00907172847112303,-0.0059513569578237835,3.0130562585825746,-0.0030108062022680127,
climode,43,pinn_statistical,pinn_statistical:kl_entropy,joint,climode/pinn_statistical:kl_entropy/vs_pinn_statistical,replace_statistical_loss,pinn_statistical,w2,kl_entropy,0.0,0.0,v10,m s**-1,120.0,True,3.0467621526541624,-0.008198831428736675,-0.0059141202585604735,3.0385633212254257,-0.0026982591975177606,
convlstm,7,pinn_statistical,pinn_statistical:kl_entropy,joint,convlstm/pinn_statistical:kl_entropy/vs_pinn_statistical,replace_statistical_loss,pinn_statistical,w2,kl_entropy,0.0,0.0,msl,Pa,6.0,True,233.92095090017494,-0.7035733945942866,-3.1006832878377466e-05,233.21737750558066,-0.0030168137645636417,
convlstm,7,pinn_statistical,pinn_statistical:kl_entropy,joint,convlstm/pinn_statistical:kl_entropy/vs_pinn_statistical,replace_statistical_loss,pinn_statistical,w2,kl_entropy,0.0,0.0,msl,Pa,12.0,True,255.12957335447845,-1.465201588944808,-0.0007914931803524317,253.66437176553364,-0.005776142620056657,
convlstm,7,pinn_statistical,pinn_statistical:kl_entropy,joint,convlstm/pinn_statistical:kl_entropy/vs_pinn_statistical,replace_statistical_loss,pinn_statistical,w2,kl_entropy,0.0,0.0,msl,Pa,18.0,True,305.0594211866431,0.41130656960154965,0.0008438895669163893,305.4707277562446,0.001346468031888648,
convlstm,7,pinn_statistical,pinn_statistical:kl_entropy,joint,convlstm/pinn_statistical:kl_entropy/vs_pinn_statistical,replace_statistical_loss,pinn_statistical,w2,kl_entropy,0.0,0.0,msl,Pa,24.0,True,333.1377264135769,0.8245077436210408,0.0014238855349322233,333.96223415719794,0.0024688652167565994,
convlstm,7,pinn_statistical,pinn_statistical:kl_entropy,joint,convlstm/pinn_statistical:kl_entropy/vs_pinn_statistical,replace_statistical_loss,pinn_statistical,w2,kl_entropy,0.0,0.0,msl,Pa,30.0,True,374.5270762564913,2.0185539848276903,0.0024228472883696117,376.545630241319,0.0053607154690230585,
convlstm,7,pinn_statistical,pinn_statistical:kl_entropy,joint,convlstm/pinn_statistical:kl_entropy/vs_pinn_statistical,replace_statistical_loss,pinn_statistical,w2,kl_entropy,0.0,0.0,msl,Pa,36.0,True,405.9930753451319,1.5156305615851693,0.0019351722539426852,407.50870590671707,0.0037192593424791864,
convlstm,7,pinn_statistical,pinn_statistical:kl_entropy,joint,convlstm/pinn_statistical:kl_entropy/vs_pinn_statistical,replace_statistical_loss,pinn_statistical,w2,kl_entropy,0.0,0.0,msl,Pa,42.0,True,436.0654469175532,1.7235755973123332,0.0027698877667202693,437.7890225148655,0.003937000492637566,
convlstm,7,pinn_statistical,pinn_statistical:kl_entropy,joint,convlstm/pinn_statistical:kl_entropy/vs_pinn_statistical,replace_statistical_loss,pinn_statistical,w2,kl_entropy,0.0,0.0,msl,Pa,48.0,True,456.41387170343353,2.7200409443078684,0.004292275163546355,459.1339126477414,0.00592428672633194,
convlstm,7,pinn_statistical,pinn_statistical:kl_entropy,joint,convlstm/pinn_statistical:kl_entropy/vs_pinn_statistical,replace_statistical_loss,pinn_statistical,w2,kl_entropy,0.0,0.0,msl,Pa,54.0,True,478.767707506495,2.9524943954142486,0.004981698724823569,481.72020190190926,0.006129064929719208,
convlstm,7,pinn_statistical,pinn_statistical:kl_entropy,joint,convlstm/pinn_statistical:kl_entropy/vs_pinn_statistical,replace_statistical_loss,pinn_statistical,w2,kl_entropy,0.0,0.0,msl,Pa,60.0,True,496.3083741461867,3.7681268498176337,0.006265220415116679,500.0765009960043,0.007535100814200724,
convlstm,7,pinn_statistical,pinn_statistical:kl_entropy,joint,convlstm/pinn_statistical:kl_entropy/vs_pinn_statistical,replace_statistical_loss,pinn_statistical,w2,kl_entropy,0.0,0.0,msl,Pa,66.0,True,515.057382445298,2.9737507458592063,0.005873577564208365,518.0311331911572,0.005740486537055056,
convlstm,7,pinn_statistical,pinn_statistical:kl_entropy,joint,convlstm/pinn_statistical:kl_entropy/vs_pinn_statistical,replace_statistical_loss,pinn_statistical,w2,kl_entropy,0.0,0.0,msl,Pa,72.0,True,527.4386036819523,3.897166413877585,0.0073549529232445066,531.3357700958298,0.007334658483795886,
convlstm,7,pinn_statistical,pinn_statistical:kl_entropy,joint,convlstm/pinn_statistical:kl_entropy/vs_pinn_statistical,replace_statistical_loss,pinn_statistical,w2,kl_entropy,0.0,0.0,msl,Pa,78.0,True,541.0696447994784,3.2222458346341227,0.0066188545221439465,544.2918906341125,0.0059200695253426305,
convlstm,7,pinn_statistical,pinn_statistical:kl_entropy,joint,convlstm/pinn_statistical:kl_entropy/vs_pinn_statistical,replace_statistical_loss,pinn_statistical,w2,kl_entropy,0.0,0.0,msl,Pa,84.0,True,552.173051549252,3.7385516199325366,0.007729904579612423,555.9116031691846,0.006725082906382074,
convlstm,7,pinn_statistical,pinn_statistical:kl_entropy,joint,convlstm/pinn_statistical:kl_entropy/vs_pinn_statistical,replace_statistical_loss,pinn_statistical,w2,kl_entropy,0.0,0.0,msl,Pa,90.0,True,564.0739210308939,2.918418063509307,0.006979285896294152,566.9923390944032,0.0051471913503639,
convlstm,7,pinn_statistical,pinn_statistical:kl_entropy,joint,convlstm/pinn_statistical:kl_entropy/vs_pinn_statistical,replace_statistical_loss,pinn_statistical,w2,kl_entropy,0.0,0.0,msl,Pa,96.0,True,572.0995540158508,3.4198796476645157,0.008290371591283319,575.5194336635153,0.005942248771505398,
convlstm,7,pinn_statistical,pinn_statistical:kl_entropy,joint,convlstm/pinn_statistical:kl_entropy/vs_pinn_statistical,replace_statistical_loss,pinn_statistical,w2,kl_entropy,0.0,0.0,msl,Pa,102.0,True,580.410314054159,3.2334735059456534,0.00799608148332065,583.6437875601047,0.0055401489313593455,
convlstm,7,pinn_statistical,pinn_statistical:kl_entropy,joint,convlstm/pinn_statistical:kl_entropy/vs_pinn_statistical,replace_statistical_loss,pinn_statistical,w2,kl_entropy,0.0,0.0,msl,Pa,108.0,True,587.5072020524393,3.6049921933627047,0.009153266029385376,591.112194245802,0.006098659828803421,
convlstm,7,pinn_statistical,pinn_statistical:kl_entropy,joint,convlstm/pinn_statistical:kl_entropy/vs_pinn_statistical,replace_statistical_loss,pinn_statistical,w2,kl_entropy,0.0,0.0,msl,Pa,114.0,True,595.511982993335,3.2973873444753963,0.009283750863540163,598.8093703378104,0.005506572722159042,
convlstm,7,pinn_statistical,pinn_statistical:kl_entropy,joint,convlstm/pinn_statistical:kl_entropy/vs_pinn_statistical,replace_statistical_loss,pinn_statistical,w2,kl_entropy,0.0,0.0,msl,Pa,120.0,True,600.3761816885684,4.15591485325217,0.011480027309171636,604.5320965418206,0.006874597522655512,
convlstm,7,pinn_statistical,pinn_statistical:kl_entropy,joint,convlstm/pinn_statistical:kl_entropy/vs_pinn_statistical,replace_statistical_loss,pinn_statistical,w2,kl_entropy,0.0,0.0,t2m,K,6.0,True,2.1943821938904233,-0.047919395949747035,-0.0017543457536023377,2.1464627979406763,-0.02232482016260473,
convlstm,7,pinn_statistical,pinn_statistical:kl_entropy,joint,convlstm/pinn_statistical:kl_entropy/vs_pinn_statistical,replace_statistical_loss,pinn_statistical,w2,kl_entropy,0.0,0.0,t2m,K,12.0,True,2.4351691525196695,0.009638974974642167,8.201494484449956e-05,2.4448081274943116,0.003942630452771434,
convlstm,7,pinn_statistical,pinn_statistical:kl_entropy,joint,convlstm/pinn_statistical:kl_entropy/vs_pinn_statistical,replace_statistical_loss,pinn_statistical,w2,kl_entropy,0.0,0.0,t2m,K,18.0,True,2.1161037615279485,0.053522796804404305,0.0007130565392683419,2.169626558332353,0.02466912870274951,
convlstm,7,pinn_statistical,pinn_statistical:kl_entropy,joint,convlstm/pinn_statistical:kl_entropy/vs_pinn_statistical,replace_statistical_loss,pinn_statistical,w2,kl_entropy,0.0,0.0,t2m,K,24.0,True,1.5517359623614935,0.044410024364422984,0.0030490216239447143,1.5961459867259165,0.027823284795846726,
convlstm,7,pinn_statistical,pinn_statistical:kl_entropy,joint,convlstm/pinn_statistical:kl_entropy/vs_pinn_statistical,replace_statistical_loss,pinn_statistical,w2,kl_entropy,0.0,0.0,t2m,K,30.0,True,2.0471929012390766,-0.08514495758040308,-0.004840384494342542,1.9620479436586735,-0.04339596178349825,
convlstm,7,pinn_statistical,pinn_statistical:kl_entropy,joint,convlstm/pinn_statistical:kl_entropy/vs_pinn_statistical,replace_statistical_loss,pinn_statistical,w2,kl_entropy,0.0,0.0,t2m,K,36.0,True,2.241147033319882,0.003076944147101468,0.002456314456887987,2.2442239774669837,0.001371050384451511,
convlstm,7,pinn_statistical,pinn_statistical:kl_entropy,joint,convlstm/pinn_statistical:kl_entropy/vs_pinn_statistical,replace_statistical_loss,pinn_statistical,w2,kl_entropy,0.0,0.0,t2m,K,42.0,True,2.198862930640075,-0.025728650534671438,-0.0070093801854539395,2.1731342801054034,-0.01183942049518616,
convlstm,7,pinn_statistical,pinn_statistical:kl_entropy,joint,convlstm/pinn_statistical:kl_entropy/vs_pinn_statistical,replace_statistical_loss,pinn_statistical,w2,kl_entropy,0.0,0.0,t2m,K,48.0,True,1.9255755377835744,-0.04968190769625869,-0.001648742618013399,1.8758936300873157,-0.026484394903535158,
convlstm,7,pinn_statistical,pinn_statistical:kl_entropy,joint,convlstm/pinn_statistical:kl_entropy/vs_pinn_statistical,replace_statistical_loss,pinn_statistical,w2,kl_entropy,0.0,0.0,t2m,K,54.0,True,2.1104910063103453,-0.052278016444698316,-0.0013320260599988254,2.058212989865647,-0.025399711644085388,
convlstm,7,pinn_statistical,pinn_statistical:kl_entropy,joint,convlstm/pinn_statistical:kl_entropy/vs_pinn_statistical,replace_statistical_loss,pinn_statistical,w2,kl_entropy,0.0,0.0,t2m,K,60.0,True,2.255908114868738,-0.011117667851070046,0.0009847587019555792,2.244790447017668,-0.004952652870489738,
convlstm,7,pinn_statistical,pinn_statistical:kl_entropy,joint,convlstm/pinn_statistical:kl_entropy/vs_pinn_statistical,replace_statistical_loss,pinn_statistical,w2,kl_entropy,0.0,0.0,t2m,K,66.0,True,2.2784382531775904,-0.05756659048567814,-0.006400504813289687,2.2208716626919123,-0.025920719081939936,
convlstm,7,pinn_statistical,pinn_statistical:kl_entropy,joint,convlstm/pinn_statistical:kl_entropy/vs_pinn_statistical,replace_statistical_loss,pinn_statistical,w2,kl_entropy,0.0,0.0,t2m,K,72.0,True,2.1326607497571715,-0.061239635905092626,-0.001969127913569846,2.071421113852079,-0.02956406859791505,
convlstm,7,pinn_statistical,pinn_statistical:kl_entropy,joint,convlstm/pinn_statistical:kl_entropy/vs_pinn_statistical,replace_statistical_loss,pinn_statistical,w2,kl_entropy,0.0,0.0,t2m,K,78.0,True,2.2063385818749777,-0.04152534016173259,-8.67989045977291e-05,2.164813241713245,-0.019181950369478118,
convlstm,7,pinn_statistical,pinn_statistical:kl_entropy,joint,convlstm/pinn_statistical:kl_entropy/vs_pinn_statistical,replace_statistical_loss,pinn_statistical,w2,kl_entropy,0.0,0.0,t2m,K,84.0,True,2.3103627951030536,-0.03520034926612148,-0.0016958955330474978,2.275162445836932,-0.015471576251854247,
convlstm,7,pinn_statistical,pinn_statistical:kl_entropy,joint,convlstm/pinn_statistical:kl_entropy/vs_pinn_statistical,replace_statistical_loss,pinn_statistical,w2,kl_entropy,0.0,0.0,t2m,K,90.0,True,2.342785608646879,-0.07427490778411405,-0.006136220459214359,2.2685107008627647,-0.03274170483562888,
convlstm,7,pinn_statistical,pinn_statistical:kl_entropy,joint,convlstm/pinn_statistical:kl_entropy/vs_pinn_statistical,replace_statistical_loss,pinn_statistical,w2,kl_entropy,0.0,0.0,t2m,K,96.0,True,2.2541625725475143,-0.06467902855699004,-0.0019424053082749415,2.1894835439905243,-0.029540769436022796,
convlstm,7,pinn_statistical,pinn_statistical:kl_entropy,joint,convlstm/pinn_statistical:kl_entropy/vs_pinn_statistical,replace_statistical_loss,pinn_statistical,w2,kl_entropy,0.0,0.0,t2m,K,102.0,True,2.293790655316457,-0.038828542984870484,0.0008244323160455647,2.2549621123315866,-0.01721915537850105,
convlstm,7,pinn_statistical,pinn_statistical:kl_entropy,joint,convlstm/pinn_statistical:kl_entropy/vs_pinn_statistical,replace_statistical_loss,pinn_statistical,w2,kl_entropy,0.0,0.0,t2m,K,108.0,True,2.3637280821947773,-0.03979452304024145,-0.0017449894047719683,2.323933559154536,-0.017123778295417003,
convlstm,7,pinn_statistical,pinn_statistical:kl_entropy,joint,convlstm/pinn_statistical:kl_entropy/vs_pinn_statistical,replace_statistical_loss,pinn_statistical,w2,kl_entropy,0.0,0.0,t2m,K,114.0,True,2.3889216114942307,-0.07761104966320653,-0.005605710126063812,2.311310561831024,-0.033578806303607545,
convlstm,7,pinn_statistical,pinn_statistical:kl_entropy,joint,convlstm/pinn_statistical:kl_entropy/vs_pinn_statistical,replace_statistical_loss,pinn_statistical,w2,kl_entropy,0.0,0.0,t2m,K,120.0,True,2.3264400743714497,-0.06933409677556712,-0.001926733158088445,2.2571059775958826,-0.030718139716867432,
convlstm,7,pinn_statistical,pinn_statistical:kl_entropy,joint,convlstm/pinn_statistical:kl_entropy/vs_pinn_statistical,replace_statistical_loss,pinn_statistical,w2,kl_entropy,0.0,0.0,u10,m s**-1,6.0,True,1.2507223181016602,-0.009725970688490015,-0.001901884384257424,1.2409963474131702,-0.007837227489640552,
convlstm,7,pinn_statistical,pinn_statistical:kl_entropy,joint,convlstm/pinn_statistical:kl_entropy/vs_pinn_statistical,replace_statistical_loss,pinn_statistical,w2,kl_entropy,0.0,0.0,u10,m s**-1,12.0,True,1.3899537923404015,-0.008722763128743427,-0.0022064729570542285,1.381231029211658,-0.0063152093634342155,
convlstm,7,pinn_statistical,pinn_statistical:kl_entropy,joint,convlstm/pinn_statistical:kl_entropy/vs_pinn_statistical,replace_statistical_loss,pinn_statistical,w2,kl_entropy,0.0,0.0,u10,m s**-1,18.0,True,1.5655867301392974,-0.0033095206602196114,-0.0010718641026966624,1.5622772094790778,-0.0021183952759082914,
convlstm,7,pinn_statistical,pinn_statistical:kl_entropy,joint,convlstm/pinn_statistical:kl_entropy/vs_pinn_statistical,replace_statistical_loss,pinn_statistical,w2,kl_entropy,0.0,0.0,u10,m s**-1,24.0,True,1.7179057289666653,-0.007790206518745846,-0.0019700407299139133,1.7101155224479194,-0.004555368579775676,
convlstm,7,pinn_statistical,pinn_statistical:kl_entropy,joint,convlstm/pinn_statistical:kl_entropy/vs_pinn_statistical,replace_statistical_loss,pinn_statistical,w2,kl_entropy,0.0,0.0,u10,m s**-1,30.0,True,1.870131613598547,-0.0064956324172325,-0.0016295757514270814,1.8636359811813146,-0.003485462012337237,
convlstm,7,pinn_statistical,pinn_statistical:kl_entropy,joint,convlstm/pinn_statistical:kl_entropy/vs_pinn_statistical,replace_statistical_loss,pinn_statistical,w2,kl_entropy,0.0,0.0,u10,m s**-1,36.0,True,1.9976489976780802,-0.00586478608887675,-0.0017594724150880037,1.9917842115892035,-0.0029444886924760993,
convlstm,7,pinn_statistical,pinn_statistical:kl_entropy,joint,convlstm/pinn_statistical:kl_entropy/vs_pinn_statistical,replace_statistical_loss,pinn_statistical,w2,kl_entropy,0.0,0.0,u10,m s**-1,42.0,True,2.1011068637374732,-0.000981125000945493,-0.0003845154968428188,2.1001257387365277,-0.0004671744090598562,
convlstm,7,pinn_statistical,pinn_statistical:kl_entropy,joint,convlstm/pinn_statistical:kl_entropy/vs_pinn_statistical,replace_statistical_loss,pinn_statistical,w2,kl_entropy,0.0,0.0,u10,m s**-1,48.0,True,2.191652387454044,-0.0009669052080236717,0.0001446149276692621,2.19068548224602,-0.0004413710757933398,
convlstm,7,pinn_statistical,pinn_statistical:kl_entropy,joint,convlstm/pinn_statistical:kl_entropy/vs_pinn_statistical,replace_statistical_loss,pinn_statistical,w2,kl_entropy,0.0,0.0,u10,m s**-1,54.0,True,2.2708532840017615,0.0026927331093782314,0.001507339667407348,2.2735460171111397,0.0011843758996352705,
convlstm,7,pinn_statistical,pinn_statistical:kl_entropy,joint,convlstm/pinn_statistical:kl_entropy/vs_pinn_statistical,replace_statistical_loss,pinn_statistical,w2,kl_entropy,0.0,0.0,u10,m s**-1,60.0,True,2.340944182268351,0.006100536749058083,0.0025582281546281394,2.347044719017409,0.002599241803800001,
convlstm,7,pinn_statistical,pinn_statistical:kl_entropy,joint,convlstm/pinn_statistical:kl_entropy/vs_pinn_statistical,replace_statistical_loss,pinn_statistical,w2,kl_entropy,0.0,0.0,u10,m s**-1,66.0,True,2.4022519167531695,0.008060321699662865,0.003314699777678398,2.4103122384528324,0.0033440985657678945,
convlstm,7,pinn_statistical,pinn_statistical:kl_entropy,joint,convlstm/pinn_statistical:kl_entropy/vs_pinn_statistical,replace_statistical_loss,pinn_statistical,w2,kl_entropy,0.0,0.0,u10,m s**-1,72.0,True,2.456753393735238,0.008330475581363128,0.004056024347532161,2.4650838693166013,0.003379388297921282,
convlstm,7,pinn_statistical,pinn_statistical:kl_entropy,joint,convlstm/pinn_statistical:kl_entropy/vs_pinn_statistical,replace_statistical_loss,pinn_statistical,w2,kl_entropy,0.0,0.0,u10,m s**-1,78.0,True,2.501378941515531,0.00980099791638711,0.0048309222555983355,2.5111799394319183,0.003902945289776527,
convlstm,7,pinn_statistical,pinn_statistical:kl_entropy,joint,convlstm/pinn_statistical:kl_entropy/vs_pinn_statistical,replace_statistical_loss,pinn_statistical,w2,kl_entropy,0.0,0.0,u10,m s**-1,84.0,True,2.542805457925364,0.010304404262817979,0.005097408776832513,2.553109862188182,0.004036020703780618,
convlstm,7,pinn_statistical,pinn_statistical:kl_entropy,joint,convlstm/pinn_statistical:kl_entropy/vs_pinn_statistical,replace_statistical_loss,pinn_statistical,w2,kl_entropy,0.0,0.0,u10,m s**-1,90.0,True,2.579488505015651,0.010915577527733866,0.005433622720061759,2.590404082543385,0.004213851267952151,
convlstm,7,pinn_statistical,pinn_statistical:kl_entropy,joint,convlstm/pinn_statistical:kl_entropy/vs_pinn_statistical,replace_statistical_loss,pinn_statistical,w2,kl_entropy,0.0,0.0,u10,m s**-1,96.0,True,2.6144691609289357,0.009029709429848154,0.00520524098458941,2.623498870358784,0.0034418575635266624,
convlstm,7,pinn_statistical,pinn_statistical:kl_entropy,joint,convlstm/pinn_statistical:kl_entropy/vs_pinn_statistical,replace_statistical_loss,pinn_statistical,w2,kl_entropy,0.0,0.0,u10,m s**-1,102.0,True,2.6386242527085186,0.011789016932220342,0.006698274058111464,2.650413269640739,0.004447991966859743,
convlstm,7,pinn_statistical,pinn_statistical:kl_entropy,joint,convlstm/pinn_statistical:kl_entropy/vs_pinn_statistical,replace_statistical_loss,pinn_statistical,w2,kl_entropy,0.0,0.0,u10,m s**-1,108.0,True,2.663463635849564,0.012319800498618694,0.007113836199991341,2.6757834363481825,0.004604184453519289,
convlstm,7,pinn_statistical,pinn_statistical:kl_entropy,joint,convlstm/pinn_statistical:kl_entropy/vs_pinn_statistical,replace_statistical_loss,pinn_statistical,w2,kl_entropy,0.0,0.0,u10,m s**-1,114.0,True,2.6858583421432503,0.014267841706897322,0.008269296089363498,2.7001261838501476,0.00528413886441137,
convlstm,7,pinn_statistical,pinn_statistical:kl_entropy,joint,convlstm/pinn_statistical:kl_entropy/vs_pinn_statistical,replace_statistical_loss,pinn_statistical,w2,kl_entropy,0.0,0.0,u10,m s**-1,120.0,True,2.7099357767898478,0.012373718099039532,0.007732408112629374,2.7223094948888873,0.004545301745547681,
convlstm,7,pinn_statistical,pinn_statistical:kl_entropy,joint,convlstm/pinn_statistical:kl_entropy/vs_pinn_statistical,replace_statistical_loss,pinn_statistical,w2,kl_entropy,0.0,0.0,v10,m s**-1,6.0,True,1.3902112929497665,-0.009011542258858363,-0.0016367200394046266,1.3811997506909082,-0.006524430846697182,
convlstm,7,pinn_statistical,pinn_statistical:kl_entropy,joint,convlstm/pinn_statistical:kl_entropy/vs_pinn_statistical,replace_statistical_loss,pinn_statistical,w2,kl_entropy,0.0,0.0,v10,m s**-1,12.0,True,1.5477724085836027,-0.012194349164635021,-0.00259001707504225,1.5355780594189676,-0.00794121086182309,
convlstm,7,pinn_statistical,pinn_statistical:kl_entropy,joint,convlstm/pinn_statistical:kl_entropy/vs_pinn_statistical,replace_statistical_loss,pinn_statistical,w2,kl_entropy,0.0,0.0,v10,m s**-1,18.0,True,1.7340985200636898,-0.0088641613582221,-0.0021315191670711053,1.7252343587054677,-0.005137946223650047,
convlstm,7,pinn_statistical,pinn_statistical:kl_entropy,joint,convlstm/pinn_statistical:kl_entropy/vs_pinn_statistical,replace_statistical_loss,pinn_statistical,w2,kl_entropy,0.0,0.0,v10,m s**-1,24.0,True,1.8915309247817633,-0.006198202882057968,-0.0016158650622789539,1.8853327218997054,-0.0032875909965708328,
convlstm,7,pinn_statistical,pinn_statistical:kl_entropy,joint,convlstm/pinn_statistical:kl_entropy/vs_pinn_statistical,replace_statistical_loss,pinn_statistical,w2,kl_entropy,0.0,0.0,v10,m s**-1,30.0,True,2.0508344430935574,-0.0053725092515830575,-0.0014552659432167658,2.0454619338419744,-0.0026265505911868825,
convlstm,7,pinn_statistical,pinn_statistical:kl_entropy,joint,convlstm/pinn_statistical:kl_entropy/vs_pinn_statistical,replace_statistical_loss,pinn_statistical,w2,kl_entropy,0.0,0.0,v10,m s**-1,36.0,True,2.182881876804258,-0.0029227297165612676,-0.000846062483160992,2.179959147087697,-0.0013407268298883945,
convlstm,7,pinn_statistical,pinn_statistical:kl_entropy,joint,convlstm/pinn_statistical:kl_entropy/vs_pinn_statistical,replace_statistical_loss,pinn_statistical,w2,kl_entropy,0.0,0.0,v10,m s**-1,42.0,True,2.297846518959342,-0.0019374279476074285,-0.00037741405395830263,2.2959090910117346,-0.0008438609155703158,
convlstm,7,pinn_statistical,pinn_statistical:kl_entropy,joint,convlstm/pinn_statistical:kl_entropy/vs_pinn_statistical,replace_statistical_loss,pinn_statistical,w2,kl_entropy,0.0,0.0,v10,m s**-1,48.0,True,2.395143604451743,-0.00029279097414169897,0.0005333939696792189,2.394850813477601,-0.00012225854424574578,
convlstm,7,pinn_statistical,pinn_statistical:kl_entropy,joint,convlstm/pinn_statistical:kl_entropy/vs_pinn_statistical,replace_statistical_loss,pinn_statistical,w2,kl_entropy,0.0,0.0,v10,m s**-1,54.0,True,2.482743690154235,0.0017540747722888383,0.0015381600984080146,2.4844977649265236,0.0007060077883952465,
convlstm,7,pinn_statistical,pinn_statistical:kl_entropy,joint,convlstm/pinn_statistical:kl_entropy/vs_pinn_statistical,replace_statistical_loss,pinn_statistical,w2,kl_entropy,0.0,0.0,v10,m s**-1,60.0,True,2.555103970180912,0.004682409435585733,0.0028075584187713387,2.5597863796164977,0.0018292188257862385,
convlstm,7,pinn_statistical,pinn_statistical:kl_entropy,joint,convlstm/pinn_statistical:kl_entropy/vs_pinn_statistical,replace_statistical_loss,pinn_statistical,w2,kl_entropy,0.0,0.0,v10,m s**-1,66.0,True,2.617298267653278,0.007032298750896615,0.004080673778038557,2.6243305664041747,0.002679654324391101,
convlstm,7,pinn_statistical,pinn_statistical:kl_entropy,joint,convlstm/pinn_statistical:kl_entropy/vs_pinn_statistical,replace_statistical_loss,pinn_statistical,w2,kl_entropy,0.0,0.0,v10,m s**-1,72.0,True,2.671074878299751,0.00844674608406848,0.005082876130150571,2.6795216243838196,0.003152333613284708,
convlstm,7,pinn_statistical,pinn_statistical:kl_entropy,joint,convlstm/pinn_statistical:kl_entropy/vs_pinn_statistical,replace_statistical_loss,pinn_statistical,w2,kl_entropy,0.0,0.0,v10,m s**-1,78.0,True,2.7176194057246787,0.009145891866954692,0.005873438450826329,2.7267652975916334,0.003354117743478935,
convlstm,7,pinn_statistical,pinn_statistical:kl_entropy,joint,convlstm/pinn_statistical:kl_entropy/vs_pinn_statistical,replace_statistical_loss,pinn_statistical,w2,kl_entropy,0.0,0.0,v10,m s**-1,84.0,True,2.7570182810144614,0.009806313240327658,0.0063041836230214865,2.766824594254789,0.0035442482550900323,
convlstm,7,pinn_statistical,pinn_statistical:kl_entropy,joint,convlstm/pinn_statistical:kl_entropy/vs_pinn_statistical,replace_statistical_loss,pinn_statistical,w2,kl_entropy,0.0,0.0,v10,m s**-1,90.0,True,2.7910192366523483,0.010121955292618612,0.0067834187818092695,2.801141191944967,0.0036135112795190327,
convlstm,7,pinn_statistical,pinn_statistical:kl_entropy,joint,convlstm/pinn_statistical:kl_entropy/vs_pinn_statistical,replace_statistical_loss,pinn_statistical,w2,kl_entropy,0.0,0.0,v10,m s**-1,96.0,True,2.8215504925251818,0.010073051499579044,0.007085869526589739,2.831623544024761,0.003557341342508291,
convlstm,7,pinn_statistical,pinn_statistical:kl_entropy,joint,convlstm/pinn_statistical:kl_entropy/vs_pinn_statistical,replace_statistical_loss,pinn_statistical,w2,kl_entropy,0.0,0.0,v10,m s**-1,102.0,True,2.847562612775093,0.009272566920584868,0.007195364861390996,2.8568351796956777,0.0032457479474096163,
convlstm,7,pinn_statistical,pinn_statistical:kl_entropy,joint,convlstm/pinn_statistical:kl_entropy/vs_pinn_statistical,replace_statistical_loss,pinn_statistical,w2,kl_entropy,0.0,0.0,v10,m s**-1,108.0,True,2.8706930156003527,0.008773967890186807,0.006996939970839333,2.8794669834905395,0.003047080567512128,
convlstm,7,pinn_statistical,pinn_statistical:kl_entropy,joint,convlstm/pinn_statistical:kl_entropy/vs_pinn_statistical,replace_statistical_loss,pinn_statistical,w2,kl_entropy,0.0,0.0,v10,m s**-1,114.0,True,2.890416277670512,0.008281997824352683,0.007031545908599557,2.8986982754948647,0.002857143806365592,
convlstm,7,pinn_statistical,pinn_statistical:kl_entropy,joint,convlstm/pinn_statistical:kl_entropy/vs_pinn_statistical,replace_statistical_loss,pinn_statistical,w2,kl_entropy,0.0,0.0,v10,m s**-1,120.0,True,2.909027279690064,0.007545042326975171,0.006822728032086667,2.916572322017039,0.002586955334526797,
convlstm,19,pinn_statistical,pinn_statistical:kl_entropy,joint,convlstm/pinn_statistical:kl_entropy/vs_pinn_statistical,replace_statistical_loss,pinn_statistical,w2,kl_entropy,0.0,0.0,msl,Pa,6.0,True,227.1494848797364,1.528731225130258,-7.901780147068216e-05,228.67821610486666,0.006685075872855384,
convlstm,19,pinn_statistical,pinn_statistical:kl_entropy,joint,convlstm/pinn_statistical:kl_entropy/vs_pinn_statistical,replace_statistical_loss,pinn_statistical,w2,kl_entropy,0.0,0.0,msl,Pa,12.0,True,246.05247263024268,1.292137977065579,5.065787984104286e-05,247.34461060730825,0.005224039342894837,
convlstm,19,pinn_statistical,pinn_statistical:kl_entropy,joint,convlstm/pinn_statistical:kl_entropy/vs_pinn_statistical,replace_statistical_loss,pinn_statistical,w2,kl_entropy,0.0,0.0,msl,Pa,18.0,True,298.99475357056974,-0.013201039819932703,-0.00033129006939436323,298.9815525307498,-4.415335898877437e-05,
convlstm,19,pinn_statistical,pinn_statistical:kl_entropy,joint,convlstm/pinn_statistical:kl_entropy/vs_pinn_statistical,replace_statistical_loss,pinn_statistical,w2,kl_entropy,0.0,0.0,msl,Pa,24.0,True,331.7363018087622,-1.1224516762594021,-0.0007686438173863941,330.6138501325028,-0.0033950534008468924,
convlstm,19,pinn_statistical,pinn_statistical:kl_entropy,joint,convlstm/pinn_statistical:kl_entropy/vs_pinn_statistical,replace_statistical_loss,pinn_statistical,w2,kl_entropy,0.0,0.0,msl,Pa,30.0,True,371.28337443124127,-0.948699510625147,-0.0010538021848573997,370.3346749206161,-0.0025617355729070646,
convlstm,19,pinn_statistical,pinn_statistical:kl_entropy,joint,convlstm/pinn_statistical:kl_entropy/vs_pinn_statistical,replace_statistical_loss,pinn_statistical,w2,kl_entropy,0.0,0.0,msl,Pa,36.0,True,403.59332125272067,0.7493397095869341,0.0002815165635333683,404.3426609623076,0.0018532294064731447,
convlstm,19,pinn_statistical,pinn_statistical:kl_entropy,joint,convlstm/pinn_statistical:kl_entropy/vs_pinn_statistical,replace_statistical_loss,pinn_statistical,w2,kl_entropy,0.0,0.0,msl,Pa,42.0,True,433.584435238691,1.2323333720597134,0.00038638291586035045,434.8167686107507,0.0028341440832584386,
convlstm,19,pinn_statistical,pinn_statistical:kl_entropy,joint,convlstm/pinn_statistical:kl_entropy/vs_pinn_statistical,replace_statistical_loss,pinn_statistical,w2,kl_entropy,0.0,0.0,msl,Pa,48.0,True,457.9076287134046,0.9545221870369005,-2.0859015719465468e-05,458.8621509004415,0.002080193768790539,
convlstm,19,pinn_statistical,pinn_statistical:kl_entropy,joint,convlstm/pinn_statistical:kl_entropy/vs_pinn_statistical,replace_statistical_loss,pinn_statistical,w2,kl_entropy,0.0,0.0,msl,Pa,54.0,True,479.9356773652494,1.2906000881311002,0.00024630265772507265,481.2262774533805,0.002681898617342471,
convlstm,19,pinn_statistical,pinn_statistical:kl_entropy,joint,convlstm/pinn_statistical:kl_entropy/vs_pinn_statistical,replace_statistical_loss,pinn_statistical,w2,kl_entropy,0.0,0.0,msl,Pa,60.0,True,498.8076681900133,2.5216675785840152,0.001674744117821425,501.32933576859733,0.005029962139993294,
convlstm,19,pinn_statistical,pinn_statistical:kl_entropy,joint,convlstm/pinn_statistical:kl_entropy/vs_pinn_statistical,replace_statistical_loss,pinn_statistical,w2,kl_entropy,0.0,0.0,msl,Pa,66.0,True,516.8644606295475,1.8958286869067251,0.0006036968856345526,518.7602893164542,0.003654537029819216,
convlstm,19,pinn_statistical,pinn_statistical:kl_entropy,joint,convlstm/pinn_statistical:kl_entropy/vs_pinn_statistical,replace_statistical_loss,pinn_statistical,w2,kl_entropy,0.0,0.0,msl,Pa,72.0,True,531.85738247569,1.9474701295249588,0.0005001292137967184,533.8048526052149,0.0036482810525614306,
convlstm,19,pinn_statistical,pinn_statistical:kl_entropy,joint,convlstm/pinn_statistical:kl_entropy/vs_pinn_statistical,replace_statistical_loss,pinn_statistical,w2,kl_entropy,0.0,0.0,msl,Pa,78.0,True,544.9590849684475,1.3298257230006811,-0.00013852915740830696,546.2889106914482,0.0024342901658346294,
convlstm,19,pinn_statistical,pinn_statistical:kl_entropy,joint,convlstm/pinn_statistical:kl_entropy/vs_pinn_statistical,replace_statistical_loss,pinn_statistical,w2,kl_entropy,0.0,0.0,msl,Pa,84.0,True,556.6502542313948,2.4909422193260298,0.0014736838516175021,559.1411964507208,0.004454943107640497,
convlstm,19,pinn_statistical,pinn_statistical:kl_entropy,joint,convlstm/pinn_statistical:kl_entropy/vs_pinn_statistical,replace_statistical_loss,pinn_statistical,w2,kl_entropy,0.0,0.0,msl,Pa,90.0,True,568.0188217539118,1.1934472567712646,-0.000539503175305156,569.212269010683,0.0020966646745783635,
convlstm,19,pinn_statistical,pinn_statistical:kl_entropy,joint,convlstm/pinn_statistical:kl_entropy/vs_pinn_statistical,replace_statistical_loss,pinn_statistical,w2,kl_entropy,0.0,0.0,msl,Pa,96.0,True,577.7625463583862,0.8048035962737004,-0.0011020032040186534,578.5673499546599,0.001391028367461078,
convlstm,19,pinn_statistical,pinn_statistical:kl_entropy,joint,convlstm/pinn_statistical:kl_entropy/vs_pinn_statistical,replace_statistical_loss,pinn_statistical,w2,kl_entropy,0.0,0.0,msl,Pa,102.0,True,585.7043232356729,0.2991646838382849,-0.0019528628992087071,586.0034879195111,0.0005105168996526466,
convlstm,19,pinn_statistical,pinn_statistical:kl_entropy,joint,convlstm/pinn_statistical:kl_entropy/vs_pinn_statistical,replace_statistical_loss,pinn_statistical,w2,kl_entropy,0.0,0.0,msl,Pa,108.0,True,593.3117668095322,0.5369099995717761,-0.0011628119792397307,593.848676809104,0.0009041192151116872,
convlstm,19,pinn_statistical,pinn_statistical:kl_entropy,joint,convlstm/pinn_statistical:kl_entropy/vs_pinn_statistical,replace_statistical_loss,pinn_statistical,w2,kl_entropy,0.0,0.0,msl,Pa,114.0,True,601.0108614583731,-0.7510552673442135,-0.0038210403919599623,600.2598061910289,-0.0012512169890401825,
convlstm,19,pinn_statistical,pinn_statistical:kl_entropy,joint,convlstm/pinn_statistical:kl_entropy/vs_pinn_statistical,replace_statistical_loss,pinn_statistical,w2,kl_entropy,0.0,0.0,msl,Pa,120.0,True,607.4608722444186,-1.4687243191200423,-0.00438485328048821,605.9921479252986,-0.002423668894305786,
convlstm,19,pinn_statistical,pinn_statistical:kl_entropy,joint,convlstm/pinn_statistical:kl_entropy/vs_pinn_statistical,replace_statistical_loss,pinn_statistical,w2,kl_entropy,0.0,0.0,t2m,K,6.0,True,1.9271982062377522,0.09653014783922775,0.010348398865533626,2.02372835407698,0.04769916260982321,
convlstm,19,pinn_statistical,pinn_statistical:kl_entropy,joint,convlstm/pinn_statistical:kl_entropy/vs_pinn_statistical,replace_statistical_loss,pinn_statistical,w2,kl_entropy,0.0,0.0,t2m,K,12.0,True,2.1918629857581937,0.18748794757614906,0.01708324772267844,2.3793509333343428,0.07879793810550251,
convlstm,19,pinn_statistical,pinn_statistical:kl_entropy,joint,convlstm/pinn_statistical:kl_entropy/vs_pinn_statistical,replace_statistical_loss,pinn_statistical,w2,kl_entropy,0.0,0.0,t2m,K,18.0,True,2.077757587797921,0.09896481263618195,0.0070503201582823305,2.176722400434103,0.04546505912579635,
convlstm,19,pinn_statistical,pinn_statistical:kl_entropy,joint,convlstm/pinn_statistical:kl_entropy/vs_pinn_statistical,replace_statistical_loss,pinn_statistical,w2,kl_entropy,0.0,0.0,t2m,K,24.0,True,1.6970707866808035,-0.06165477466435321,-0.0028825339557547736,1.6354160120164503,-0.03769974991765768,
convlstm,19,pinn_statistical,pinn_statistical:kl_entropy,joint,convlstm/pinn_statistical:kl_entropy/vs_pinn_statistical,replace_statistical_loss,pinn_statistical,w2,kl_entropy,0.0,0.0,t2m,K,30.0,True,1.881404738461346,0.005560156689047746,0.0013862615243032117,1.8869648951503937,0.0029466137411128246,
convlstm,19,pinn_statistical,pinn_statistical:kl_entropy,joint,convlstm/pinn_statistical:kl_entropy/vs_pinn_statistical,replace_statistical_loss,pinn_statistical,w2,kl_entropy,0.0,0.0,t2m,K,36.0,True,2.0162832142386926,-0.0005703109090826608,0.00038693010873558364,2.01571290332961,-0.000282932608180797,
convlstm,19,pinn_statistical,pinn_statistical:kl_entropy,joint,convlstm/pinn_statistical:kl_entropy/vs_pinn_statistical,replace_statistical_loss,pinn_statistical,w2,kl_entropy,0.0,0.0,t2m,K,42.0,True,2.039883023355378,-0.0009262983492952515,0.00019437880003725372,2.038956725006083,-0.00045430015160929926,
convlstm,19,pinn_statistical,pinn_statistical:kl_entropy,joint,convlstm/pinn_statistical:kl_entropy/vs_pinn_statistical,replace_statistical_loss,pinn_statistical,w2,kl_entropy,0.0,0.0,t2m,K,48.0,True,1.9424140577101519,-0.07948862845151039,-0.0043959148723957675,1.8629254292586415,-0.04266871191035437,
convlstm,19,pinn_statistical,pinn_statistical:kl_entropy,joint,convlstm/pinn_statistical:kl_entropy/vs_pinn_statistical,replace_statistical_loss,pinn_statistical,w2,kl_entropy,0.0,0.0,t2m,K,54.0,True,2.016279620617231,0.003962528277253519,0.002602466482891197,2.0202421488944844,0.001961412536324869,
convlstm,19,pinn_statistical,pinn_statistical:kl_entropy,joint,convlstm/pinn_statistical:kl_entropy/vs_pinn_statistical,replace_statistical_loss,pinn_statistical,w2,kl_entropy,0.0,0.0,t2m,K,60.0,True,2.086887628558915,-0.005786076400018825,0.000519589447134372,2.0811015521588963,-0.0027802950769109103,
convlstm,19,pinn_statistical,pinn_statistical:kl_entropy,joint,convlstm/pinn_statistical:kl_entropy/vs_pinn_statistical,replace_statistical_loss,pinn_statistical,w2,kl_entropy,0.0,0.0,t2m,K,66.0,True,2.0965082081637885,-0.04227723475241385,-0.003128866796941465,2.0542309734113746,-0.020580565330589717,
convlstm,19,pinn_statistical,pinn_statistical:kl_entropy,joint,convlstm/pinn_statistical:kl_entropy/vs_pinn_statistical,replace_statistical_loss,pinn_statistical,w2,kl_entropy,0.0,0.0,t2m,K,72.0,True,2.0876579956394035,-0.0658674009905198,-0.004001591794549619,2.0217905946488837,-0.03257874537791028,
convlstm,19,pinn_statistical,pinn_statistical:kl_entropy,joint,convlstm/pinn_statistical:kl_entropy/vs_pinn_statistical,replace_statistical_loss,pinn_statistical,w2,kl_entropy,0.0,0.0,t2m,K,78.0,True,2.1386132778800966,-0.0007248172983334022,0.0018247328127789508,2.137888460581763,-0.0003390341973856792,
convlstm,19,pinn_statistical,pinn_statistical:kl_entropy,joint,convlstm/pinn_statistical:kl_entropy/vs_pinn_statistical,replace_statistical_loss,pinn_statistical,w2,kl_entropy,0.0,0.0,t2m,K,84.0,True,2.182523520925118,-0.004308938724507438,0.0009608493733647139,2.1782145822006105,-0.001978197538350157,
convlstm,19,pinn_statistical,pinn_statistical:kl_entropy,joint,convlstm/pinn_statistical:kl_entropy/vs_pinn_statistical,replace_statistical_loss,pinn_statistical,w2,kl_entropy,0.0,0.0,t2m,K,90.0,True,2.184758885043082,-0.04550994004843023,-0.003852538253704907,2.1392489449946517,-0.021273793381977768,
convlstm,19,pinn_statistical,pinn_statistical:kl_entropy,joint,convlstm/pinn_statistical:kl_entropy/vs_pinn_statistical,replace_statistical_loss,pinn_statistical,w2,kl_entropy,0.0,0.0,t2m,K,96.0,True,2.1897097540381845,-0.05529474703437964,-0.0036300091453068672,2.134415007003805,-0.02590627729515438,
convlstm,19,pinn_statistical,pinn_statistical:kl_entropy,joint,convlstm/pinn_statistical:kl_entropy/vs_pinn_statistical,replace_statistical_loss,pinn_statistical,w2,kl_entropy,0.0,0.0,t2m,K,102.0,True,2.2288903497916825,0.002492315155086633,0.0017688903556596358,2.231382664946769,0.0011169375805588633,
convlstm,19,pinn_statistical,pinn_statistical:kl_entropy,joint,convlstm/pinn_statistical:kl_entropy/vs_pinn_statistical,replace_statistical_loss,pinn_statistical,w2,kl_entropy,0.0,0.0,t2m,K,108.0,True,2.2578203720888483,-0.0021372025620580715,0.0014870845610381878,2.2556831695267903,-0.0009474746236219911,
convlstm,19,pinn_statistical,pinn_statistical:kl_entropy,joint,convlstm/pinn_statistical:kl_entropy/vs_pinn_statistical,replace_statistical_loss,pinn_statistical,w2,kl_entropy,0.0,0.0,t2m,K,114.0,True,2.253840139331891,-0.0369491403100648,-0.003046539908131085,2.2168909990218264,-0.016667098349160137,
convlstm,19,pinn_statistical,pinn_statistical:kl_entropy,joint,convlstm/pinn_statistical:kl_entropy/vs_pinn_statistical,replace_statistical_loss,pinn_statistical,w2,kl_entropy,0.0,0.0,t2m,K,120.0,True,2.258264672702971,-0.044087766515248816,-0.0026693336082503905,2.2141769061877223,-0.019911582670761874,
convlstm,19,pinn_statistical,pinn_statistical:kl_entropy,joint,convlstm/pinn_statistical:kl_entropy/vs_pinn_statistical,replace_statistical_loss,pinn_statistical,w2,kl_entropy,0.0,0.0,u10,m s**-1,6.0,True,1.2255662611911378,-0.014509077200792309,-0.0022119691012085774,1.2110571839903455,-0.011980505456386403,
convlstm,19,pinn_statistical,pinn_statistical:kl_entropy,joint,convlstm/pinn_statistical:kl_entropy/vs_pinn_statistical,replace_statistical_loss,pinn_statistical,w2,kl_entropy,0.0,0.0,u10,m s**-1,12.0,True,1.3778313607804844,-0.008035124116689607,-0.0015761628463503152,1.3697962366637948,-0.005865926552886203,
convlstm,19,pinn_statistical,pinn_statistical:kl_entropy,joint,convlstm/pinn_statistical:kl_entropy/vs_pinn_statistical,replace_statistical_loss,pinn_statistical,w2,kl_entropy,0.0,0.0,u10,m s**-1,18.0,True,1.5637914500447565,0.00038001186235914197,-0.00012194090250527978,1.5641714619071156,0.00024294770209898342,
convlstm,19,pinn_statistical,pinn_statistical:kl_entropy,joint,convlstm/pinn_statistical:kl_entropy/vs_pinn_statistical,replace_statistical_loss,pinn_statistical,w2,kl_entropy,0.0,0.0,u10,m s**-1,24.0,True,1.7175977388662835,0.0007722007855377466,0.00011573226890249089,1.7183699396518213,0.00044937982661297227,
convlstm,19,pinn_statistical,pinn_statistical:kl_entropy,joint,convlstm/pinn_statistical:kl_entropy/vs_pinn_statistical,replace_statistical_loss,pinn_statistical,w2,kl_entropy,0.0,0.0,u10,m s**-1,30.0,True,1.8660286423558845,0.0016084678061798474,0.0005060526671769594,1.8676371101620644,0.0008612314444963465,
convlstm,19,pinn_statistical,pinn_statistical:kl_entropy,joint,convlstm/pinn_statistical:kl_entropy/vs_pinn_statistical,replace_statistical_loss,pinn_statistical,w2,kl_entropy,0.0,0.0,u10,m s**-1,36.0,True,1.9959551220990384,0.000991844228910299,0.00045688113420494503,1.9969469663279487,0.0004966803053033653,
convlstm,19,pinn_statistical,pinn_statistical:kl_entropy,joint,convlstm/pinn_statistical:kl_entropy/vs_pinn_statistical,replace_statistical_loss,pinn_statistical,w2,kl_entropy,0.0,0.0,u10,m s**-1,42.0,True,2.1037871234674936,0.007506536537611019,0.0024769362800057815,2.1112936600051047,0.003555420394523834,
convlstm,19,pinn_statistical,pinn_statistical:kl_entropy,joint,convlstm/pinn_statistical:kl_entropy/vs_pinn_statistical,replace_statistical_loss,pinn_statistical,w2,kl_entropy,0.0,0.0,u10,m s**-1,48.0,True,2.195231771053813,0.0077978999098990975,0.0029279668786936774,2.203029670963712,0.003539625458829132,
convlstm,19,pinn_statistical,pinn_statistical:kl_entropy,joint,convlstm/pinn_statistical:kl_entropy/vs_pinn_statistical,replace_statistical_loss,pinn_statistical,w2,kl_entropy,0.0,0.0,u10,m s**-1,54.0,True,2.277203052995928,0.008904578680233755,0.003753661807747055,2.286107631676162,0.0038950828722377207,
convlstm,19,pinn_statistical,pinn_statistical:kl_entropy,joint,convlstm/pinn_statistical:kl_entropy/vs_pinn_statistical,replace_statistical_loss,pinn_statistical,w2,kl_entropy,0.0,0.0,u10,m s**-1,60.0,True,2.352343148426537,0.008369908543505389,0.0039195757241018425,2.3607130569700425,0.0035455001694479904,
convlstm,19,pinn_statistical,pinn_statistical:kl_entropy,joint,convlstm/pinn_statistical:kl_entropy/vs_pinn_statistical,replace_statistical_loss,pinn_statistical,w2,kl_entropy,0.0,0.0,u10,m s**-1,66.0,True,2.417389012019992,0.011892304575590096,0.0052371871007853565,2.429281316595582,0.004895400336860201,
convlstm,19,pinn_statistical,pinn_statistical:kl_entropy,joint,convlstm/pinn_statistical:kl_entropy/vs_pinn_statistical,replace_statistical_loss,pinn_statistical,w2,kl_entropy,0.0,0.0,u10,m s**-1,72.0,True,2.472662224549211,0.012200117757583673,0.005358928007121788,2.4848623423067946,0.004909776107057007,
convlstm,19,pinn_statistical,pinn_statistical:kl_entropy,joint,convlstm/pinn_statistical:kl_entropy/vs_pinn_statistical,replace_statistical_loss,pinn_statistical,w2,kl_entropy,0.0,0.0,u10,m s**-1,78.0,True,2.521802971101421,0.010438803592807133,0.005392435302469467,2.5322417746942283,0.004122356600039789,
convlstm,19,pinn_statistical,pinn_statistical:kl_entropy,joint,convlstm/pinn_statistical:kl_entropy/vs_pinn_statistical,replace_statistical_loss,pinn_statistical,w2,kl_entropy,0.0,0.0,u10,m s**-1,84.0,True,2.5675660362367,0.00828661140834619,0.004919387484283666,2.5758526476450463,0.003217036275705465,
convlstm,19,pinn_statistical,pinn_statistical:kl_entropy,joint,convlstm/pinn_statistical:kl_entropy/vs_pinn_statistical,replace_statistical_loss,pinn_statistical,w2,kl_entropy,0.0,0.0,u10,m s**-1,90.0,True,2.6084038792399564,0.006871947148335167,0.004359136295009558,2.6152758263882916,0.00262761850164972,
convlstm,19,pinn_statistical,pinn_statistical:kl_entropy,joint,convlstm/pinn_statistical:kl_entropy/vs_pinn_statistical,replace_statistical_loss,pinn_statistical,w2,kl_entropy,0.0,0.0,u10,m s**-1,96.0,True,2.642586701595711,0.005047809952938298,0.0035506897700247064,2.6476345115486493,0.0019065357891809853,
convlstm,19,pinn_statistical,pinn_statistical:kl_entropy,joint,convlstm/pinn_statistical:kl_entropy/vs_pinn_statistical,replace_statistical_loss,pinn_statistical,w2,kl_entropy,0.0,0.0,u10,m s**-1,102.0,True,2.671623907305405,0.0021647263235533565,0.0028930806996393388,2.6737886336289582,0.0008096101151477963,
convlstm,19,pinn_statistical,pinn_statistical:kl_entropy,joint,convlstm/pinn_statistical:kl_entropy/vs_pinn_statistical,replace_statistical_loss,pinn_statistical,w2,kl_entropy,0.0,0.0,u10,m s**-1,108.0,True,2.6996105403771753,-0.0015935475146480194,0.001592896827655732,2.6980169928625273,-0.0005906365745151909,
convlstm,19,pinn_statistical,pinn_statistical:kl_entropy,joint,convlstm/pinn_statistical:kl_entropy/vs_pinn_statistical,replace_statistical_loss,pinn_statistical,w2,kl_entropy,0.0,0.0,u10,m s**-1,114.0,True,2.725159808272965,-0.004584765430789783,7.400328032836079e-05,2.7205750428421753,-0.0016852192490892648,
convlstm,19,pinn_statistical,pinn_statistical:kl_entropy,joint,convlstm/pinn_statistical:kl_entropy/vs_pinn_statistical,replace_statistical_loss,pinn_statistical,w2,kl_entropy,0.0,0.0,u10,m s**-1,120.0,True,2.7462146648344055,-0.006166629090685216,-0.0006022608972128252,2.7400480357437202,-0.002250555103502583,
convlstm,19,pinn_statistical,pinn_statistical:kl_entropy,joint,convlstm/pinn_statistical:kl_entropy/vs_pinn_statistical,replace_statistical_loss,pinn_statistical,w2,kl_entropy,0.0,0.0,v10,m s**-1,6.0,True,1.3464046425530893,0.004520459453312142,0.0005352348915105276,1.3509251020064015,0.003346195467534341,
convlstm,19,pinn_statistical,pinn_statistical:kl_entropy,joint,convlstm/pinn_statistical:kl_entropy/vs_pinn_statistical,replace_statistical_loss,pinn_statistical,w2,kl_entropy,0.0,0.0,v10,m s**-1,12.0,True,1.5198857328764586,0.006253738721725188,0.0011642783690396508,1.5261394715981837,0.004097750459973515,
convlstm,19,pinn_statistical,pinn_statistical:kl_entropy,joint,convlstm/pinn_statistical:kl_entropy/vs_pinn_statistical,replace_statistical_loss,pinn_statistical,w2,kl_entropy,0.0,0.0,v10,m s**-1,18.0,True,1.7142356536078383,0.009647569928362687,0.002369110618276049,1.723883223536201,0.005596417319134073,
convlstm,19,pinn_statistical,pinn_statistical:kl_entropy,joint,convlstm/pinn_statistical:kl_entropy/vs_pinn_statistical,replace_statistical_loss,pinn_statistical,w2,kl_entropy,0.0,0.0,v10,m s**-1,24.0,True,1.8746510681400765,0.013180454944594855,0.003622845917153672,1.8878315230846714,0.006981796194958312,
convlstm,19,pinn_statistical,pinn_statistical:kl_entropy,joint,convlstm/pinn_statistical:kl_entropy/vs_pinn_statistical,replace_statistical_loss,pinn_statistical,w2,kl_entropy,0.0,0.0,v10,m s**-1,30.0,True,2.03831629182524,0.011668766003238407,0.0038498079565930654,2.0499850578284784,0.005692122466296912,
convlstm,19,pinn_statistical,pinn_statistical:kl_entropy,joint,convlstm/pinn_statistical:kl_entropy/vs_pinn_statistical,replace_statistical_loss,pinn_statistical,w2,kl_entropy,0.0,0.0,v10,m s**-1,36.0,True,2.171379811564297,0.011070931484966628,0.004230017070455672,2.1824507430492637,0.005072706231847746,
convlstm,19,pinn_statistical,pinn_statistical:kl_entropy,joint,convlstm/pinn_statistical:kl_entropy/vs_pinn_statistical,replace_statistical_loss,pinn_statistical,w2,kl_entropy,0.0,0.0,v10,m s**-1,42.0,True,2.284514944468238,0.014134689202441209,0.0056493976638702925,2.298649633670679,0.006149127294301837,
convlstm,19,pinn_statistical,pinn_statistical:kl_entropy,joint,convlstm/pinn_statistical:kl_entropy/vs_pinn_statistical,replace_statistical_loss,pinn_statistical,w2,kl_entropy,0.0,0.0,v10,m s**-1,48.0,True,2.380899408465778,0.015697112838565452,0.006476363388079331,2.3965965213043434,0.0065497519916378755,
convlstm,19,pinn_statistical,pinn_statistical:kl_entropy,joint,convlstm/pinn_statistical:kl_entropy/vs_pinn_statistical,replace_statistical_loss,pinn_statistical,w2,kl_entropy,0.0,0.0,v10,m s**-1,54.0,True,2.4717134828904874,0.01345574444123665,0.006195167603564422,2.485169227331724,0.005414417776162361,
convlstm,19,pinn_statistical,pinn_statistical:kl_entropy,joint,convlstm/pinn_statistical:kl_entropy/vs_pinn_statistical,replace_statistical_loss,pinn_statistical,w2,kl_entropy,0.0,0.0,v10,m s**-1,60.0,True,2.547470613170432,0.0135075924386725,0.00668168403994529,2.5609782056091044,0.005274387891739174,
convlstm,19,pinn_statistical,pinn_statistical:kl_entropy,joint,convlstm/pinn_statistical:kl_entropy/vs_pinn_statistical,replace_statistical_loss,pinn_statistical,w2,kl_entropy,0.0,0.0,v10,m s**-1,66.0,True,2.6110360208173495,0.013869827743287377,0.007376790752883999,2.624905848560637,0.005283933422180809,
convlstm,19,pinn_statistical,pinn_statistical:kl_entropy,joint,convlstm/pinn_statistical:kl_entropy/vs_pinn_statistical,replace_statistical_loss,pinn_statistical,w2,kl_entropy,0.0,0.0,v10,m s**-1,72.0,True,2.6670661021889814,0.013417564585906483,0.007749671944304648,2.680483666774888,0.005005650566806241,
convlstm,19,pinn_statistical,pinn_statistical:kl_entropy,joint,convlstm/pinn_statistical:kl_entropy/vs_pinn_statistical,replace_statistical_loss,pinn_statistical,w2,kl_entropy,0.0,0.0,v10,m s**-1,78.0,True,2.716971552814698,0.010506259985812338,0.007087817240253369,2.7274778128005104,0.0038520056649057333,
convlstm,19,pinn_statistical,pinn_statistical:kl_entropy,joint,convlstm/pinn_statistical:kl_entropy/vs_pinn_statistical,replace_statistical_loss,pinn_statistical,w2,kl_entropy,0.0,0.0,v10,m s**-1,84.0,True,2.760816838456352,0.00893572366009776,0.007119353389064942,2.76975256211645,0.003226181205612688,
convlstm,19,pinn_statistical,pinn_statistical:kl_entropy,joint,convlstm/pinn_statistical:kl_entropy/vs_pinn_statistical,replace_statistical_loss,pinn_statistical,w2,kl_entropy,0.0,0.0,v10,m s**-1,90.0,True,2.7949771312408154,0.008936209090003366,0.007627701669630282,2.8039133403308187,0.0031870489581353745,
convlstm,19,pinn_statistical,pinn_statistical:kl_entropy,joint,convlstm/pinn_statistical:kl_entropy/vs_pinn_statistical,replace_statistical_loss,pinn_statistical,w2,kl_entropy,0.0,0.0,v10,m s**-1,96.0,True,2.8272865458273335,0.007549960559741997,0.007476782604711407,2.8348365063870755,0.002663279008412456,
convlstm,19,pinn_statistical,pinn_statistical:kl_entropy,joint,convlstm/pinn_statistical:kl_entropy/vs_pinn_statistical,replace_statistical_loss,pinn_statistical,w2,kl_entropy,0.0,0.0,v10,m s**-1,102.0,True,2.85457894927123,0.004646234862790255,0.006261014370138596,2.8592251841340204,0.0016249978800454423,
convlstm,19,pinn_statistical,pinn_statistical:kl_entropy,joint,convlstm/pinn_statistical:kl_entropy/vs_pinn_statistical,replace_statistical_loss,pinn_statistical,w2,kl_entropy,0.0,0.0,v10,m s**-1,108.0,True,2.879739568647076,0.002057496653593116,0.005314110830356766,2.881797065300669,0.0007139630608855585,
convlstm,19,pinn_statistical,pinn_statistical:kl_entropy,joint,convlstm/pinn_statistical:kl_entropy/vs_pinn_statistical,replace_statistical_loss,pinn_statistical,w2,kl_entropy,0.0,0.0,v10,m s**-1,114.0,True,2.898943452597031,0.0005537365893193424,0.0046778623384155504,2.8994971891863504,0.00019097676362112015,
convlstm,19,pinn_statistical,pinn_statistical:kl_entropy,joint,convlstm/pinn_statistical:kl_entropy/vs_pinn_statistical,replace_statistical_loss,pinn_statistical,w2,kl_entropy,0.0,0.0,v10,m s**-1,120.0,True,2.91865698429224,-0.0018824416598697269,0.003429023392450492,2.9167745426323703,-0.0006453846988703216,
convlstm,43,pinn_statistical,pinn_statistical:kl_entropy,joint,convlstm/pinn_statistical:kl_entropy/vs_pinn_statistical,replace_statistical_loss,pinn_statistical,w2,kl_entropy,0.0,0.0,msl,Pa,6.0,True,237.31321111590609,-10.405246214202492,-0.0025118478299799296,226.9079649017036,-0.045856681226285056,
convlstm,43,pinn_statistical,pinn_statistical:kl_entropy,joint,convlstm/pinn_statistical:kl_entropy/vs_pinn_statistical,replace_statistical_loss,pinn_statistical,w2,kl_entropy,0.0,0.0,msl,Pa,12.0,True,259.40560142127697,-15.3669465822679,-0.00487751854515972,244.03865483900907,-0.06296931358028246,
convlstm,43,pinn_statistical,pinn_statistical:kl_entropy,joint,convlstm/pinn_statistical:kl_entropy/vs_pinn_statistical,replace_statistical_loss,pinn_statistical,w2,kl_entropy,0.0,0.0,msl,Pa,18.0,True,302.8674190934218,-6.841078209034322,-0.002133358756701509,296.0263408843875,-0.023109694186660645,
convlstm,43,pinn_statistical,pinn_statistical:kl_entropy,joint,convlstm/pinn_statistical:kl_entropy/vs_pinn_statistical,replace_statistical_loss,pinn_statistical,w2,kl_entropy,0.0,0.0,msl,Pa,24.0,True,334.78511190118985,-7.561797136131986,-0.004156727791677306,327.22331476505786,-0.02310898030466224,
convlstm,43,pinn_statistical,pinn_statistical:kl_entropy,joint,convlstm/pinn_statistical:kl_entropy/vs_pinn_statistical,replace_statistical_loss,pinn_statistical,w2,kl_entropy,0.0,0.0,msl,Pa,30.0,True,373.2526403837458,-2.720074815218709,-0.0009396149086455807,370.5325655685271,-0.007340987184338843,
convlstm,43,pinn_statistical,pinn_statistical:kl_entropy,joint,convlstm/pinn_statistical:kl_entropy/vs_pinn_statistical,replace_statistical_loss,pinn_statistical,w2,kl_entropy,0.0,0.0,msl,Pa,36.0,True,406.1874371576061,-2.9969473072806068,-0.001296931332284923,403.1904898503255,-0.007433080349670718,
convlstm,43,pinn_statistical,pinn_statistical:kl_entropy,joint,convlstm/pinn_statistical:kl_entropy/vs_pinn_statistical,replace_statistical_loss,pinn_statistical,w2,kl_entropy,0.0,0.0,msl,Pa,42.0,True,434.2888956040593,-2.896224343017991,-0.001968278087618902,431.3926712610413,-0.006713661441099195,
convlstm,43,pinn_statistical,pinn_statistical:kl_entropy,joint,convlstm/pinn_statistical:kl_entropy/vs_pinn_statistical,replace_statistical_loss,pinn_statistical,w2,kl_entropy,0.0,0.0,msl,Pa,48.0,True,458.2228403433325,-2.305825726164869,-0.0011990584079726307,455.91701461716764,-0.005057555766154298,
convlstm,43,pinn_statistical,pinn_statistical:kl_entropy,joint,convlstm/pinn_statistical:kl_entropy/vs_pinn_statistical,replace_statistical_loss,pinn_statistical,w2,kl_entropy,0.0,0.0,msl,Pa,54.0,True,480.5030483367863,-0.6788270584121392,0.0006776140126305563,479.8242212783742,-0.0014147411245801766,
convlstm,43,pinn_statistical,pinn_statistical:kl_entropy,joint,convlstm/pinn_statistical:kl_entropy/vs_pinn_statistical,replace_statistical_loss,pinn_statistical,w2,kl_entropy,0.0,0.0,msl,Pa,60.0,True,499.6252108376089,-1.175501007720868,-0.00011285868613408745,498.44970982988804,-0.002358314157955954,
convlstm,43,pinn_statistical,pinn_statistical:kl_entropy,joint,convlstm/pinn_statistical:kl_entropy/vs_pinn_statistical,replace_statistical_loss,pinn_statistical,w2,kl_entropy,0.0,0.0,msl,Pa,66.0,True,517.9171885108808,-1.855176247209556,-0.0016097626575087842,516.0620122636712,-0.0035948707773933997,
convlstm,43,pinn_statistical,pinn_statistical:kl_entropy,joint,convlstm/pinn_statistical:kl_entropy/vs_pinn_statistical,replace_statistical_loss,pinn_statistical,w2,kl_entropy,0.0,0.0,msl,Pa,72.0,True,531.2899081846448,-1.3090487864078568,-0.0008956458340328988,529.9808593982369,-0.00246999257273961,
convlstm,43,pinn_statistical,pinn_statistical:kl_entropy,joint,convlstm/pinn_statistical:kl_entropy/vs_pinn_statistical,replace_statistical_loss,pinn_statistical,w2,kl_entropy,0.0,0.0,msl,Pa,78.0,True,545.5840514873645,-0.4120208019819529,0.00042826110280436147,545.1720306853825,-0.0007557629129726351,
convlstm,43,pinn_statistical,pinn_statistical:kl_entropy,joint,convlstm/pinn_statistical:kl_entropy/vs_pinn_statistical,replace_statistical_loss,pinn_statistical,w2,kl_entropy,0.0,0.0,msl,Pa,84.0,True,556.7333669633524,-0.37274409598103375,-0.0003864082979482264,556.3606228673714,-0.0006699685072246719,
convlstm,43,pinn_statistical,pinn_statistical:kl_entropy,joint,convlstm/pinn_statistical:kl_entropy/vs_pinn_statistical,replace_statistical_loss,pinn_statistical,w2,kl_entropy,0.0,0.0,msl,Pa,90.0,True,568.5725396148587,-1.3307575888153451,-0.0025826879329164942,567.2417820260433,-0.002346014752408143,
convlstm,43,pinn_statistical,pinn_statistical:kl_entropy,joint,convlstm/pinn_statistical:kl_entropy/vs_pinn_statistical,replace_statistical_loss,pinn_statistical,w2,kl_entropy,0.0,0.0,msl,Pa,96.0,True,576.8892761206728,-0.7891702948155626,-0.0024040417959361182,576.1001058258572,-0.0013698492446625465,
convlstm,43,pinn_statistical,pinn_statistical:kl_entropy,joint,convlstm/pinn_statistical:kl_entropy/vs_pinn_statistical,replace_statistical_loss,pinn_statistical,w2,kl_entropy,0.0,0.0,msl,Pa,102.0,True,585.8695222433851,-0.9092130105634624,-0.0026664649860060896,584.9603092328216,-0.0015543157308499644,
convlstm,43,pinn_statistical,pinn_statistical:kl_entropy,joint,convlstm/pinn_statistical:kl_entropy/vs_pinn_statistical,replace_statistical_loss,pinn_statistical,w2,kl_entropy,0.0,0.0,msl,Pa,108.0,True,593.3893860418983,-0.7975033992087219,-0.0034524128675048615,592.5918826426896,-0.001345788598474007,
convlstm,43,pinn_statistical,pinn_statistical:kl_entropy,joint,convlstm/pinn_statistical:kl_entropy/vs_pinn_statistical,replace_statistical_loss,pinn_statistical,w2,kl_entropy,0.0,0.0,msl,Pa,114.0,True,601.1128293372839,-1.6741134923449863,-0.005798695229867534,599.4387158449389,-0.0027928017461889,
convlstm,43,pinn_statistical,pinn_statistical:kl_entropy,joint,convlstm/pinn_statistical:kl_entropy/vs_pinn_statistical,replace_statistical_loss,pinn_statistical,w2,kl_entropy,0.0,0.0,msl,Pa,120.0,True,606.6691463190682,-1.3296342506513383,-0.005919804421060437,605.3395120684169,-0.0021965099322660553,
convlstm,43,pinn_statistical,pinn_statistical:kl_entropy,joint,convlstm/pinn_statistical:kl_entropy/vs_pinn_statistical,replace_statistical_loss,pinn_statistical,w2,kl_entropy,0.0,0.0,t2m,K,6.0,True,2.0145270839963274,0.10363422769416131,0.0156100406852836,2.1181613116904887,0.048926503907982144,
convlstm,43,pinn_statistical,pinn_statistical:kl_entropy,joint,convlstm/pinn_statistical:kl_entropy/vs_pinn_statistical,replace_statistical_loss,pinn_statistical,w2,kl_entropy,0.0,0.0,t2m,K,12.0,True,2.4915856410835255,-0.036276416293586244,0.006591300410192735,2.4553092247899393,-0.014774683338180994,
convlstm,43,pinn_statistical,pinn_statistical:kl_entropy,joint,convlstm/pinn_statistical:kl_entropy/vs_pinn_statistical,replace_statistical_loss,pinn_statistical,w2,kl_entropy,0.0,0.0,t2m,K,18.0,True,2.074741498911016,0.162545120931187,0.013741896788274754,2.237286619842203,0.07265279266840263,
convlstm,43,pinn_statistical,pinn_statistical:kl_entropy,joint,convlstm/pinn_statistical:kl_entropy/vs_pinn_statistical,replace_statistical_loss,pinn_statistical,w2,kl_entropy,0.0,0.0,t2m,K,24.0,True,1.8107158486491342,-0.12296149392553835,-0.0047658050148230435,1.6877543547235958,-0.07285508911969352,
convlstm,43,pinn_statistical,pinn_statistical:kl_entropy,joint,convlstm/pinn_statistical:kl_entropy/vs_pinn_statistical,replace_statistical_loss,pinn_statistical,w2,kl_entropy,0.0,0.0,t2m,K,30.0,True,2.0719916305071187,-0.029681598455555402,0.004751331647609991,2.0423100320515633,-0.014533346058991592,
convlstm,43,pinn_statistical,pinn_statistical:kl_entropy,joint,convlstm/pinn_statistical:kl_entropy/vs_pinn_statistical,replace_statistical_loss,pinn_statistical,w2,kl_entropy,0.0,0.0,t2m,K,36.0,True,2.275752359488597,-0.05553467608653584,-0.005617174891409782,2.220217683402061,-0.025013167178021822,
convlstm,43,pinn_statistical,pinn_statistical:kl_entropy,joint,convlstm/pinn_statistical:kl_entropy/vs_pinn_statistical,replace_statistical_loss,pinn_statistical,w2,kl_entropy,0.0,0.0,t2m,K,42.0,True,2.1142817679851693,0.027409412368406993,0.0004456452655970944,2.1416911803535763,0.012798022712070867,
convlstm,43,pinn_statistical,pinn_statistical:kl_entropy,joint,convlstm/pinn_statistical:kl_entropy/vs_pinn_statistical,replace_statistical_loss,pinn_statistical,w2,kl_entropy,0.0,0.0,t2m,K,48.0,True,1.94997098302348,-0.012965373956188131,0.0016061591270961628,1.9370056090672918,-0.006693513893556213,
convlstm,43,pinn_statistical,pinn_statistical:kl_entropy,joint,convlstm/pinn_statistical:kl_entropy/vs_pinn_statistical,replace_statistical_loss,pinn_statistical,w2,kl_entropy,0.0,0.0,t2m,K,54.0,True,2.133184863233177,0.03373968753886869,0.009217062617374872,2.1669245507720456,0.015570310247695396,
convlstm,43,pinn_statistical,pinn_statistical:kl_entropy,joint,convlstm/pinn_statistical:kl_entropy/vs_pinn_statistical,replace_statistical_loss,pinn_statistical,w2,kl_entropy,0.0,0.0,t2m,K,60.0,True,2.283189196233762,-0.023669175828415767,-0.0011087235185667232,2.259520020405346,-0.010475311400059972,
convlstm,43,pinn_statistical,pinn_statistical:kl_entropy,joint,convlstm/pinn_statistical:kl_entropy/vs_pinn_statistical,replace_statistical_loss,pinn_statistical,w2,kl_entropy,0.0,0.0,t2m,K,66.0,True,2.200093808488207,-0.014289555541907362,-0.0013082440375687954,2.1858042529462995,-0.006537436059357082,
convlstm,43,pinn_statistical,pinn_statistical:kl_entropy,joint,convlstm/pinn_statistical:kl_entropy/vs_pinn_statistical,replace_statistical_loss,pinn_statistical,w2,kl_entropy,0.0,0.0,t2m,K,72.0,True,2.1054110724263047,-0.015059048577057865,0.002313414282876347,2.090352023849247,-0.007204073000741662,
convlstm,43,pinn_statistical,pinn_statistical:kl_entropy,joint,convlstm/pinn_statistical:kl_entropy/vs_pinn_statistical,replace_statistical_loss,pinn_statistical,w2,kl_entropy,0.0,0.0,t2m,K,78.0,True,2.2249997376321207,0.02800794792442529,0.007045356606454334,2.253007685556546,0.01243135924656491,
convlstm,43,pinn_statistical,pinn_statistical:kl_entropy,joint,convlstm/pinn_statistical:kl_entropy/vs_pinn_statistical,replace_statistical_loss,pinn_statistical,w2,kl_entropy,0.0,0.0,t2m,K,84.0,True,2.3480053763862516,-0.015840700589003553,-0.0006668202288067082,2.332164675797248,-0.006792273613178024,
convlstm,43,pinn_statistical,pinn_statistical:kl_entropy,joint,convlstm/pinn_statistical:kl_entropy/vs_pinn_statistical,replace_statistical_loss,pinn_statistical,w2,kl_entropy,0.0,0.0,t2m,K,90.0,True,2.2862874086119467,-0.021516681750021416,-0.002478017943193467,2.2647707268619253,-0.00950060043377321,
convlstm,43,pinn_statistical,pinn_statistical:kl_entropy,joint,convlstm/pinn_statistical:kl_entropy/vs_pinn_statistical,replace_statistical_loss,pinn_statistical,w2,kl_entropy,0.0,0.0,t2m,K,96.0,True,2.206661120981836,-0.008093986300253153,0.00163415659114452,2.198567134681583,-0.003681482440346384,
convlstm,43,pinn_statistical,pinn_statistical:kl_entropy,joint,convlstm/pinn_statistical:kl_entropy/vs_pinn_statistical,replace_statistical_loss,pinn_statistical,w2,kl_entropy,0.0,0.0,t2m,K,102.0,True,2.2950211260076006,0.026180711814652646,0.004481052464365365,2.321201837822253,0.011278946702547588,
convlstm,43,pinn_statistical,pinn_statistical:kl_entropy,joint,convlstm/pinn_statistical:kl_entropy/vs_pinn_statistical,replace_statistical_loss,pinn_statistical,w2,kl_entropy,0.0,0.0,t2m,K,108.0,True,2.402855803002781,-0.014622173227625268,-0.002121161173190833,2.3882336297751556,-0.006122589115790111,
convlstm,43,pinn_statistical,pinn_statistical:kl_entropy,joint,convlstm/pinn_statistical:kl_entropy/vs_pinn_statistical,replace_statistical_loss,pinn_statistical,w2,kl_entropy,0.0,0.0,t2m,K,114.0,True,2.355758833488575,-0.021496393211886566,-0.003820868062340499,2.3342624402766883,-0.009209072999237566,
convlstm,43,pinn_statistical,pinn_statistical:kl_entropy,joint,convlstm/pinn_statistical:kl_entropy/vs_pinn_statistical,replace_statistical_loss,pinn_statistical,w2,kl_entropy,0.0,0.0,t2m,K,120.0,True,2.275014817890316,0.002949252264532465,0.0005933900473088505,2.2779640701548485,0.0012946877886146346,
convlstm,43,pinn_statistical,pinn_statistical:kl_entropy,joint,convlstm/pinn_statistical:kl_entropy/vs_pinn_statistical,replace_statistical_loss,pinn_statistical,w2,kl_entropy,0.0,0.0,u10,m s**-1,6.0,True,1.2172890815165938,-0.00022809805436740938,3.403079524777475e-05,1.2170609834622264,-0.0001874171117690615,
convlstm,43,pinn_statistical,pinn_statistical:kl_entropy,joint,convlstm/pinn_statistical:kl_entropy/vs_pinn_statistical,replace_statistical_loss,pinn_statistical,w2,kl_entropy,0.0,0.0,u10,m s**-1,12.0,True,1.3683461465037654,-0.006708439920713571,-0.000857568942745357,1.3616377065830518,-0.004926743647212906,
convlstm,43,pinn_statistical,pinn_statistical:kl_entropy,joint,convlstm/pinn_statistical:kl_entropy/vs_pinn_statistical,replace_statistical_loss,pinn_statistical,w2,kl_entropy,0.0,0.0,u10,m s**-1,18.0,True,1.557894020924702,-0.005177950460625302,-0.00045223153609141864,1.5527160704640768,-0.003334769671751836,
convlstm,43,pinn_statistical,pinn_statistical:kl_entropy,joint,convlstm/pinn_statistical:kl_entropy/vs_pinn_statistical,replace_statistical_loss,pinn_statistical,w2,kl_entropy,0.0,0.0,u10,m s**-1,24.0,True,1.715872599924756,-0.009115261093210592,-0.0008651578779195201,1.7067573388315453,-0.00534068955546485,
convlstm,43,pinn_statistical,pinn_statistical:kl_entropy,joint,convlstm/pinn_statistical:kl_entropy/vs_pinn_statistical,replace_statistical_loss,pinn_statistical,w2,kl_entropy,0.0,0.0,u10,m s**-1,30.0,True,1.8704492097685226,-0.007063395157054675,-0.0005006290247765444,1.863385814611468,-0.0037906240895837495,
convlstm,43,pinn_statistical,pinn_statistical:kl_entropy,joint,convlstm/pinn_statistical:kl_entropy/vs_pinn_statistical,replace_statistical_loss,pinn_statistical,w2,kl_entropy,0.0,0.0,u10,m s**-1,36.0,True,1.9999361179650668,-0.008802729391419462,-0.0007580110916761695,1.9911333885736473,-0.004420964181473197,
convlstm,43,pinn_statistical,pinn_statistical:kl_entropy,joint,convlstm/pinn_statistical:kl_entropy/vs_pinn_statistical,replace_statistical_loss,pinn_statistical,w2,kl_entropy,0.0,0.0,u10,m s**-1,42.0,True,2.1111072700165465,-0.008706992339671427,-0.0005847425883713786,2.102400277676875,-0.004141453191440991,
convlstm,43,pinn_statistical,pinn_statistical:kl_entropy,joint,convlstm/pinn_statistical:kl_entropy/vs_pinn_statistical,replace_statistical_loss,pinn_statistical,w2,kl_entropy,0.0,0.0,u10,m s**-1,48.0,True,2.2045901702376582,-0.008686163164521865,0.00020557549028032973,2.1959040070731364,-0.003955620617542177,
convlstm,43,pinn_statistical,pinn_statistical:kl_entropy,joint,convlstm/pinn_statistical:kl_entropy/vs_pinn_statistical,replace_statistical_loss,pinn_statistical,w2,kl_entropy,0.0,0.0,u10,m s**-1,54.0,True,2.288542341813782,-0.007737975441376221,0.000695886249586275,2.2808043663724056,-0.0033926519764093666,
convlstm,43,pinn_statistical,pinn_statistical:kl_entropy,joint,convlstm/pinn_statistical:kl_entropy/vs_pinn_statistical,replace_statistical_loss,pinn_statistical,w2,kl_entropy,0.0,0.0,u10,m s**-1,60.0,True,2.360415308717366,-0.007342611042624458,0.0008117849868100047,2.3530726976747416,-0.003120435271668498,
convlstm,43,pinn_statistical,pinn_statistical:kl_entropy,joint,convlstm/pinn_statistical:kl_entropy/vs_pinn_statistical,replace_statistical_loss,pinn_statistical,w2,kl_entropy,0.0,0.0,u10,m s**-1,66.0,True,2.4268801922202647,-0.007477706189950251,0.0007801383862874323,2.4194024860303145,-0.0030907243557558584,
convlstm,43,pinn_statistical,pinn_statistical:kl_entropy,joint,convlstm/pinn_statistical:kl_entropy/vs_pinn_statistical,replace_statistical_loss,pinn_statistical,w2,kl_entropy,0.0,0.0,u10,m s**-1,72.0,True,2.4795970388307387,-0.003500344829839186,0.002796237057276607,2.4760966940008995,-0.0014136543368115095,
convlstm,43,pinn_statistical,pinn_statistical:kl_entropy,joint,convlstm/pinn_statistical:kl_entropy/vs_pinn_statistical,replace_statistical_loss,pinn_statistical,w2,kl_entropy,0.0,0.0,u10,m s**-1,78.0,True,2.5290599338096382,-0.0034131129287322537,0.0025355446235280077,2.525646820880906,-0.0013513817135928363,
convlstm,43,pinn_statistical,pinn_statistical:kl_entropy,joint,convlstm/pinn_statistical:kl_entropy/vs_pinn_statistical,replace_statistical_loss,pinn_statistical,w2,kl_entropy,0.0,0.0,u10,m s**-1,84.0,True,2.57037072788521,-0.0018627989783861487,0.002697112762890308,2.568507928906824,-0.0007252455627726473,
convlstm,43,pinn_statistical,pinn_statistical:kl_entropy,joint,convlstm/pinn_statistical:kl_entropy/vs_pinn_statistical,replace_statistical_loss,pinn_statistical,w2,kl_entropy,0.0,0.0,u10,m s**-1,90.0,True,2.6111106159575534,-0.004453287505153725,0.0014692916471651385,2.6066573284523997,-0.00170842843688912,
convlstm,43,pinn_statistical,pinn_statistical:kl_entropy,joint,convlstm/pinn_statistical:kl_entropy/vs_pinn_statistical,replace_statistical_loss,pinn_statistical,w2,kl_entropy,0.0,0.0,u10,m s**-1,96.0,True,2.642507209680274,-0.0005824681639721163,0.0030403602122087148,2.641924741516302,-0.0002204711416713412,
convlstm,43,pinn_statistical,pinn_statistical:kl_entropy,joint,convlstm/pinn_statistical:kl_entropy/vs_pinn_statistical,replace_statistical_loss,pinn_statistical,w2,kl_entropy,0.0,0.0,u10,m s**-1,102.0,True,2.6723589442524203,-0.0031707907363287546,0.0012057213593746896,2.6691881535160915,-0.0011879232762785907,
convlstm,43,pinn_statistical,pinn_statistical:kl_entropy,joint,convlstm/pinn_statistical:kl_entropy/vs_pinn_statistical,replace_statistical_loss,pinn_statistical,w2,kl_entropy,0.0,0.0,u10,m s**-1,108.0,True,2.6972509329587955,-0.0016891105710561405,0.0011830095816588448,2.6955618223877393,-0.0006266265373797708,
convlstm,43,pinn_statistical,pinn_statistical:kl_entropy,joint,convlstm/pinn_statistical:kl_entropy/vs_pinn_statistical,replace_statistical_loss,pinn_statistical,w2,kl_entropy,0.0,0.0,u10,m s**-1,114.0,True,2.7228648096169987,-0.00436315139416843,-3.4187607646063434e-05,2.7185016582228303,-0.0016049839002196808,
convlstm,43,pinn_statistical,pinn_statistical:kl_entropy,joint,convlstm/pinn_statistical:kl_entropy/vs_pinn_statistical,replace_statistical_loss,pinn_statistical,w2,kl_entropy,0.0,0.0,u10,m s**-1,120.0,True,2.742566874532842,-0.000937115616091333,0.0012131945445773007,2.741629758916751,-0.0003418096893075262,
convlstm,43,pinn_statistical,pinn_statistical:kl_entropy,joint,convlstm/pinn_statistical:kl_entropy/vs_pinn_statistical,replace_statistical_loss,pinn_statistical,w2,kl_entropy,0.0,0.0,v10,m s**-1,6.0,True,1.349574288338861,-0.004279687581365099,-0.00046648258488279915,1.345294600757496,-0.0031812270553641664,
convlstm,43,pinn_statistical,pinn_statistical:kl_entropy,joint,convlstm/pinn_statistical:kl_entropy/vs_pinn_statistical,replace_statistical_loss,pinn_statistical,w2,kl_entropy,0.0,0.0,v10,m s**-1,12.0,True,1.5227491199646221,-0.015261508948477776,-0.002454155125817925,1.5074876110161444,-0.0101238038952709,
convlstm,43,pinn_statistical,pinn_statistical:kl_entropy,joint,convlstm/pinn_statistical:kl_entropy/vs_pinn_statistical,replace_statistical_loss,pinn_statistical,w2,kl_entropy,0.0,0.0,v10,m s**-1,18.0,True,1.7157659944861536,-0.0128589771121983,-0.002049015696375389,1.7029070173739553,-0.00755119156889017,
convlstm,43,pinn_statistical,pinn_statistical:kl_entropy,joint,convlstm/pinn_statistical:kl_entropy/vs_pinn_statistical,replace_statistical_loss,pinn_statistical,w2,kl_entropy,0.0,0.0,v10,m s**-1,24.0,True,1.8774383586180696,-0.010065000991526407,-0.0013964461330088218,1.8673733576265432,-0.00538992427541074,
convlstm,43,pinn_statistical,pinn_statistical:kl_entropy,joint,convlstm/pinn_statistical:kl_entropy/vs_pinn_statistical,replace_statistical_loss,pinn_statistical,w2,kl_entropy,0.0,0.0,v10,m s**-1,30.0,True,2.0406040175407765,-0.008916651089034833,-0.001097515333262744,2.0316873664517416,-0.00438879093125788,
convlstm,43,pinn_statistical,pinn_statistical:kl_entropy,joint,convlstm/pinn_statistical:kl_entropy/vs_pinn_statistical,replace_statistical_loss,pinn_statistical,w2,kl_entropy,0.0,0.0,v10,m s**-1,36.0,True,2.1795640574485833,-0.013726878464911163,-0.002560582765361863,2.165837178983672,-0.0063379087763895114,
convlstm,43,pinn_statistical,pinn_statistical:kl_entropy,joint,convlstm/pinn_statistical:kl_entropy/vs_pinn_statistical,replace_statistical_loss,pinn_statistical,w2,kl_entropy,0.0,0.0,v10,m s**-1,42.0,True,2.2940511518310123,-0.01132483308008636,-0.0023773873491176323,2.282726318750926,-0.0049610997985440886,
convlstm,43,pinn_statistical,pinn_statistical:kl_entropy,joint,convlstm/pinn_statistical:kl_entropy/vs_pinn_statistical,replace_statistical_loss,pinn_statistical,w2,kl_entropy,0.0,0.0,v10,m s**-1,48.0,True,2.3939176233888353,-0.010635855906897085,-0.002180991929591869,2.383281767481938,-0.004462693438944232,
convlstm,43,pinn_statistical,pinn_statistical:kl_entropy,joint,convlstm/pinn_statistical:kl_entropy/vs_pinn_statistical,replace_statistical_loss,pinn_statistical,w2,kl_entropy,0.0,0.0,v10,m s**-1,54.0,True,2.487518168185586,-0.011794414454800783,-0.002905065381718974,2.4757237537307852,-0.004764026857611681,
convlstm,43,pinn_statistical,pinn_statistical:kl_entropy,joint,convlstm/pinn_statistical:kl_entropy/vs_pinn_statistical,replace_statistical_loss,pinn_statistical,w2,kl_entropy,0.0,0.0,v10,m s**-1,60.0,True,2.5688068017050667,-0.013787935262031148,-0.004119115011634644,2.5550188664430356,-0.005396412309560006,
convlstm,43,pinn_statistical,pinn_statistical:kl_entropy,joint,convlstm/pinn_statistical:kl_entropy/vs_pinn_statistical,replace_statistical_loss,pinn_statistical,w2,kl_entropy,0.0,0.0,v10,m s**-1,66.0,True,2.634000606801768,-0.010170793339646877,-0.0035823679751487703,2.623829813462121,-0.0038763159437640304,
convlstm,43,pinn_statistical,pinn_statistical:kl_entropy,joint,convlstm/pinn_statistical:kl_entropy/vs_pinn_statistical,replace_statistical_loss,pinn_statistical,w2,kl_entropy,0.0,0.0,v10,m s**-1,72.0,True,2.6905790851613074,-0.006998259678078433,-0.0027459779646781257,2.683580825483229,-0.002607806558916792,
convlstm,43,pinn_statistical,pinn_statistical:kl_entropy,joint,convlstm/pinn_statistical:kl_entropy/vs_pinn_statistical,replace_statistical_loss,pinn_statistical,w2,kl_entropy,0.0,0.0,v10,m s**-1,78.0,True,2.7415603157595307,-0.008703080250216821,-0.004122808273928136,2.732857235509314,-0.0031846084519651097,
convlstm,43,pinn_statistical,pinn_statistical:kl_entropy,joint,convlstm/pinn_statistical:kl_entropy/vs_pinn_statistical,replace_statistical_loss,pinn_statistical,w2,kl_entropy,0.0,0.0,v10,m s**-1,84.0,True,2.787742902118046,-0.010472377888566697,-0.00562567931155139,2.7772705242294795,-0.0037707446203758543,
convlstm,43,pinn_statistical,pinn_statistical:kl_entropy,joint,convlstm/pinn_statistical:kl_entropy/vs_pinn_statistical,replace_statistical_loss,pinn_statistical,w2,kl_entropy,0.0,0.0,v10,m s**-1,90.0,True,2.8227032734556285,-0.00916714865780488,-0.006212512212258714,2.8135361247978237,-0.0032582303020771697,
convlstm,43,pinn_statistical,pinn_statistical:kl_entropy,joint,convlstm/pinn_statistical:kl_entropy/vs_pinn_statistical,replace_statistical_loss,pinn_statistical,w2,kl_entropy,0.0,0.0,v10,m s**-1,96.0,True,2.8545977704455243,-0.008350668625253466,-0.006512159394754524,2.846247101820271,-0.0029339225747171405,
convlstm,43,pinn_statistical,pinn_statistical:kl_entropy,joint,convlstm/pinn_statistical:kl_entropy/vs_pinn_statistical,replace_statistical_loss,pinn_statistical,w2,kl_entropy,0.0,0.0,v10,m s**-1,102.0,True,2.8821888805893967,-0.0102611365176708,-0.00808725446041103,2.871927744071726,-0.0035729090116740636,
convlstm,43,pinn_statistical,pinn_statistical:kl_entropy,joint,convlstm/pinn_statistical:kl_entropy/vs_pinn_statistical,replace_statistical_loss,pinn_statistical,w2,kl_entropy,0.0,0.0,v10,m s**-1,108.0,True,2.907829041602999,-0.011283196562246633,-0.009064587232187782,2.896545845040752,-0.00389539719578913,
convlstm,43,pinn_statistical,pinn_statistical:kl_entropy,joint,convlstm/pinn_statistical:kl_entropy/vs_pinn_statistical,replace_statistical_loss,pinn_statistical,w2,kl_entropy,0.0,0.0,v10,m s**-1,114.0,True,2.9255921175343476,-0.008447612059715226,-0.00860236004240894,2.9171445054746323,-0.0028958497064035527,
convlstm,43,pinn_statistical,pinn_statistical:kl_entropy,joint,convlstm/pinn_statistical:kl_entropy/vs_pinn_statistical,replace_statistical_loss,pinn_statistical,w2,kl_entropy,0.0,0.0,v10,m s**-1,120.0,True,2.942686913191363,-0.007062803403277584,-0.008457027417780039,2.9356241097880855,-0.0024058950121470524,
mlp,7,pinn_statistical,pinn_statistical:kl_entropy,joint,mlp/pinn_statistical:kl_entropy/vs_pinn_statistical,replace_statistical_loss,pinn_statistical,w2,kl_entropy,0.0,0.0,msl,Pa,6.0,True,237.60138607172084,2.2294181748418396,0.001976699037560592,239.83080424656268,0.009295795766709913,
mlp,7,pinn_statistical,pinn_statistical:kl_entropy,joint,mlp/pinn_statistical:kl_entropy/vs_pinn_statistical,replace_statistical_loss,pinn_statistical,w2,kl_entropy,0.0,0.0,msl,Pa,12.0,True,256.9845137172224,-1.6787593216944003,-0.00012523989155055482,255.305754395528,-0.006575485639440881,
mlp,7,pinn_statistical,pinn_statistical:kl_entropy,joint,mlp/pinn_statistical:kl_entropy/vs_pinn_statistical,replace_statistical_loss,pinn_statistical,w2,kl_entropy,0.0,0.0,msl,Pa,18.0,True,306.1708962789063,-3.358826566725213,-0.0015726686871935236,302.8120697121811,-0.011092115878728714,
mlp,7,pinn_statistical,pinn_statistical:kl_entropy,joint,mlp/pinn_statistical:kl_entropy/vs_pinn_statistical,replace_statistical_loss,pinn_statistical,w2,kl_entropy,0.0,0.0,msl,Pa,24.0,True,328.7416525151143,-4.700228233773657,-0.0025310043353676814,324.04142428134065,-0.014505022758117603,
mlp,7,pinn_statistical,pinn_statistical:kl_entropy,joint,mlp/pinn_statistical:kl_entropy/vs_pinn_statistical,replace_statistical_loss,pinn_statistical,w2,kl_entropy,0.0,0.0,msl,Pa,30.0,True,380.13592227790036,-4.021585845757045,-0.0031031395902511028,376.1143364321433,-0.010692455607797857,
mlp,7,pinn_statistical,pinn_statistical:kl_entropy,joint,mlp/pinn_statistical:kl_entropy/vs_pinn_statistical,replace_statistical_loss,pinn_statistical,w2,kl_entropy,0.0,0.0,msl,Pa,36.0,True,410.38390855776385,-3.3229004103386046,-0.0030197785275031253,407.06100814742524,-0.008163150839382682,
mlp,7,pinn_statistical,pinn_statistical:kl_entropy,joint,mlp/pinn_statistical:kl_entropy/vs_pinn_statistical,replace_statistical_loss,pinn_statistical,w2,kl_entropy,0.0,0.0,msl,Pa,42.0,True,443.3372124973972,-4.343111259160594,-0.005086653788969775,438.9941012382366,-0.00989332486908201,
mlp,7,pinn_statistical,pinn_statistical:kl_entropy,joint,mlp/pinn_statistical:kl_entropy/vs_pinn_statistical,replace_statistical_loss,pinn_statistical,w2,kl_entropy,0.0,0.0,msl,Pa,48.0,True,459.7449496829636,-4.041315327499547,-0.00518929972538551,455.70363435546403,-0.008868297338061604,
mlp,7,pinn_statistical,pinn_statistical:kl_entropy,joint,mlp/pinn_statistical:kl_entropy/vs_pinn_statistical,replace_statistical_loss,pinn_statistical,w2,kl_entropy,0.0,0.0,msl,Pa,54.0,True,489.03852288936173,-4.1464193633279365,-0.006315778713930742,484.8921035260338,-0.008551220638933987,
mlp,7,pinn_statistical,pinn_statistical:kl_entropy,joint,mlp/pinn_statistical:kl_entropy/vs_pinn_statistical,replace_statistical_loss,pinn_statistical,w2,kl_entropy,0.0,0.0,msl,Pa,60.0,True,508.90968672903847,-3.4665485748365086,-0.00592066853414408,505.44313815420196,-0.006858434338421926,
mlp,7,pinn_statistical,pinn_statistical:kl_entropy,joint,mlp/pinn_statistical:kl_entropy/vs_pinn_statistical,replace_statistical_loss,pinn_statistical,w2,kl_entropy,0.0,0.0,msl,Pa,66.0,True,528.3058983020654,-4.558037156796104,-0.008197860717180427,523.7478611452693,-0.008702731781718764,
mlp,7,pinn_statistical,pinn_statistical:kl_entropy,joint,mlp/pinn_statistical:kl_entropy/vs_pinn_statistical,replace_statistical_loss,pinn_statistical,w2,kl_entropy,0.0,0.0,msl,Pa,72.0,True,536.2707342309964,-4.351613643617043,-0.008079920769828774,531.9191205873793,-0.008180968638261676,
mlp,7,pinn_statistical,pinn_statistical:kl_entropy,joint,mlp/pinn_statistical:kl_entropy/vs_pinn_statistical,replace_statistical_loss,pinn_statistical,w2,kl_entropy,0.0,0.0,msl,Pa,78.0,True,554.3188091800637,-3.833058179276577,-0.007900048704813312,550.4857510007871,-0.006963047040378534,
mlp,7,pinn_statistical,pinn_statistical:kl_entropy,joint,mlp/pinn_statistical:kl_entropy/vs_pinn_statistical,replace_statistical_loss,pinn_statistical,w2,kl_entropy,0.0,0.0,msl,Pa,84.0,True,565.9779255535645,-3.9724900983408133,-0.008469444954743777,562.0054354552237,-0.007068419356341504,
mlp,7,pinn_statistical,pinn_statistical:kl_entropy,joint,mlp/pinn_statistical:kl_entropy/vs_pinn_statistical,replace_statistical_loss,pinn_statistical,w2,kl_entropy,0.0,0.0,msl,Pa,90.0,True,579.0302496726537,-4.125702336606423,-0.009223037869384942,574.9045473360472,-0.0071763258017767395,
mlp,7,pinn_statistical,pinn_statistical:kl_entropy,joint,mlp/pinn_statistical:kl_entropy/vs_pinn_statistical,replace_statistical_loss,pinn_statistical,w2,kl_entropy,0.0,0.0,msl,Pa,96.0,True,581.4020460061445,-4.318705423995311,-0.009646252264307376,577.0833405821492,-0.007483677175013748,
mlp,7,pinn_statistical,pinn_statistical:kl_entropy,joint,mlp/pinn_statistical:kl_entropy/vs_pinn_statistical,replace_statistical_loss,pinn_statistical,w2,kl_entropy,0.0,0.0,msl,Pa,102.0,True,594.0855000709881,-3.2345094413142306,-0.008159330482866878,590.8509906296739,-0.005474323463293462,
mlp,7,pinn_statistical,pinn_statistical:kl_entropy,joint,mlp/pinn_statistical:kl_entropy/vs_pinn_statistical,replace_statistical_loss,pinn_statistical,w2,kl_entropy,0.0,0.0,msl,Pa,108.0,True,600.8974708585378,-3.6707495394792886,-0.009262191482175275,597.2267213190585,-0.006146325019369403,
mlp,7,pinn_statistical,pinn_statistical:kl_entropy,joint,mlp/pinn_statistical:kl_entropy/vs_pinn_statistical,replace_statistical_loss,pinn_statistical,w2,kl_entropy,0.0,0.0,msl,Pa,114.0,True,609.9059379472495,-3.7024027902328953,-0.009674401391232101,606.2035351570166,-0.006107524248062823,
mlp,7,pinn_statistical,pinn_statistical:kl_entropy,joint,mlp/pinn_statistical:kl_entropy/vs_pinn_statistical,replace_statistical_loss,pinn_statistical,w2,kl_entropy,0.0,0.0,msl,Pa,120.0,True,609.7092885003426,-3.923256588119557,-0.010097082582235961,605.786031912223,-0.0064763074442892865,
mlp,7,pinn_statistical,pinn_statistical:kl_entropy,joint,mlp/pinn_statistical:kl_entropy/vs_pinn_statistical,replace_statistical_loss,pinn_statistical,w2,kl_entropy,0.0,0.0,t2m,K,6.0,True,2.6949622500510033,0.02474846853365298,0.0057857922928432615,2.7197107185846563,0.009099669448128678,
mlp,7,pinn_statistical,pinn_statistical:kl_entropy,joint,mlp/pinn_statistical:kl_entropy/vs_pinn_statistical,replace_statistical_loss,pinn_statistical,w2,kl_entropy,0.0,0.0,t2m,K,12.0,True,3.114107243310968,0.0038858519731816976,5.564469567376218e-05,3.1179930952841497,0.0012462670231884188,
mlp,7,pinn_statistical,pinn_statistical:kl_entropy,joint,mlp/pinn_statistical:kl_entropy/vs_pinn_statistical,replace_statistical_loss,pinn_statistical,w2,kl_entropy,0.0,0.0,t2m,K,18.0,True,2.548091830543957,0.0010899628371086045,0.0004756849282407938,2.5491817933810657,0.0004275736002582464,
mlp,7,pinn_statistical,pinn_statistical:kl_entropy,joint,mlp/pinn_statistical:kl_entropy/vs_pinn_statistical,replace_statistical_loss,pinn_statistical,w2,kl_entropy,0.0,0.0,t2m,K,24.0,True,1.7675203010428924,0.00562477147598095,0.000951380943385427,1.7731450725188733,0.0031722003817716837,
mlp,7,pinn_statistical,pinn_statistical:kl_entropy,joint,mlp/pinn_statistical:kl_entropy/vs_pinn_statistical,replace_statistical_loss,pinn_statistical,w2,kl_entropy,0.0,0.0,t2m,K,30.0,True,2.5750463797200003,-0.008535877226644839,-0.0010906456927791686,2.5665105024933554,-0.00332586880838881,
mlp,7,pinn_statistical,pinn_statistical:kl_entropy,joint,mlp/pinn_statistical:kl_entropy/vs_pinn_statistical,replace_statistical_loss,pinn_statistical,w2,kl_entropy,0.0,0.0,t2m,K,36.0,True,3.034486627045397,-0.009327376413570843,-0.001976312471500874,3.0251592506318263,-0.003083267901226261,
mlp,7,pinn_statistical,pinn_statistical:kl_entropy,joint,mlp/pinn_statistical:kl_entropy/vs_pinn_statistical,replace_statistical_loss,pinn_statistical,w2,kl_entropy,0.0,0.0,t2m,K,42.0,True,2.5665959695217495,-0.02510341590696097,-0.002924427741562985,2.5414925536147885,-0.009877430437974732,
mlp,7,pinn_statistical,pinn_statistical:kl_entropy,joint,mlp/pinn_statistical:kl_entropy/vs_pinn_statistical,replace_statistical_loss,pinn_statistical,w2,kl_entropy,0.0,0.0,t2m,K,48.0,True,1.916848613359244,-0.017090205109338452,-0.0008409105815101459,1.8997584082499055,-0.008995988666307353,
mlp,7,pinn_statistical,pinn_statistical:kl_entropy,joint,mlp/pinn_statistical:kl_entropy/vs_pinn_statistical,replace_statistical_loss,pinn_statistical,w2,kl_entropy,0.0,0.0,t2m,K,54.0,True,2.664480849938804,-0.0163702744212757,-0.0022251352905732213,2.6481105755175283,-0.006181869659304784,
mlp,7,pinn_statistical,pinn_statistical:kl_entropy,joint,mlp/pinn_statistical:kl_entropy/vs_pinn_statistical,replace_statistical_loss,pinn_statistical,w2,kl_entropy,0.0,0.0,t2m,K,60.0,True,3.097153430094024,-0.013186147807656923,-0.002863907293468526,3.083967282286367,-0.0042757093706522475,
mlp,7,pinn_statistical,pinn_statistical:kl_entropy,joint,mlp/pinn_statistical:kl_entropy/vs_pinn_statistical,replace_statistical_loss,pinn_statistical,w2,kl_entropy,0.0,0.0,t2m,K,66.0,True,2.6709487291035248,-0.023927266754149468,-0.0035724449409300085,2.6470214623493753,-0.009039317245623124,
mlp,7,pinn_statistical,pinn_statistical:kl_entropy,joint,mlp/pinn_statistical:kl_entropy/vs_pinn_statistical,replace_statistical_loss,pinn_statistical,w2,kl_entropy,0.0,0.0,t2m,K,72.0,True,2.0797283133184568,-0.0018700783462701764,0.00020415810779228494,2.0778582349721866,-0.0009000028562080598,
mlp,7,pinn_statistical,pinn_statistical:kl_entropy,joint,mlp/pinn_statistical:kl_entropy/vs_pinn_statistical,replace_statistical_loss,pinn_statistical,w2,kl_entropy,0.0,0.0,t2m,K,78.0,True,2.7688798343073353,-0.004892809026771694,-0.001883255834817632,2.7639870252805636,-0.0017701997086165822,
mlp,7,pinn_statistical,pinn_statistical:kl_entropy,joint,mlp/pinn_statistical:kl_entropy/vs_pinn_statistical,replace_statistical_loss,pinn_statistical,w2,kl_entropy,0.0,0.0,t2m,K,84.0,True,3.1743443650762604,-0.003229545968352454,-0.0029355547244048763,3.171114819107908,-0.001018426059155031,
mlp,7,pinn_statistical,pinn_statistical:kl_entropy,joint,mlp/pinn_statistical:kl_entropy/vs_pinn_statistical,replace_statistical_loss,pinn_statistical,w2,kl_entropy,0.0,0.0,t2m,K,90.0,True,2.758488741110528,-0.01150839235255674,-0.003249653335937186,2.746980348757971,-0.004189470215089086,
mlp,7,pinn_statistical,pinn_statistical:kl_entropy,joint,mlp/pinn_statistical:kl_entropy/vs_pinn_statistical,replace_statistical_loss,pinn_statistical,w2,kl_entropy,0.0,0.0,t2m,K,96.0,True,2.193015006161277,0.016109607801328973,0.0016324115654603455,2.209124613962606,0.007292303792873156,
mlp,7,pinn_statistical,pinn_statistical:kl_entropy,joint,mlp/pinn_statistical:kl_entropy/vs_pinn_statistical,replace_statistical_loss,pinn_statistical,w2,kl_entropy,0.0,0.0,t2m,K,102.0,True,2.847769003221957,0.007290981817480002,-0.0010517147568244178,2.855059985039437,0.002553705300653908,
mlp,7,pinn_statistical,pinn_statistical:kl_entropy,joint,mlp/pinn_statistical:kl_entropy/vs_pinn_statistical,replace_statistical_loss,pinn_statistical,w2,kl_entropy,0.0,0.0,t2m,K,108.0,True,3.238284940787263,0.007542930237674383,-0.002182940410271006,3.2458278710249373,0.00232388485692947,
mlp,7,pinn_statistical,pinn_statistical:kl_entropy,joint,mlp/pinn_statistical:kl_entropy/vs_pinn_statistical,replace_statistical_loss,pinn_statistical,w2,kl_entropy,0.0,0.0,t2m,K,114.0,True,2.829134346467576,0.002141666563888034,-0.0014778008546629806,2.8312760130314643,0.0007564315715001824,
mlp,7,pinn_statistical,pinn_statistical:kl_entropy,joint,mlp/pinn_statistical:kl_entropy/vs_pinn_statistical,replace_statistical_loss,pinn_statistical,w2,kl_entropy,0.0,0.0,t2m,K,120.0,True,2.284263335294338,0.030661543457545903,0.004263554831297478,2.3149248787518837,0.013245156997957253,
mlp,7,pinn_statistical,pinn_statistical:kl_entropy,joint,mlp/pinn_statistical:kl_entropy/vs_pinn_statistical,replace_statistical_loss,pinn_statistical,w2,kl_entropy,0.0,0.0,u10,m s**-1,6.0,True,1.2165848046824046,-0.004552574070636473,-0.0008353653472467082,1.2120322306117681,-0.0037561493462419104,
mlp,7,pinn_statistical,pinn_statistical:kl_entropy,joint,mlp/pinn_statistical:kl_entropy/vs_pinn_statistical,replace_statistical_loss,pinn_statistical,w2,kl_entropy,0.0,0.0,u10,m s**-1,12.0,True,1.3582936500377123,-0.010303015237339341,-0.001875148377039948,1.347990634800373,-0.007643239479082187,
mlp,7,pinn_statistical,pinn_statistical:kl_entropy,joint,mlp/pinn_statistical:kl_entropy/vs_pinn_statistical,replace_statistical_loss,pinn_statistical,w2,kl_entropy,0.0,0.0,u10,m s**-1,18.0,True,1.5403459199444667,-0.010453465003017248,-0.0022237087140136724,1.5298924549414494,-0.0068328103516381855,
mlp,7,pinn_statistical,pinn_statistical:kl_entropy,joint,mlp/pinn_statistical:kl_entropy/vs_pinn_statistical,replace_statistical_loss,pinn_statistical,w2,kl_entropy,0.0,0.0,u10,m s**-1,24.0,True,1.6849187278482016,-0.011204754367365233,-0.0026012170340298235,1.6737139734808364,-0.006694545510701921,
mlp,7,pinn_statistical,pinn_statistical:kl_entropy,joint,mlp/pinn_statistical:kl_entropy/vs_pinn_statistical,replace_statistical_loss,pinn_statistical,w2,kl_entropy,0.0,0.0,u10,m s**-1,30.0,True,1.8513629682513046,-0.010658131865133535,-0.0029109227217999356,1.840704836386171,-0.005790244940116818,
mlp,7,pinn_statistical,pinn_statistical:kl_entropy,joint,mlp/pinn_statistical:kl_entropy/vs_pinn_statistical,replace_statistical_loss,pinn_statistical,w2,kl_entropy,0.0,0.0,u10,m s**-1,36.0,True,1.9829775419881877,-0.008930926750126522,-0.0027599860232119244,1.9740466152380611,-0.004524172165534024,
mlp,7,pinn_statistical,pinn_statistical:kl_entropy,joint,mlp/pinn_statistical:kl_entropy/vs_pinn_statistical,replace_statistical_loss,pinn_statistical,w2,kl_entropy,0.0,0.0,u10,m s**-1,42.0,True,2.0995463786846176,-0.009206793884139586,-0.0031667308635937585,2.090339584800478,-0.00440444889963576,
mlp,7,pinn_statistical,pinn_statistical:kl_entropy,joint,mlp/pinn_statistical:kl_entropy/vs_pinn_statistical,replace_statistical_loss,pinn_statistical,w2,kl_entropy,0.0,0.0,u10,m s**-1,48.0,True,2.187139793959124,-0.009597185506179162,-0.0035323126749355893,2.177542608452945,-0.004407346827072001,
mlp,7,pinn_statistical,pinn_statistical:kl_entropy,joint,mlp/pinn_statistical:kl_entropy/vs_pinn_statistical,replace_statistical_loss,pinn_statistical,w2,kl_entropy,0.0,0.0,u10,m s**-1,54.0,True,2.2783346163878204,-0.010994792766893191,-0.004345702156426268,2.2673398236209272,-0.00484920374632436,
mlp,7,pinn_statistical,pinn_statistical:kl_entropy,joint,mlp/pinn_statistical:kl_entropy/vs_pinn_statistical,replace_statistical_loss,pinn_statistical,w2,kl_entropy,0.0,0.0,u10,m s**-1,60.0,True,2.353171806066277,-0.009946280274324426,-0.004206484245136921,2.3432255257919525,-0.004244696110060842,
mlp,7,pinn_statistical,pinn_statistical:kl_entropy,joint,mlp/pinn_statistical:kl_entropy/vs_pinn_statistical,replace_statistical_loss,pinn_statistical,w2,kl_entropy,0.0,0.0,u10,m s**-1,66.0,True,2.4238688951670126,-0.010831183534890876,-0.00473609522801588,2.4130377116321218,-0.004488609308789027,
mlp,7,pinn_statistical,pinn_statistical:kl_entropy,joint,mlp/pinn_statistical:kl_entropy/vs_pinn_statistical,replace_statistical_loss,pinn_statistical,w2,kl_entropy,0.0,0.0,u10,m s**-1,72.0,True,2.4733866231781865,-0.012554710852131556,-0.005621146040664882,2.460831912326055,-0.005101815686494593,
mlp,7,pinn_statistical,pinn_statistical:kl_entropy,joint,mlp/pinn_statistical:kl_entropy/vs_pinn_statistical,replace_statistical_loss,pinn_statistical,w2,kl_entropy,0.0,0.0,u10,m s**-1,78.0,True,2.527394822920802,-0.013217704799561414,-0.006094714642491228,2.5141771181212405,-0.0052572687517888905,
mlp,7,pinn_statistical,pinn_statistical:kl_entropy,joint,mlp/pinn_statistical:kl_entropy/vs_pinn_statistical,replace_statistical_loss,pinn_statistical,w2,kl_entropy,0.0,0.0,u10,m s**-1,84.0,True,2.569143766910445,-0.012814550254994117,-0.006087281119313337,2.5563292166554508,-0.005012871648730766,
mlp,7,pinn_statistical,pinn_statistical:kl_entropy,joint,mlp/pinn_statistical:kl_entropy/vs_pinn_statistical,replace_statistical_loss,pinn_statistical,w2,kl_entropy,0.0,0.0,u10,m s**-1,90.0,True,2.614564767411405,-0.013409583051335439,-0.0065347057946996134,2.6011551843600698,-0.005155241460395477,
mlp,7,pinn_statistical,pinn_statistical:kl_entropy,joint,mlp/pinn_statistical:kl_entropy/vs_pinn_statistical,replace_statistical_loss,pinn_statistical,w2,kl_entropy,0.0,0.0,u10,m s**-1,96.0,True,2.6409276330587277,-0.015751247380505262,-0.007870546216267316,2.6251763856782224,-0.006000072020469593,
mlp,7,pinn_statistical,pinn_statistical:kl_entropy,joint,mlp/pinn_statistical:kl_entropy/vs_pinn_statistical,replace_statistical_loss,pinn_statistical,w2,kl_entropy,0.0,0.0,u10,m s**-1,102.0,True,2.6743824807444243,-0.015625414826530015,-0.008028288752567114,2.6587570659178943,-0.005876962219237392,
mlp,7,pinn_statistical,pinn_statistical:kl_entropy,joint,mlp/pinn_statistical:kl_entropy/vs_pinn_statistical,replace_statistical_loss,pinn_statistical,w2,kl_entropy,0.0,0.0,u10,m s**-1,108.0,True,2.6978432209949457,-0.015561616062262473,-0.008229758486327232,2.682281604932683,-0.005801633964772623,
mlp,7,pinn_statistical,pinn_statistical:kl_entropy,joint,mlp/pinn_statistical:kl_entropy/vs_pinn_statistical,replace_statistical_loss,pinn_statistical,w2,kl_entropy,0.0,0.0,u10,m s**-1,114.0,True,2.7285182452203114,-0.01698243757161455,-0.009225444585516551,2.711535807648697,-0.006263032752033215,
mlp,7,pinn_statistical,pinn_statistical:kl_entropy,joint,mlp/pinn_statistical:kl_entropy/vs_pinn_statistical,replace_statistical_loss,pinn_statistical,w2,kl_entropy,0.0,0.0,u10,m s**-1,120.0,True,2.7435206399460315,-0.019426784543714604,-0.010811203701540373,2.724093855402317,-0.007131466672922526,
mlp,7,pinn_statistical,pinn_statistical:kl_entropy,joint,mlp/pinn_statistical:kl_entropy/vs_pinn_statistical,replace_statistical_loss,pinn_statistical,w2,kl_entropy,0.0,0.0,v10,m s**-1,6.0,True,1.345338612883252,-0.0020721794111615566,-0.000613923268297456,1.3432664334720905,-0.001542642144198636,
mlp,7,pinn_statistical,pinn_statistical:kl_entropy,joint,mlp/pinn_statistical:kl_entropy/vs_pinn_statistical,replace_statistical_loss,pinn_statistical,w2,kl_entropy,0.0,0.0,v10,m s**-1,12.0,True,1.4809973357836765,-0.0035358181504141495,-0.0008258402983984947,1.4774615176332624,-0.0023931710628093406,
mlp,7,pinn_statistical,pinn_statistical:kl_entropy,joint,mlp/pinn_statistical:kl_entropy/vs_pinn_statistical,replace_statistical_loss,pinn_statistical,w2,kl_entropy,0.0,0.0,v10,m s**-1,18.0,True,1.665038366137555,-0.0015626177621310688,-0.0004835193450037911,1.663475748375424,-0.0009393691273571481,
mlp,7,pinn_statistical,pinn_statistical:kl_entropy,joint,mlp/pinn_statistical:kl_entropy/vs_pinn_statistical,replace_statistical_loss,pinn_statistical,w2,kl_entropy,0.0,0.0,v10,m s**-1,24.0,True,1.8327764372205442,-0.002861474795431418,-0.0007289723511720858,1.8299149624251128,-0.0015637200931124529,
mlp,7,pinn_statistical,pinn_statistical:kl_entropy,joint,mlp/pinn_statistical:kl_entropy/vs_pinn_statistical,replace_statistical_loss,pinn_statistical,w2,kl_entropy,0.0,0.0,v10,m s**-1,30.0,True,2.0042410949283695,-0.0029138889206574703,-0.0009208727489663504,2.001327206007712,-0.0014559782687759704,
mlp,7,pinn_statistical,pinn_statistical:kl_entropy,joint,mlp/pinn_statistical:kl_entropy/vs_pinn_statistical,replace_statistical_loss,pinn_statistical,w2,kl_entropy,0.0,0.0,v10,m s**-1,36.0,True,2.153549294317797,-0.005272877678472732,-0.001758658773677646,2.1482764166393244,-0.0024544689117433904,
mlp,7,pinn_statistical,pinn_statistical:kl_entropy,joint,mlp/pinn_statistical:kl_entropy/vs_pinn_statistical,replace_statistical_loss,pinn_statistical,w2,kl_entropy,0.0,0.0,v10,m s**-1,42.0,True,2.2789900489401824,-0.005277104526704157,-0.0020745171084410874,2.2737129444134783,-0.002320919419344536,
mlp,7,pinn_statistical,pinn_statistical:kl_entropy,joint,mlp/pinn_statistical:kl_entropy/vs_pinn_statistical,replace_statistical_loss,pinn_statistical,w2,kl_entropy,0.0,0.0,v10,m s**-1,48.0,True,2.38498314139788,-0.007765519260718445,-0.0031330188358352773,2.3772176221371617,-0.0032666421401239543,
mlp,7,pinn_statistical,pinn_statistical:kl_entropy,joint,mlp/pinn_statistical:kl_entropy/vs_pinn_statistical,replace_statistical_loss,pinn_statistical,w2,kl_entropy,0.0,0.0,v10,m s**-1,54.0,True,2.4778493485206234,-0.0071620643040701815,-0.003215708375506665,2.4706872842165533,-0.0028988145726993597,
mlp,7,pinn_statistical,pinn_statistical:kl_entropy,joint,mlp/pinn_statistical:kl_entropy/vs_pinn_statistical,replace_statistical_loss,pinn_statistical,w2,kl_entropy,0.0,0.0,v10,m s**-1,60.0,True,2.5589411716659605,-0.009144923672762317,-0.004138043838123107,2.549796247993198,-0.0035865311512477405,
mlp,7,pinn_statistical,pinn_statistical:kl_entropy,joint,mlp/pinn_statistical:kl_entropy/vs_pinn_statistical,replace_statistical_loss,pinn_statistical,w2,kl_entropy,0.0,0.0,v10,m s**-1,66.0,True,2.626364844390689,-0.008921617273430105,-0.004288092249856712,2.617443227117259,-0.0034085237001515445,
mlp,7,pinn_statistical,pinn_statistical:kl_entropy,joint,mlp/pinn_statistical:kl_entropy/vs_pinn_statistical,replace_statistical_loss,pinn_statistical,w2,kl_entropy,0.0,0.0,v10,m s**-1,72.0,True,2.6836979705110506,-0.009929150079628801,-0.004792112983501129,2.673768820431422,-0.0037135409777224737,
mlp,7,pinn_statistical,pinn_statistical:kl_entropy,joint,mlp/pinn_statistical:kl_entropy/vs_pinn_statistical,replace_statistical_loss,pinn_statistical,w2,kl_entropy,0.0,0.0,v10,m s**-1,78.0,True,2.7313893262333546,-0.009377365128103055,-0.004697679360094464,2.7220119611052516,-0.003445012462140573,
mlp,7,pinn_statistical,pinn_statistical:kl_entropy,joint,mlp/pinn_statistical:kl_entropy/vs_pinn_statistical,replace_statistical_loss,pinn_statistical,w2,kl_entropy,0.0,0.0,v10,m s**-1,84.0,True,2.775572883191832,-0.009707402488865924,-0.004765581015185316,2.765865480702966,-0.003509716056906198,
mlp,7,pinn_statistical,pinn_statistical:kl_entropy,joint,mlp/pinn_statistical:kl_entropy/vs_pinn_statistical,replace_statistical_loss,pinn_statistical,w2,kl_entropy,0.0,0.0,v10,m s**-1,90.0,True,2.8110379668185033,-0.009082871622864808,-0.0045719114025083996,2.8019550951956385,-0.0032416192673603295,
mlp,7,pinn_statistical,pinn_statistical:kl_entropy,joint,mlp/pinn_statistical:kl_entropy/vs_pinn_statistical,replace_statistical_loss,pinn_statistical,w2,kl_entropy,0.0,0.0,v10,m s**-1,96.0,True,2.8436731730277875,-0.008107288076752095,-0.003948700516468284,2.8355658849510355,-0.00285914290328404,
mlp,7,pinn_statistical,pinn_statistical:kl_entropy,joint,mlp/pinn_statistical:kl_entropy/vs_pinn_statistical,replace_statistical_loss,pinn_statistical,w2,kl_entropy,0.0,0.0,v10,m s**-1,102.0,True,2.867880939891162,-0.0071442001643720054,-0.0034916489531123807,2.86073673972679,-0.0024973287702994007,
mlp,7,pinn_statistical,pinn_statistical:kl_entropy,joint,mlp/pinn_statistical:kl_entropy/vs_pinn_statistical,replace_statistical_loss,pinn_statistical,w2,kl_entropy,0.0,0.0,v10,m s**-1,108.0,True,2.8939301563036426,-0.006508399522990871,-0.0029513572730088256,2.8874217567806517,-0.0022540522553404774,
mlp,7,pinn_statistical,pinn_statistical:kl_entropy,joint,mlp/pinn_statistical:kl_entropy/vs_pinn_statistical,replace_statistical_loss,pinn_statistical,w2,kl_entropy,0.0,0.0,v10,m s**-1,114.0,True,2.913460566504511,-0.005662092025864762,-0.0024569604197648975,2.9077984744786463,-0.0019472092290990783,
mlp,7,pinn_statistical,pinn_statistical:kl_entropy,joint,mlp/pinn_statistical:kl_entropy/vs_pinn_statistical,replace_statistical_loss,pinn_statistical,w2,kl_entropy,0.0,0.0,v10,m s**-1,120.0,True,2.9331224442737596,-0.004465683964734346,-0.0014956538151527643,2.928656760309025,-0.0015248232654834215,
mlp,19,pinn_statistical,pinn_statistical:kl_entropy,joint,mlp/pinn_statistical:kl_entropy/vs_pinn_statistical,replace_statistical_loss,pinn_statistical,w2,kl_entropy,0.0,0.0,msl,Pa,6.0,True,240.6918044363766,0.09167333058951499,0.00019625325235261837,240.78347776696612,0.00038072932345567523,
mlp,19,pinn_statistical,pinn_statistical:kl_entropy,joint,mlp/pinn_statistical:kl_entropy/vs_pinn_statistical,replace_statistical_loss,pinn_statistical,w2,kl_entropy,0.0,0.0,msl,Pa,12.0,True,259.95500815567107,-1.0909219189469468,-3.064528118723597e-05,258.8640862367241,-0.004214265233954961,
mlp,19,pinn_statistical,pinn_statistical:kl_entropy,joint,mlp/pinn_statistical:kl_entropy/vs_pinn_statistical,replace_statistical_loss,pinn_statistical,w2,kl_entropy,0.0,0.0,msl,Pa,18.0,True,309.660894115964,-1.2215124117329879,-7.627466769699609e-05,308.43938170423104,-0.003960299767765463,
mlp,19,pinn_statistical,pinn_statistical:kl_entropy,joint,mlp/pinn_statistical:kl_entropy/vs_pinn_statistical,replace_statistical_loss,pinn_statistical,w2,kl_entropy,0.0,0.0,msl,Pa,24.0,True,330.13327916219777,0.9572033778989066,0.0011935640734402897,331.0904825400967,0.0028910628011875605,
mlp,19,pinn_statistical,pinn_statistical:kl_entropy,joint,mlp/pinn_statistical:kl_entropy/vs_pinn_statistical,replace_statistical_loss,pinn_statistical,w2,kl_entropy,0.0,0.0,msl,Pa,30.0,True,381.870132109136,0.6738972124174438,0.0014469181609633175,382.54402932155347,0.0017616199986512093,
mlp,19,pinn_statistical,pinn_statistical:kl_entropy,joint,mlp/pinn_statistical:kl_entropy/vs_pinn_statistical,replace_statistical_loss,pinn_statistical,w2,kl_entropy,0.0,0.0,msl,Pa,36.0,True,410.8506779585871,1.2461639484840248,0.002043955396365482,412.0968419070711,0.0030239589867204764,
mlp,19,pinn_statistical,pinn_statistical:kl_entropy,joint,mlp/pinn_statistical:kl_entropy/vs_pinn_statistical,replace_statistical_loss,pinn_statistical,w2,kl_entropy,0.0,0.0,msl,Pa,42.0,True,443.07522156909937,0.6254115381704537,0.00156810464021373,443.7006331072698,0.001409534924010969,
mlp,19,pinn_statistical,pinn_statistical:kl_entropy,joint,mlp/pinn_statistical:kl_entropy/vs_pinn_statistical,replace_statistical_loss,pinn_statistical,w2,kl_entropy,0.0,0.0,msl,Pa,48.0,True,457.38669122144904,1.6143111691319518,0.0025980509216582126,459.001002390581,0.0035170101170242107,
mlp,19,pinn_statistical,pinn_statistical:kl_entropy,joint,mlp/pinn_statistical:kl_entropy/vs_pinn_statistical,replace_statistical_loss,pinn_statistical,w2,kl_entropy,0.0,0.0,msl,Pa,54.0,True,486.42796313416727,1.1234039254946993,0.0024987121950525992,487.55136705966197,0.002304175521586127,
mlp,19,pinn_statistical,pinn_statistical:kl_entropy,joint,mlp/pinn_statistical:kl_entropy/vs_pinn_statistical,replace_statistical_loss,pinn_statistical,w2,kl_entropy,0.0,0.0,msl,Pa,60.0,True,504.8221315297238,0.7833873817397716,0.0023244038431101677,505.60551891146355,0.001549404332900406,
mlp,19,pinn_statistical,pinn_statistical:kl_entropy,joint,mlp/pinn_statistical:kl_entropy/vs_pinn_statistical,replace_statistical_loss,pinn_statistical,w2,kl_entropy,0.0,0.0,msl,Pa,66.0,True,522.8146523623084,0.3414651107644886,0.0020151795945018147,523.1561174730729,0.0006527021272614286,
mlp,19,pinn_statistical,pinn_statistical:kl_entropy,joint,mlp/pinn_statistical:kl_entropy/vs_pinn_statistical,replace_statistical_loss,pinn_statistical,w2,kl_entropy,0.0,0.0,msl,Pa,72.0,True,529.3971464299132,0.6818289635315296,0.0025783333700769573,530.0789753934447,0.0012862780739897328,
mlp,19,pinn_statistical,pinn_statistical:kl_entropy,joint,mlp/pinn_statistical:kl_entropy/vs_pinn_statistical,replace_statistical_loss,pinn_statistical,w2,kl_entropy,0.0,0.0,msl,Pa,78.0,True,547.3830693240496,0.15145458761924147,0.0023240441601465323,547.5345239116689,0.00027661194135708556,
mlp,19,pinn_statistical,pinn_statistical:kl_entropy,joint,mlp/pinn_statistical:kl_entropy/vs_pinn_statistical,replace_statistical_loss,pinn_statistical,w2,kl_entropy,0.0,0.0,msl,Pa,84.0,True,558.4690796052012,-0.12942026041878307,0.0022064939021742003,558.3396593447824,-0.0002317948550720761,
mlp,19,pinn_statistical,pinn_statistical:kl_entropy,joint,mlp/pinn_statistical:kl_entropy/vs_pinn_statistical,replace_statistical_loss,pinn_statistical,w2,kl_entropy,0.0,0.0,msl,Pa,90.0,True,570.396603915234,-0.4468427557023915,0.001951448989744864,569.9497611595316,-0.0007840037598985106,
mlp,19,pinn_statistical,pinn_statistical:kl_entropy,joint,mlp/pinn_statistical:kl_entropy/vs_pinn_statistical,replace_statistical_loss,pinn_statistical,w2,kl_entropy,0.0,0.0,msl,Pa,96.0,True,572.3702263676159,-0.031665933392559964,0.0026759340332400683,572.3385604342234,-5.532727581480934e-05,
mlp,19,pinn_statistical,pinn_statistical:kl_entropy,joint,mlp/pinn_statistical:kl_entropy/vs_pinn_statistical,replace_statistical_loss,pinn_statistical,w2,kl_entropy,0.0,0.0,msl,Pa,102.0,True,585.8050676460297,-0.7388556279674958,0.0018422021787702914,585.0662120180622,-0.0012628581394555916,
mlp,19,pinn_statistical,pinn_statistical:kl_entropy,joint,mlp/pinn_statistical:kl_entropy/vs_pinn_statistical,replace_statistical_loss,pinn_statistical,w2,kl_entropy,0.0,0.0,msl,Pa,108.0,True,592.5996584326327,-0.8073782950850728,0.001920817761373872,591.7922801375477,-0.0013642933883784014,
mlp,19,pinn_statistical,pinn_statistical:kl_entropy,joint,mlp/pinn_statistical:kl_entropy/vs_pinn_statistical,replace_statistical_loss,pinn_statistical,w2,kl_entropy,0.0,0.0,msl,Pa,114.0,True,601.3821079367856,-1.0961293112191015,0.0014642941721951241,600.2859786255665,-0.0018260118514326074,
mlp,19,pinn_statistical,pinn_statistical:kl_entropy,joint,mlp/pinn_statistical:kl_entropy/vs_pinn_statistical,replace_statistical_loss,pinn_statistical,w2,kl_entropy,0.0,0.0,msl,Pa,120.0,True,600.5414849767097,-0.5457330397722444,0.0024165375669592537,599.9957519369375,-0.000909561506078127,
mlp,19,pinn_statistical,pinn_statistical:kl_entropy,joint,mlp/pinn_statistical:kl_entropy/vs_pinn_statistical,replace_statistical_loss,pinn_statistical,w2,kl_entropy,0.0,0.0,t2m,K,6.0,True,2.7237835196406386,-0.08609470419055487,-0.006697214683489161,2.6376888154500837,-0.03264020520019684,
mlp,19,pinn_statistical,pinn_statistical:kl_entropy,joint,mlp/pinn_statistical:kl_entropy/vs_pinn_statistical,replace_statistical_loss,pinn_statistical,w2,kl_entropy,0.0,0.0,t2m,K,12.0,True,3.1315732093635082,-0.05001532960099642,-0.001689201775561422,3.081557879762512,-0.016230533889842524,
mlp,19,pinn_statistical,pinn_statistical:kl_entropy,joint,mlp/pinn_statistical:kl_entropy/vs_pinn_statistical,replace_statistical_loss,pinn_statistical,w2,kl_entropy,0.0,0.0,t2m,K,18.0,True,2.591850840870306,-0.03689527371476098,-0.0025851278098075747,2.554955567155545,-0.014440671371767522,
mlp,19,pinn_statistical,pinn_statistical:kl_entropy,joint,mlp/pinn_statistical:kl_entropy/vs_pinn_statistical,replace_statistical_loss,pinn_statistical,w2,kl_entropy,0.0,0.0,t2m,K,24.0,True,1.834291089199954,-0.03936325600347845,-0.003492511499065043,1.7949278331964755,-0.021930272223467995,
mlp,19,pinn_statistical,pinn_statistical:kl_entropy,joint,mlp/pinn_statistical:kl_entropy/vs_pinn_statistical,replace_statistical_loss,pinn_statistical,w2,kl_entropy,0.0,0.0,t2m,K,30.0,True,2.6055525623809235,-0.032330423260438224,-0.0034228451738718135,2.5732221391204853,-0.01256417888254635,
mlp,19,pinn_statistical,pinn_statistical:kl_entropy,joint,mlp/pinn_statistical:kl_entropy/vs_pinn_statistical,replace_statistical_loss,pinn_statistical,w2,kl_entropy,0.0,0.0,t2m,K,36.0,True,3.0728420921133544,-0.02424435090760113,-0.003223378216879458,3.048597741205753,-0.007952623784996948,
mlp,19,pinn_statistical,pinn_statistical:kl_entropy,joint,mlp/pinn_statistical:kl_entropy/vs_pinn_statistical,replace_statistical_loss,pinn_statistical,w2,kl_entropy,0.0,0.0,t2m,K,42.0,True,2.617646426402825,-0.01335943348031643,-0.0016877241131290077,2.6042869929225088,-0.005129785433257705,
mlp,19,pinn_statistical,pinn_statistical:kl_entropy,joint,mlp/pinn_statistical:kl_entropy/vs_pinn_statistical,replace_statistical_loss,pinn_statistical,w2,kl_entropy,0.0,0.0,t2m,K,48.0,True,1.974402139378437,-0.012430565517599579,-0.0010389394595402557,1.9619715738608374,-0.006335752099169367,
mlp,19,pinn_statistical,pinn_statistical:kl_entropy,joint,mlp/pinn_statistical:kl_entropy/vs_pinn_statistical,replace_statistical_loss,pinn_statistical,w2,kl_entropy,0.0,0.0,t2m,K,54.0,True,2.7059640339418802,-0.026505412520203553,-0.002685799004615963,2.6794586214216767,-0.009892077566825863,
mlp,19,pinn_statistical,pinn_statistical:kl_entropy,joint,mlp/pinn_statistical:kl_entropy/vs_pinn_statistical,replace_statistical_loss,pinn_statistical,w2,kl_entropy,0.0,0.0,t2m,K,60.0,True,3.1464064095141975,-0.02512847154847142,-0.003523821417486417,3.121277937965726,-0.00805069976076811,
mlp,19,pinn_statistical,pinn_statistical:kl_entropy,joint,mlp/pinn_statistical:kl_entropy/vs_pinn_statistical,replace_statistical_loss,pinn_statistical,w2,kl_entropy,0.0,0.0,t2m,K,66.0,True,2.7196292466353467,-0.01558381396661268,-0.0014471012719716736,2.704045432668734,-0.005763147977596139,
mlp,19,pinn_statistical,pinn_statistical:kl_entropy,joint,mlp/pinn_statistical:kl_entropy/vs_pinn_statistical,replace_statistical_loss,pinn_statistical,w2,kl_entropy,0.0,0.0,t2m,K,72.0,True,2.1349961005748983,-0.025631359415418054,-0.001379878700574655,2.1093647411594802,-0.012151222078988999,
mlp,19,pinn_statistical,pinn_statistical:kl_entropy,joint,mlp/pinn_statistical:kl_entropy/vs_pinn_statistical,replace_statistical_loss,pinn_statistical,w2,kl_entropy,0.0,0.0,t2m,K,78.0,True,2.803848502012933,-0.02974185814915442,-0.0026823107779611055,2.7741066438637785,-0.010721238210125161,
mlp,19,pinn_statistical,pinn_statistical:kl_entropy,joint,mlp/pinn_statistical:kl_entropy/vs_pinn_statistical,replace_statistical_loss,pinn_statistical,w2,kl_entropy,0.0,0.0,t2m,K,84.0,True,3.209883650176169,-0.02277889296085034,-0.0034074527835809,3.1871047572153186,-0.007147205597582307,
mlp,19,pinn_statistical,pinn_statistical:kl_entropy,joint,mlp/pinn_statistical:kl_entropy/vs_pinn_statistical,replace_statistical_loss,pinn_statistical,w2,kl_entropy,0.0,0.0,t2m,K,90.0,True,2.7933245407306537,-0.018946574903677238,-0.0018467218281127407,2.7743779658269765,-0.006829125352439069,
mlp,19,pinn_statistical,pinn_statistical:kl_entropy,joint,mlp/pinn_statistical:kl_entropy/vs_pinn_statistical,replace_statistical_loss,pinn_statistical,w2,kl_entropy,0.0,0.0,t2m,K,96.0,True,2.2414564538165473,-0.04271621272245696,-0.003004724723443264,2.1987402410940904,-0.019427584907074635,
mlp,19,pinn_statistical,pinn_statistical:kl_entropy,joint,mlp/pinn_statistical:kl_entropy/vs_pinn_statistical,replace_statistical_loss,pinn_statistical,w2,kl_entropy,0.0,0.0,t2m,K,102.0,True,2.86944412185059,-0.03310729971089543,-0.0035923266441364454,2.8363368221396947,-0.011672555760115833,
mlp,19,pinn_statistical,pinn_statistical:kl_entropy,joint,mlp/pinn_statistical:kl_entropy/vs_pinn_statistical,replace_statistical_loss,pinn_statistical,w2,kl_entropy,0.0,0.0,t2m,K,108.0,True,3.2514279015190057,-0.0178042821196005,-0.0038171169292151585,3.2336236193994052,-0.0055059846831857495,
mlp,19,pinn_statistical,pinn_statistical:kl_entropy,joint,mlp/pinn_statistical:kl_entropy/vs_pinn_statistical,replace_statistical_loss,pinn_statistical,w2,kl_entropy,0.0,0.0,t2m,K,114.0,True,2.840813311166174,-0.019431155954243717,-0.002908890811911591,2.8213821552119303,-0.006887105285736883,
mlp,19,pinn_statistical,pinn_statistical:kl_entropy,joint,mlp/pinn_statistical:kl_entropy/vs_pinn_statistical,replace_statistical_loss,pinn_statistical,w2,kl_entropy,0.0,0.0,t2m,K,120.0,True,2.3151252048092417,-0.05701749456534255,-0.005538992511932572,2.258107710243899,-0.025250121730988617,
mlp,19,pinn_statistical,pinn_statistical:kl_entropy,joint,mlp/pinn_statistical:kl_entropy/vs_pinn_statistical,replace_statistical_loss,pinn_statistical,w2,kl_entropy,0.0,0.0,u10,m s**-1,6.0,True,1.3182473838817994,-0.031812353130960425,-0.003888690738128031,1.286435030750839,-0.02472907871017238,
mlp,19,pinn_statistical,pinn_statistical:kl_entropy,joint,mlp/pinn_statistical:kl_entropy/vs_pinn_statistical,replace_statistical_loss,pinn_statistical,w2,kl_entropy,0.0,0.0,u10,m s**-1,12.0,True,1.4341997286240715,-0.02509062564917186,-0.0038390599905718803,1.4091091029748997,-0.017806020553128743,
mlp,19,pinn_statistical,pinn_statistical:kl_entropy,joint,mlp/pinn_statistical:kl_entropy/vs_pinn_statistical,replace_statistical_loss,pinn_statistical,w2,kl_entropy,0.0,0.0,u10,m s**-1,18.0,True,1.5949005451483977,-0.017731930069056157,-0.003327790269416986,1.5771686150793416,-0.011242887982629624,
mlp,19,pinn_statistical,pinn_statistical:kl_entropy,joint,mlp/pinn_statistical:kl_entropy/vs_pinn_statistical,replace_statistical_loss,pinn_statistical,w2,kl_entropy,0.0,0.0,u10,m s**-1,24.0,True,1.7201223463141297,-0.010385880068965792,-0.002341194264641855,1.709736466245164,-0.00607455024444481,
mlp,19,pinn_statistical,pinn_statistical:kl_entropy,joint,mlp/pinn_statistical:kl_entropy/vs_pinn_statistical,replace_statistical_loss,pinn_statistical,w2,kl_entropy,0.0,0.0,u10,m s**-1,30.0,True,1.8768961094327292,-0.006355676949082012,-0.0015555528524779927,1.8705404324836472,-0.003397775765072941,
mlp,19,pinn_statistical,pinn_statistical:kl_entropy,joint,mlp/pinn_statistical:kl_entropy/vs_pinn_statistical,replace_statistical_loss,pinn_statistical,w2,kl_entropy,0.0,0.0,u10,m s**-1,36.0,True,1.9978119281498308,-0.0029171006845434277,-0.0007091045091167647,1.9948948274652873,-0.0014622829456376607,
mlp,19,pinn_statistical,pinn_statistical:kl_entropy,joint,mlp/pinn_statistical:kl_entropy/vs_pinn_statistical,replace_statistical_loss,pinn_statistical,w2,kl_entropy,0.0,0.0,u10,m s**-1,42.0,True,2.106341751341685,3.2032259014602715e-05,0.00024475528529843693,2.1063737836006995,1.5207300463004891e-05,
mlp,19,pinn_statistical,pinn_statistical:kl_entropy,joint,mlp/pinn_statistical:kl_entropy/vs_pinn_statistical,replace_statistical_loss,pinn_statistical,w2,kl_entropy,0.0,0.0,u10,m s**-1,48.0,True,2.1840149680955205,0.0035332627818576157,0.0014871216055948322,2.187548230877378,0.001615170231213825,
mlp,19,pinn_statistical,pinn_statistical:kl_entropy,joint,mlp/pinn_statistical:kl_entropy/vs_pinn_statistical,replace_statistical_loss,pinn_statistical,w2,kl_entropy,0.0,0.0,u10,m s**-1,54.0,True,2.2693708130781247,0.006811501352900873,0.003045375168561848,2.2761823144310256,0.002992511324649061,
mlp,19,pinn_statistical,pinn_statistical:kl_entropy,joint,mlp/pinn_statistical:kl_entropy/vs_pinn_statistical,replace_statistical_loss,pinn_statistical,w2,kl_entropy,0.0,0.0,u10,m s**-1,60.0,True,2.3368145800674474,0.008213227602274387,0.0039999556032100925,2.3450278076697217,0.0035024009418617164,
mlp,19,pinn_statistical,pinn_statistical:kl_entropy,joint,mlp/pinn_statistical:kl_entropy/vs_pinn_statistical,replace_statistical_loss,pinn_statistical,w2,kl_entropy,0.0,0.0,u10,m s**-1,66.0,True,2.4010426199565367,0.010167092156713409,0.005300482438572063,2.41120971211325,0.004216593897095167,
mlp,19,pinn_statistical,pinn_statistical:kl_entropy,joint,mlp/pinn_statistical:kl_entropy/vs_pinn_statistical,replace_statistical_loss,pinn_statistical,w2,kl_entropy,0.0,0.0,u10,m s**-1,72.0,True,2.4433371780415394,0.01082515707134002,0.0059701445401981745,2.4541623351128794,0.0044109376614820395,
mlp,19,pinn_statistical,pinn_statistical:kl_entropy,joint,mlp/pinn_statistical:kl_entropy/vs_pinn_statistical,replace_statistical_loss,pinn_statistical,w2,kl_entropy,0.0,0.0,u10,m s**-1,78.0,True,2.4936998426700248,0.01214889746321779,0.007143093366797304,2.5058487401332425,0.004848216601681998,
mlp,19,pinn_statistical,pinn_statistical:kl_entropy,joint,mlp/pinn_statistical:kl_entropy/vs_pinn_statistical,replace_statistical_loss,pinn_statistical,w2,kl_entropy,0.0,0.0,u10,m s**-1,84.0,True,2.5313167386136484,0.012123827743866222,0.007630621843063512,2.5434405663575146,0.004766703772924763,
mlp,19,pinn_statistical,pinn_statistical:kl_entropy,joint,mlp/pinn_statistical:kl_entropy/vs_pinn_statistical,replace_statistical_loss,pinn_statistical,w2,kl_entropy,0.0,0.0,u10,m s**-1,90.0,True,2.5737971258130035,0.013233225899591528,0.008798030960617043,2.587030351712595,0.005115218648606534,
mlp,19,pinn_statistical,pinn_statistical:kl_entropy,joint,mlp/pinn_statistical:kl_entropy/vs_pinn_statistical,replace_statistical_loss,pinn_statistical,w2,kl_entropy,0.0,0.0,u10,m s**-1,96.0,True,2.5967834357940975,0.012671427137807001,0.00885226160827618,2.6094548629319045,0.00485596716686254,
mlp,19,pinn_statistical,pinn_statistical:kl_entropy,joint,mlp/pinn_statistical:kl_entropy/vs_pinn_statistical,replace_statistical_loss,pinn_statistical,w2,kl_entropy,0.0,0.0,u10,m s**-1,102.0,True,2.6305105191868945,0.01263414458693779,0.00939249094185618,2.6431446637738323,0.004779967120263073,
mlp,19,pinn_statistical,pinn_statistical:kl_entropy,joint,mlp/pinn_statistical:kl_entropy/vs_pinn_statistical,replace_statistical_loss,pinn_statistical,w2,kl_entropy,0.0,0.0,u10,m s**-1,108.0,True,2.6526662586305005,0.011837139892760806,0.009282863685918963,2.6645033985232613,0.004442531354743706,
mlp,19,pinn_statistical,pinn_statistical:kl_entropy,joint,mlp/pinn_statistical:kl_entropy/vs_pinn_statistical,replace_statistical_loss,pinn_statistical,w2,kl_entropy,0.0,0.0,u10,m s**-1,114.0,True,2.6834812620425392,0.012179091464091574,0.01005038309558609,2.695660353506631,0.004518036349886789,
mlp,19,pinn_statistical,pinn_statistical:kl_entropy,joint,mlp/pinn_statistical:kl_entropy/vs_pinn_statistical,replace_statistical_loss,pinn_statistical,w2,kl_entropy,0.0,0.0,u10,m s**-1,120.0,True,2.6957965888110498,0.011127551619939169,0.00958216675082102,2.706924140430989,0.004110773351102326,
mlp,19,pinn_statistical,pinn_statistical:kl_entropy,joint,mlp/pinn_statistical:kl_entropy/vs_pinn_statistical,replace_statistical_loss,pinn_statistical,w2,kl_entropy,0.0,0.0,v10,m s**-1,6.0,True,1.4032082622937265,-0.009762076741782755,-0.00041062212050335667,1.3934461855519438,-0.007005707750325607,
mlp,19,pinn_statistical,pinn_statistical:kl_entropy,joint,mlp/pinn_statistical:kl_entropy/vs_pinn_statistical,replace_statistical_loss,pinn_statistical,w2,kl_entropy,0.0,0.0,v10,m s**-1,12.0,True,1.5340063080740933,-0.012841568776181811,-0.0018396572665673183,1.5211647392979115,-0.008441931662253044,
mlp,19,pinn_statistical,pinn_statistical:kl_entropy,joint,mlp/pinn_statistical:kl_entropy/vs_pinn_statistical,replace_statistical_loss,pinn_statistical,w2,kl_entropy,0.0,0.0,v10,m s**-1,18.0,True,1.7099528980024166,-0.009488109094048847,-0.001821713544753245,1.7004647889083677,-0.005579715120205275,
mlp,19,pinn_statistical,pinn_statistical:kl_entropy,joint,mlp/pinn_statistical:kl_entropy/vs_pinn_statistical,replace_statistical_loss,pinn_statistical,w2,kl_entropy,0.0,0.0,v10,m s**-1,24.0,True,1.869034219380938,-0.005424876768743037,-0.0013535249262514037,1.863609342612195,-0.0029109516918062184,
mlp,19,pinn_statistical,pinn_statistical:kl_entropy,joint,mlp/pinn_statistical:kl_entropy/vs_pinn_statistical,replace_statistical_loss,pinn_statistical,w2,kl_entropy,0.0,0.0,v10,m s**-1,30.0,True,2.031145799771197,0.0001040057396748395,0.00017086015937473054,2.0312498055108716,5.120283058868136e-05,
mlp,19,pinn_statistical,pinn_statistical:kl_entropy,joint,mlp/pinn_statistical:kl_entropy/vs_pinn_statistical,replace_statistical_loss,pinn_statistical,w2,kl_entropy,0.0,0.0,v10,m s**-1,36.0,True,2.173483546649728,0.00264518893807697,0.0011354527999264397,2.176128735587805,0.0012155480026609933,
mlp,19,pinn_statistical,pinn_statistical:kl_entropy,joint,mlp/pinn_statistical:kl_entropy/vs_pinn_statistical,replace_statistical_loss,pinn_statistical,w2,kl_entropy,0.0,0.0,v10,m s**-1,42.0,True,2.292315421533309,0.004287456032393777,0.001979051687127642,2.296602877565703,0.0018668687017140417,
mlp,19,pinn_statistical,pinn_statistical:kl_entropy,joint,mlp/pinn_statistical:kl_entropy/vs_pinn_statistical,replace_statistical_loss,pinn_statistical,w2,kl_entropy,0.0,0.0,v10,m s**-1,48.0,True,2.3909970466347037,0.005004781539235559,0.0024172840533807083,2.3960018281739393,0.0020888053925441907,
mlp,19,pinn_statistical,pinn_statistical:kl_entropy,joint,mlp/pinn_statistical:kl_entropy/vs_pinn_statistical,replace_statistical_loss,pinn_statistical,w2,kl_entropy,0.0,0.0,v10,m s**-1,54.0,True,2.4768844496345634,0.007632989770629539,0.0037117890450947266,2.484517439405193,0.003072222255142143,
mlp,19,pinn_statistical,pinn_statistical:kl_entropy,joint,mlp/pinn_statistical:kl_entropy/vs_pinn_statistical,replace_statistical_loss,pinn_statistical,w2,kl_entropy,0.0,0.0,v10,m s**-1,60.0,True,2.553725189454347,0.008473888695074372,0.004279226992303875,2.5621990781494213,0.0033072717757727244,
mlp,19,pinn_statistical,pinn_statistical:kl_entropy,joint,mlp/pinn_statistical:kl_entropy/vs_pinn_statistical,replace_statistical_loss,pinn_statistical,w2,kl_entropy,0.0,0.0,v10,m s**-1,66.0,True,2.6158225226452427,0.007884260135450738,0.004207374935837005,2.6237067827806935,0.003005008100445905,
mlp,19,pinn_statistical,pinn_statistical:kl_entropy,joint,mlp/pinn_statistical:kl_entropy/vs_pinn_statistical,replace_statistical_loss,pinn_statistical,w2,kl_entropy,0.0,0.0,v10,m s**-1,72.0,True,2.6673735009478534,0.007617088795693228,0.004247400434482351,2.6749905897435466,0.002847519847321567,
mlp,19,pinn_statistical,pinn_statistical:kl_entropy,joint,mlp/pinn_statistical:kl_entropy/vs_pinn_statistical,replace_statistical_loss,pinn_statistical,w2,kl_entropy,0.0,0.0,v10,m s**-1,78.0,True,2.7098723040159762,0.008194019126178453,0.0047941335138262375,2.7180663231421547,0.003014650178479128,
mlp,19,pinn_statistical,pinn_statistical:kl_entropy,joint,mlp/pinn_statistical:kl_entropy/vs_pinn_statistical,replace_statistical_loss,pinn_statistical,w2,kl_entropy,0.0,0.0,v10,m s**-1,84.0,True,2.75099630909422,0.007791216679276403,0.004762292521975797,2.7587875257734966,0.0028241452473191098,
mlp,19,pinn_statistical,pinn_statistical:kl_entropy,joint,mlp/pinn_statistical:kl_entropy/vs_pinn_statistical,replace_statistical_loss,pinn_statistical,w2,kl_entropy,0.0,0.0,v10,m s**-1,90.0,True,2.782844566594363,0.006169921234636888,0.003928601091900408,2.7890144878289997,0.0022122227265444216,
mlp,19,pinn_statistical,pinn_statistical:kl_entropy,joint,mlp/pinn_statistical:kl_entropy/vs_pinn_statistical,replace_statistical_loss,pinn_statistical,w2,kl_entropy,0.0,0.0,v10,m s**-1,96.0,True,2.810909266951533,0.00584191572512216,0.0038412625617099128,2.816751182676655,0.0020739906886524384,
mlp,19,pinn_statistical,pinn_statistical:kl_entropy,joint,mlp/pinn_statistical:kl_entropy/vs_pinn_statistical,replace_statistical_loss,pinn_statistical,w2,kl_entropy,0.0,0.0,v10,m s**-1,102.0,True,2.8318708383053237,0.005988859121384582,0.004043890405327377,2.8378596974267083,0.0021103436250970997,
mlp,19,pinn_statistical,pinn_statistical:kl_entropy,joint,mlp/pinn_statistical:kl_entropy/vs_pinn_statistical,replace_statistical_loss,pinn_statistical,w2,kl_entropy,0.0,0.0,v10,m s**-1,108.0,True,2.855895542379042,0.005364706828022037,0.0037022782702165746,2.861260249207064,0.00187494542990585,
mlp,19,pinn_statistical,pinn_statistical:kl_entropy,joint,mlp/pinn_statistical:kl_entropy/vs_pinn_statistical,replace_statistical_loss,pinn_statistical,w2,kl_entropy,0.0,0.0,v10,m s**-1,114.0,True,2.873299662316309,0.00362657332870997,0.002567710004463375,2.876926235645019,0.0012605722328841162,
mlp,19,pinn_statistical,pinn_statistical:kl_entropy,joint,mlp/pinn_statistical:kl_entropy/vs_pinn_statistical,replace_statistical_loss,pinn_statistical,w2,kl_entropy,0.0,0.0,v10,m s**-1,120.0,True,2.8898061266906927,0.003755857713589439,0.002748341329981696,2.893561984404282,0.0012980049274329275,
mlp,43,pinn_statistical,pinn_statistical:kl_entropy,joint,mlp/pinn_statistical:kl_entropy/vs_pinn_statistical,replace_statistical_loss,pinn_statistical,w2,kl_entropy,0.0,0.0,msl,Pa,6.0,True,245.41178285813274,-7.397572871709372,-0.0036365575731537314,238.01420998642337,-0.031080383276827606,
mlp,43,pinn_statistical,pinn_statistical:kl_entropy,joint,mlp/pinn_statistical:kl_entropy/vs_pinn_statistical,replace_statistical_loss,pinn_statistical,w2,kl_entropy,0.0,0.0,msl,Pa,12.0,True,261.35619494717497,-6.247281096181524,-0.003496491472878005,255.10891385099345,-0.02448868211571198,
mlp,43,pinn_statistical,pinn_statistical:kl_entropy,joint,mlp/pinn_statistical:kl_entropy/vs_pinn_statistical,replace_statistical_loss,pinn_statistical,w2,kl_entropy,0.0,0.0,msl,Pa,18.0,True,304.85004386778184,-3.8896757044344668,-0.003466638233634356,300.96036816334737,-0.012924212341218766,
mlp,43,pinn_statistical,pinn_statistical:kl_entropy,joint,mlp/pinn_statistical:kl_entropy/vs_pinn_statistical,replace_statistical_loss,pinn_statistical,w2,kl_entropy,0.0,0.0,msl,Pa,24.0,True,323.97300226607695,-2.776101177273347,-0.0025345316560385633,321.1969010888036,-0.008642988671007767,
mlp,43,pinn_statistical,pinn_statistical:kl_entropy,joint,mlp/pinn_statistical:kl_entropy/vs_pinn_statistical,replace_statistical_loss,pinn_statistical,w2,kl_entropy,0.0,0.0,msl,Pa,30.0,True,378.9781235670663,-3.0552315151997504,-0.0024281281415847733,375.92289205186654,-0.008127282428914251,
mlp,43,pinn_statistical,pinn_statistical:kl_entropy,joint,mlp/pinn_statistical:kl_entropy/vs_pinn_statistical,replace_statistical_loss,pinn_statistical,w2,kl_entropy,0.0,0.0,msl,Pa,36.0,True,407.7357172476823,-2.6084886328501398,-0.0016783714534385208,405.1272286148322,-0.006438689993187641,
mlp,43,pinn_statistical,pinn_statistical:kl_entropy,joint,mlp/pinn_statistical:kl_entropy/vs_pinn_statistical,replace_statistical_loss,pinn_statistical,w2,kl_entropy,0.0,0.0,msl,Pa,42.0,True,441.4747780372977,-4.242320638732849,-0.003341851208816027,437.23245739856486,-0.009702666320734021,
mlp,43,pinn_statistical,pinn_statistical:kl_entropy,joint,mlp/pinn_statistical:kl_entropy/vs_pinn_statistical,replace_statistical_loss,pinn_statistical,w2,kl_entropy,0.0,0.0,msl,Pa,48.0,True,456.65402952094007,-4.162258819351621,-0.0034112263317024327,452.49177070158845,-0.009198529318882542,
mlp,43,pinn_statistical,pinn_statistical:kl_entropy,joint,mlp/pinn_statistical:kl_entropy/vs_pinn_statistical,replace_statistical_loss,pinn_statistical,w2,kl_entropy,0.0,0.0,msl,Pa,54.0,True,486.42176544208974,-4.475728799329545,-0.003986166683860093,481.9460366427602,-0.009286784119042713,
mlp,43,pinn_statistical,pinn_statistical:kl_entropy,joint,mlp/pinn_statistical:kl_entropy/vs_pinn_statistical,replace_statistical_loss,pinn_statistical,w2,kl_entropy,0.0,0.0,msl,Pa,60.0,True,504.89551047388676,-3.712138948602444,-0.003211081188145948,501.1833715252843,-0.00740674802778285,
mlp,43,pinn_statistical,pinn_statistical:kl_entropy,joint,mlp/pinn_statistical:kl_entropy/vs_pinn_statistical,replace_statistical_loss,pinn_statistical,w2,kl_entropy,0.0,0.0,msl,Pa,66.0,True,523.4167943029546,-5.042035311559175,-0.005473619351776371,518.3747589913954,-0.00972662195468299,
mlp,43,pinn_statistical,pinn_statistical:kl_entropy,joint,mlp/pinn_statistical:kl_entropy/vs_pinn_statistical,replace_statistical_loss,pinn_statistical,w2,kl_entropy,0.0,0.0,msl,Pa,72.0,True,529.9886387033521,-4.4271304430513965,-0.005071555655274507,525.5615082603007,-0.008423620020625133,
mlp,43,pinn_statistical,pinn_statistical:kl_entropy,joint,mlp/pinn_statistical:kl_entropy/vs_pinn_statistical,replace_statistical_loss,pinn_statistical,w2,kl_entropy,0.0,0.0,msl,Pa,78.0,True,548.6272839102129,-4.8297429259662294,-0.006220943153756986,543.7975409842467,-0.008881509315442404,
mlp,43,pinn_statistical,pinn_statistical:kl_entropy,joint,mlp/pinn_statistical:kl_entropy/vs_pinn_statistical,replace_statistical_loss,pinn_statistical,w2,kl_entropy,0.0,0.0,msl,Pa,84.0,True,558.9718024925868,-3.555813770718828,-0.004563658822897554,555.415988721868,-0.006402073118027207,
mlp,43,pinn_statistical,pinn_statistical:kl_entropy,joint,mlp/pinn_statistical:kl_entropy/vs_pinn_statistical,replace_statistical_loss,pinn_statistical,w2,kl_entropy,0.0,0.0,msl,Pa,90.0,True,572.241789032318,-5.039003562152743,-0.007643882668323387,567.2027854701653,-0.00888395418928667,
mlp,43,pinn_statistical,pinn_statistical:kl_entropy,joint,mlp/pinn_statistical:kl_entropy/vs_pinn_statistical,replace_statistical_loss,pinn_statistical,w2,kl_entropy,0.0,0.0,msl,Pa,96.0,True,573.3665406719009,-4.24005739213635,-0.006807952140354012,569.1264832797646,-0.007450114371240879,
mlp,43,pinn_statistical,pinn_statistical:kl_entropy,joint,mlp/pinn_statistical:kl_entropy/vs_pinn_statistical,replace_statistical_loss,pinn_statistical,w2,kl_entropy,0.0,0.0,msl,Pa,102.0,True,587.6367818689271,-4.696752927919533,-0.008376673449991823,582.9400289410075,-0.008057008774044583,
mlp,43,pinn_statistical,pinn_statistical:kl_entropy,joint,mlp/pinn_statistical:kl_entropy/vs_pinn_statistical,replace_statistical_loss,pinn_statistical,w2,kl_entropy,0.0,0.0,msl,Pa,108.0,True,593.4851563091262,-3.173058541176033,-0.005872392576528607,590.3120977679501,-0.005375221943059838,
mlp,43,pinn_statistical,pinn_statistical:kl_entropy,joint,mlp/pinn_statistical:kl_entropy/vs_pinn_statistical,replace_statistical_loss,pinn_statistical,w2,kl_entropy,0.0,0.0,msl,Pa,114.0,True,603.2588600666797,-4.2191087516233665,-0.00837837768202948,599.0397513150564,-0.007043119830297151,
mlp,43,pinn_statistical,pinn_statistical:kl_entropy,joint,mlp/pinn_statistical:kl_entropy/vs_pinn_statistical,replace_statistical_loss,pinn_statistical,w2,kl_entropy,0.0,0.0,msl,Pa,120.0,True,601.9694385052086,-3.614531952861398,-0.007472387760639965,598.3549065523472,-0.006040782674763934,
mlp,43,pinn_statistical,pinn_statistical:kl_entropy,joint,mlp/pinn_statistical:kl_entropy/vs_pinn_statistical,replace_statistical_loss,pinn_statistical,w2,kl_entropy,0.0,0.0,t2m,K,6.0,True,2.655192789394333,0.05224236608215804,0.005278381434872359,2.707435155476491,0.019295888204925005,
mlp,43,pinn_statistical,pinn_statistical:kl_entropy,joint,mlp/pinn_statistical:kl_entropy/vs_pinn_statistical,replace_statistical_loss,pinn_statistical,w2,kl_entropy,0.0,0.0,t2m,K,12.0,True,3.2585318750252728,0.16214836945157485,0.014648904926961581,3.4206802444768476,0.04740237551094861,
mlp,43,pinn_statistical,pinn_statistical:kl_entropy,joint,mlp/pinn_statistical:kl_entropy/vs_pinn_statistical,replace_statistical_loss,pinn_statistical,w2,kl_entropy,0.0,0.0,t2m,K,18.0,True,2.4218438534713305,0.041923116265753624,0.0055410632886302436,2.463766969737084,0.01701586098876362,
mlp,43,pinn_statistical,pinn_statistical:kl_entropy,joint,mlp/pinn_statistical:kl_entropy/vs_pinn_statistical,replace_statistical_loss,pinn_statistical,w2,kl_entropy,0.0,0.0,t2m,K,24.0,True,1.5675391802716787,0.020510694264055385,0.0026828729440198096,1.588049874535734,0.012915648678887837,
mlp,43,pinn_statistical,pinn_statistical:kl_entropy,joint,mlp/pinn_statistical:kl_entropy/vs_pinn_statistical,replace_statistical_loss,pinn_statistical,w2,kl_entropy,0.0,0.0,t2m,K,30.0,True,2.535360543842034,-0.011805635765803402,0.0007065787280045033,2.5235549080762305,-0.0046781766974919314,
mlp,43,pinn_statistical,pinn_statistical:kl_entropy,joint,mlp/pinn_statistical:kl_entropy/vs_pinn_statistical,replace_statistical_loss,pinn_statistical,w2,kl_entropy,0.0,0.0,t2m,K,36.0,True,3.0488314696062604,-0.025015526987121284,-0.0005209695872450126,3.023815942619139,-0.008272833883352648,
mlp,43,pinn_statistical,pinn_statistical:kl_entropy,joint,mlp/pinn_statistical:kl_entropy/vs_pinn_statistical,replace_statistical_loss,pinn_statistical,w2,kl_entropy,0.0,0.0,t2m,K,42.0,True,2.5744024471505114,-0.017434026359643084,0.0023595668897685718,2.5569684207908683,-0.006818240779935314,
mlp,43,pinn_statistical,pinn_statistical:kl_entropy,joint,mlp/pinn_statistical:kl_entropy/vs_pinn_statistical,replace_statistical_loss,pinn_statistical,w2,kl_entropy,0.0,0.0,t2m,K,48.0,True,1.9201705987076942,0.006570236185619027,0.005832217438065723,1.9267408348933133,0.0034100259187078708,
mlp,43,pinn_statistical,pinn_statistical:kl_entropy,joint,mlp/pinn_statistical:kl_entropy/vs_pinn_statistical,replace_statistical_loss,pinn_statistical,w2,kl_entropy,0.0,0.0,t2m,K,54.0,True,2.7061453544774445,-0.03994810999770371,0.000944602429431951,2.666197244479741,-0.014983178787846496,
mlp,43,pinn_statistical,pinn_statistical:kl_entropy,joint,mlp/pinn_statistical:kl_entropy/vs_pinn_statistical,replace_statistical_loss,pinn_statistical,w2,kl_entropy,0.0,0.0,t2m,K,60.0,True,3.1541065709091534,-0.06474933374764058,-0.0028532079838335944,3.089357237161513,-0.020958836669575875,
mlp,43,pinn_statistical,pinn_statistical:kl_entropy,joint,mlp/pinn_statistical:kl_entropy/vs_pinn_statistical,replace_statistical_loss,pinn_statistical,w2,kl_entropy,0.0,0.0,t2m,K,66.0,True,2.7271387572941657,-0.061712627280666954,-0.0010473452275178152,2.6654261300134987,-0.023153006037482715,
mlp,43,pinn_statistical,pinn_statistical:kl_entropy,joint,mlp/pinn_statistical:kl_entropy/vs_pinn_statistical,replace_statistical_loss,pinn_statistical,w2,kl_entropy,0.0,0.0,t2m,K,72.0,True,2.1190560389997923,-0.032588237138247766,0.00283441150282715,2.0864678018615446,-0.01561885455848988,
mlp,43,pinn_statistical,pinn_statistical:kl_entropy,joint,mlp/pinn_statistical:kl_entropy/vs_pinn_statistical,replace_statistical_loss,pinn_statistical,w2,kl_entropy,0.0,0.0,t2m,K,78.0,True,2.8148420990179637,-0.056244350891862194,-0.0012292836768423854,2.7585977481261015,-0.02038874675732205,
mlp,43,pinn_statistical,pinn_statistical:kl_entropy,joint,mlp/pinn_statistical:kl_entropy/vs_pinn_statistical,replace_statistical_loss,pinn_statistical,w2,kl_entropy,0.0,0.0,t2m,K,84.0,True,3.228519399775086,-0.07999092798727103,-0.005385487430447977,3.148528471787815,-0.02540581376475526,
mlp,43,pinn_statistical,pinn_statistical:kl_entropy,joint,mlp/pinn_statistical:kl_entropy/vs_pinn_statistical,replace_statistical_loss,pinn_statistical,w2,kl_entropy,0.0,0.0,t2m,K,90.0,True,2.811732595635952,-0.07840830573513946,-0.004324060080825198,2.7333242899008123,-0.028686060422777215,
mlp,43,pinn_statistical,pinn_statistical:kl_entropy,joint,mlp/pinn_statistical:kl_entropy/vs_pinn_statistical,replace_statistical_loss,pinn_statistical,w2,kl_entropy,0.0,0.0,t2m,K,96.0,True,2.2189989008135607,-0.042457182459176845,0.00020120621758668022,2.176541718354384,-0.019506716595938833,
mlp,43,pinn_statistical,pinn_statistical:kl_entropy,joint,mlp/pinn_statistical:kl_entropy/vs_pinn_statistical,replace_statistical_loss,pinn_statistical,w2,kl_entropy,0.0,0.0,t2m,K,102.0,True,2.8874005444272512,-0.057426559317528714,-0.00269642255827629,2.8299739851097225,-0.020292256967620936,
mlp,43,pinn_statistical,pinn_statistical:kl_entropy,joint,mlp/pinn_statistical:kl_entropy/vs_pinn_statistical,replace_statistical_loss,pinn_statistical,w2,kl_entropy,0.0,0.0,t2m,K,108.0,True,3.292520884061494,-0.08837909964313129,-0.007737584363444294,3.2041417844183626,-0.027582768051312767,
mlp,43,pinn_statistical,pinn_statistical:kl_entropy,joint,mlp/pinn_statistical:kl_entropy/vs_pinn_statistical,replace_statistical_loss,pinn_statistical,w2,kl_entropy,0.0,0.0,t2m,K,114.0,True,2.8757212763040787,-0.09173999177719727,-0.007357231515205398,2.7839812845268814,-0.032952804778925815,
mlp,43,pinn_statistical,pinn_statistical:kl_entropy,joint,mlp/pinn_statistical:kl_entropy/vs_pinn_statistical,replace_statistical_loss,pinn_statistical,w2,kl_entropy,0.0,0.0,t2m,K,120.0,True,2.2959451236569985,-0.05489628146772407,-0.0021369626063725278,2.2410488421892745,-0.024495798768087607,
mlp,43,pinn_statistical,pinn_statistical:kl_entropy,joint,mlp/pinn_statistical:kl_entropy/vs_pinn_statistical,replace_statistical_loss,pinn_statistical,w2,kl_entropy,0.0,0.0,u10,m s**-1,6.0,True,1.2294607173578307,0.0023518939805886596,-0.00019583770044884208,1.2318126113384193,0.0019092952604481406,
mlp,43,pinn_statistical,pinn_statistical:kl_entropy,joint,mlp/pinn_statistical:kl_entropy/vs_pinn_statistical,replace_statistical_loss,pinn_statistical,w2,kl_entropy,0.0,0.0,u10,m s**-1,12.0,True,1.3658854897319146,0.0023555368058656434,0.0003292442020901287,1.3682410265377802,0.0017215803065240287,
mlp,43,pinn_statistical,pinn_statistical:kl_entropy,joint,mlp/pinn_statistical:kl_entropy/vs_pinn_statistical,replace_statistical_loss,pinn_statistical,w2,kl_entropy,0.0,0.0,u10,m s**-1,18.0,True,1.5344520312987406,0.0022404113272831427,0.00027159322333103475,1.5366924426260238,0.001457943870313172,
mlp,43,pinn_statistical,pinn_statistical:kl_entropy,joint,mlp/pinn_statistical:kl_entropy/vs_pinn_statistical,replace_statistical_loss,pinn_statistical,w2,kl_entropy,0.0,0.0,u10,m s**-1,24.0,True,1.6775145050614364,-0.002221151163649404,-0.0005806021506592485,1.675293353897787,-0.0013258281950929707,
mlp,43,pinn_statistical,pinn_statistical:kl_entropy,joint,mlp/pinn_statistical:kl_entropy/vs_pinn_statistical,replace_statistical_loss,pinn_statistical,w2,kl_entropy,0.0,0.0,u10,m s**-1,30.0,True,1.8428430485264184,-0.006272736793325517,-0.0018544613972696355,1.836570311733093,-0.003415462372037492,
mlp,43,pinn_statistical,pinn_statistical:kl_entropy,joint,mlp/pinn_statistical:kl_entropy/vs_pinn_statistical,replace_statistical_loss,pinn_statistical,w2,kl_entropy,0.0,0.0,u10,m s**-1,36.0,True,1.9758693302485433,-0.008951167522477599,-0.002875830801031154,1.9669181627260657,-0.004550859152203657,
mlp,43,pinn_statistical,pinn_statistical:kl_entropy,joint,mlp/pinn_statistical:kl_entropy/vs_pinn_statistical,replace_statistical_loss,pinn_statistical,w2,kl_entropy,0.0,0.0,u10,m s**-1,42.0,True,2.0880891562869155,-0.009985625903892625,-0.0035876163151196128,2.078103530383023,-0.004805162860221923,
mlp,43,pinn_statistical,pinn_statistical:kl_entropy,joint,mlp/pinn_statistical:kl_entropy/vs_pinn_statistical,replace_statistical_loss,pinn_statistical,w2,kl_entropy,0.0,0.0,u10,m s**-1,48.0,True,2.175577196679753,-0.010457707631994495,-0.0040098195873048414,2.1651194890477585,-0.004830083367174387,
mlp,43,pinn_statistical,pinn_statistical:kl_entropy,joint,mlp/pinn_statistical:kl_entropy/vs_pinn_statistical,replace_statistical_loss,pinn_statistical,w2,kl_entropy,0.0,0.0,u10,m s**-1,54.0,True,2.262754255107858,-0.011978903878306024,-0.004914403858900629,2.250775351229552,-0.005322123272659018,
mlp,43,pinn_statistical,pinn_statistical:kl_entropy,joint,mlp/pinn_statistical:kl_entropy/vs_pinn_statistical,replace_statistical_loss,pinn_statistical,w2,kl_entropy,0.0,0.0,u10,m s**-1,60.0,True,2.3376202679351845,-0.012412025593817155,-0.00531964671098184,2.3252082423413674,-0.005338027522781674,
mlp,43,pinn_statistical,pinn_statistical:kl_entropy,joint,mlp/pinn_statistical:kl_entropy/vs_pinn_statistical,replace_statistical_loss,pinn_statistical,w2,kl_entropy,0.0,0.0,u10,m s**-1,66.0,True,2.402816748785847,-0.013578950340857432,-0.006138437687650322,2.3892377984449897,-0.00568338168335325,
mlp,43,pinn_statistical,pinn_statistical:kl_entropy,joint,mlp/pinn_statistical:kl_entropy/vs_pinn_statistical,replace_statistical_loss,pinn_statistical,w2,kl_entropy,0.0,0.0,u10,m s**-1,72.0,True,2.4510060831303155,-0.013391489207641438,-0.006347937207970777,2.437614593922674,-0.005493686016250665,
mlp,43,pinn_statistical,pinn_statistical:kl_entropy,joint,mlp/pinn_statistical:kl_entropy/vs_pinn_statistical,replace_statistical_loss,pinn_statistical,w2,kl_entropy,0.0,0.0,u10,m s**-1,78.0,True,2.5022469650827457,-0.016068600557468393,-0.007926871159000481,2.4861783645252773,-0.0064631728707591485,
mlp,43,pinn_statistical,pinn_statistical:kl_entropy,joint,mlp/pinn_statistical:kl_entropy/vs_pinn_statistical,replace_statistical_loss,pinn_statistical,w2,kl_entropy,0.0,0.0,u10,m s**-1,84.0,True,2.544428012464493,-0.016296912461070345,-0.008346994200588265,2.5281311000034226,-0.006446229177374585,
mlp,43,pinn_statistical,pinn_statistical:kl_entropy,joint,mlp/pinn_statistical:kl_entropy/vs_pinn_statistical,replace_statistical_loss,pinn_statistical,w2,kl_entropy,0.0,0.0,u10,m s**-1,90.0,True,2.5871564420476134,-0.018095840632792903,-0.009713449604991542,2.5690606014148205,-0.00704375779334554,
mlp,43,pinn_statistical,pinn_statistical:kl_entropy,joint,mlp/pinn_statistical:kl_entropy/vs_pinn_statistical,replace_statistical_loss,pinn_statistical,w2,kl_entropy,0.0,0.0,u10,m s**-1,96.0,True,2.612787376231823,-0.016650397371090975,-0.00945837909955971,2.596136978860732,-0.006413528063683893,
mlp,43,pinn_statistical,pinn_statistical:kl_entropy,joint,mlp/pinn_statistical:kl_entropy/vs_pinn_statistical,replace_statistical_loss,pinn_statistical,w2,kl_entropy,0.0,0.0,u10,m s**-1,102.0,True,2.6452764840549,-0.01862789267938414,-0.01114257721569989,2.626648591375516,-0.007091886116988855,
mlp,43,pinn_statistical,pinn_statistical:kl_entropy,joint,mlp/pinn_statistical:kl_entropy/vs_pinn_statistical,replace_statistical_loss,pinn_statistical,w2,kl_entropy,0.0,0.0,u10,m s**-1,108.0,True,2.669949047281531,-0.01766783961100149,-0.011157375267296044,2.6522812076705296,-0.006661374955229116,
mlp,43,pinn_statistical,pinn_statistical:kl_entropy,joint,mlp/pinn_statistical:kl_entropy/vs_pinn_statistical,replace_statistical_loss,pinn_statistical,w2,kl_entropy,0.0,0.0,u10,m s**-1,114.0,True,2.6991508839540486,-0.018437309798950974,-0.01232139885256378,2.6807135741550976,-0.006877761942456706,
mlp,43,pinn_statistical,pinn_statistical:kl_entropy,joint,mlp/pinn_statistical:kl_entropy/vs_pinn_statistical,replace_statistical_loss,pinn_statistical,w2,kl_entropy,0.0,0.0,u10,m s**-1,120.0,True,2.7138085212340806,-0.016407809682729813,-0.011742637104547426,2.6974007115513507,-0.006082822478864491,
mlp,43,pinn_statistical,pinn_statistical:kl_entropy,joint,mlp/pinn_statistical:kl_entropy/vs_pinn_statistical,replace_statistical_loss,pinn_statistical,w2,kl_entropy,0.0,0.0,v10,m s**-1,6.0,True,1.3438105322489153,-0.013026288905761518,-0.002282752720413672,1.3307842433431538,-0.009788430371731272,
mlp,43,pinn_statistical,pinn_statistical:kl_entropy,joint,mlp/pinn_statistical:kl_entropy/vs_pinn_statistical,replace_statistical_loss,pinn_statistical,w2,kl_entropy,0.0,0.0,v10,m s**-1,12.0,True,1.4849430518262738,-0.0054377820783264585,-0.0010232602110787914,1.4795052697479474,-0.0036754056842616123,
mlp,43,pinn_statistical,pinn_statistical:kl_entropy,joint,mlp/pinn_statistical:kl_entropy/vs_pinn_statistical,replace_statistical_loss,pinn_statistical,w2,kl_entropy,0.0,0.0,v10,m s**-1,18.0,True,1.6642732928450226,0.0016421583985011257,0.0003581866292567959,1.6659154512435237,0.0009857393406582649,
mlp,43,pinn_statistical,pinn_statistical:kl_entropy,joint,mlp/pinn_statistical:kl_entropy/vs_pinn_statistical,replace_statistical_loss,pinn_statistical,w2,kl_entropy,0.0,0.0,v10,m s**-1,24.0,True,1.8343982589330166,-0.002086410600619093,-0.0004045662390509408,1.8323118483323975,-0.0011386765863670156,
mlp,43,pinn_statistical,pinn_statistical:kl_entropy,joint,mlp/pinn_statistical:kl_entropy/vs_pinn_statistical,replace_statistical_loss,pinn_statistical,w2,kl_entropy,0.0,0.0,v10,m s**-1,30.0,True,2.0058219867182694,-0.004910975488520819,-0.0012747527274172832,2.0009110112297486,-0.002454369765051423,
mlp,43,pinn_statistical,pinn_statistical:kl_entropy,joint,mlp/pinn_statistical:kl_entropy/vs_pinn_statistical,replace_statistical_loss,pinn_statistical,w2,kl_entropy,0.0,0.0,v10,m s**-1,36.0,True,2.1554870293517854,-0.009495421807107718,-0.002884366586806797,2.1459916075446777,-0.004424724576612693,
mlp,43,pinn_statistical,pinn_statistical:kl_entropy,joint,mlp/pinn_statistical:kl_entropy/vs_pinn_statistical,replace_statistical_loss,pinn_statistical,w2,kl_entropy,0.0,0.0,v10,m s**-1,42.0,True,2.278829126938067,-0.011054642095651435,-0.003704870045427966,2.2677744848424157,-0.004874665523198818,
mlp,43,pinn_statistical,pinn_statistical:kl_entropy,joint,mlp/pinn_statistical:kl_entropy/vs_pinn_statistical,replace_statistical_loss,pinn_statistical,w2,kl_entropy,0.0,0.0,v10,m s**-1,48.0,True,2.3819539120697177,-0.014953672661251804,-0.005486726024589772,2.367000239408466,-0.006317562800495891,
mlp,43,pinn_statistical,pinn_statistical:kl_entropy,joint,mlp/pinn_statistical:kl_entropy/vs_pinn_statistical,replace_statistical_loss,pinn_statistical,w2,kl_entropy,0.0,0.0,v10,m s**-1,54.0,True,2.4705543390587335,-0.015573812167014367,-0.006108914771044915,2.454980526891719,-0.006343761995836417,
mlp,43,pinn_statistical,pinn_statistical:kl_entropy,joint,mlp/pinn_statistical:kl_entropy/vs_pinn_statistical,replace_statistical_loss,pinn_statistical,w2,kl_entropy,0.0,0.0,v10,m s**-1,60.0,True,2.549108136840818,-0.017291730134807004,-0.007215088128964098,2.531816406706011,-0.006829772525767108,
mlp,43,pinn_statistical,pinn_statistical:kl_entropy,joint,mlp/pinn_statistical:kl_entropy/vs_pinn_statistical,replace_statistical_loss,pinn_statistical,w2,kl_entropy,0.0,0.0,v10,m s**-1,66.0,True,2.611702915969597,-0.01520677378812163,-0.0067219409076598735,2.596496142181475,-0.005856651793576528,
mlp,43,pinn_statistical,pinn_statistical:kl_entropy,joint,mlp/pinn_statistical:kl_entropy/vs_pinn_statistical,replace_statistical_loss,pinn_statistical,w2,kl_entropy,0.0,0.0,v10,m s**-1,72.0,True,2.6651619893374403,-0.016262678013445164,-0.007680433358027594,2.648899311323995,-0.006139409657408557,
mlp,43,pinn_statistical,pinn_statistical:kl_entropy,joint,mlp/pinn_statistical:kl_entropy/vs_pinn_statistical,replace_statistical_loss,pinn_statistical,w2,kl_entropy,0.0,0.0,v10,m s**-1,78.0,True,2.707892772668986,-0.014009431305924469,-0.0070055838446202445,2.6938833413630614,-0.005200459533944102,
mlp,43,pinn_statistical,pinn_statistical:kl_entropy,joint,mlp/pinn_statistical:kl_entropy/vs_pinn_statistical,replace_statistical_loss,pinn_statistical,w2,kl_entropy,0.0,0.0,v10,m s**-1,84.0,True,2.751113330099327,-0.014219523722574845,-0.007506351562858726,2.7368938063767523,-0.0051954970592738015,
mlp,43,pinn_statistical,pinn_statistical:kl_entropy,joint,mlp/pinn_statistical:kl_entropy/vs_pinn_statistical,replace_statistical_loss,pinn_statistical,w2,kl_entropy,0.0,0.0,v10,m s**-1,90.0,True,2.7824386055535917,-0.01040453181366896,-0.00582974250785484,2.7720340737399227,-0.0037533924680916986,
mlp,43,pinn_statistical,pinn_statistical:kl_entropy,joint,mlp/pinn_statistical:kl_entropy/vs_pinn_statistical,replace_statistical_loss,pinn_statistical,w2,kl_entropy,0.0,0.0,v10,m s**-1,96.0,True,2.813287064330615,-0.010963461969330623,-0.00661428372027173,2.8023236023612843,-0.003912275498836992,
mlp,43,pinn_statistical,pinn_statistical:kl_entropy,joint,mlp/pinn_statistical:kl_entropy/vs_pinn_statistical,replace_statistical_loss,pinn_statistical,w2,kl_entropy,0.0,0.0,v10,m s**-1,102.0,True,2.83413122648574,-0.008442723164869825,-0.005478187065484474,2.8256885033208703,-0.002987846379722159,
mlp,43,pinn_statistical,pinn_statistical:kl_entropy,joint,mlp/pinn_statistical:kl_entropy/vs_pinn_statistical,replace_statistical_loss,pinn_statistical,w2,kl_entropy,0.0,0.0,v10,m s**-1,108.0,True,2.861422837413737,-0.009428000115671242,-0.006512874176351824,2.851994837298066,-0.0033057563752827424,
mlp,43,pinn_statistical,pinn_statistical:kl_entropy,joint,mlp/pinn_statistical:kl_entropy/vs_pinn_statistical,replace_statistical_loss,pinn_statistical,w2,kl_entropy,0.0,0.0,v10,m s**-1,114.0,True,2.8782678530674435,-0.006544959661339611,-0.005035885757944669,2.871722893406104,-0.002279105576783902,
mlp,43,pinn_statistical,pinn_statistical:kl_entropy,joint,mlp/pinn_statistical:kl_entropy/vs_pinn_statistical,replace_statistical_loss,pinn_statistical,w2,kl_entropy,0.0,0.0,v10,m s**-1,120.0,True,2.8977695810709645,-0.008217775229673041,-0.006583531143171395,2.8895518058412915,-0.0028439618950801826,
neural_ode,7,pinn_statistical,pinn_statistical:kl_entropy,joint,neural_ode/pinn_statistical:kl_entropy/vs_pinn_statistical,replace_statistical_loss,pinn_statistical,w2,kl_entropy,0.0,0.0,msl,Pa,6.0,True,236.62917855444857,-1.5526062133990308,-0.0005316122560207193,235.07657234104954,-0.006604682882420665,
neural_ode,7,pinn_statistical,pinn_statistical:kl_entropy,joint,neural_ode/pinn_statistical:kl_entropy/vs_pinn_statistical,replace_statistical_loss,pinn_statistical,w2,kl_entropy,0.0,0.0,msl,Pa,12.0,True,255.3048229909876,-2.401427561932394,-0.0011917594263336495,252.9033954290552,-0.0094954342461806,
neural_ode,7,pinn_statistical,pinn_statistical:kl_entropy,joint,neural_ode/pinn_statistical:kl_entropy/vs_pinn_statistical,replace_statistical_loss,pinn_statistical,w2,kl_entropy,0.0,0.0,msl,Pa,18.0,True,305.5683539025427,-3.702694096269738,-0.0022231889089513457,301.86565980627296,-0.012266032839396201,
neural_ode,7,pinn_statistical,pinn_statistical:kl_entropy,joint,neural_ode/pinn_statistical:kl_entropy/vs_pinn_statistical,replace_statistical_loss,pinn_statistical,w2,kl_entropy,0.0,0.0,msl,Pa,24.0,True,327.2871739082007,-1.8623463581702708,-0.0008592306206550715,325.42482755003044,-0.005722815841037621,
neural_ode,7,pinn_statistical,pinn_statistical:kl_entropy,joint,neural_ode/pinn_statistical:kl_entropy/vs_pinn_statistical,replace_statistical_loss,pinn_statistical,w2,kl_entropy,0.0,0.0,msl,Pa,30.0,True,378.65366976732327,-1.5362546379215019,-0.0004367450448383714,377.11741512940176,-0.004073677258830344,
neural_ode,7,pinn_statistical,pinn_statistical:kl_entropy,joint,neural_ode/pinn_statistical:kl_entropy/vs_pinn_statistical,replace_statistical_loss,pinn_statistical,w2,kl_entropy,0.0,0.0,msl,Pa,36.0,True,407.97748452505573,0.28888869158316766,0.001586546384127363,408.2663732166389,0.000707598544810506,
neural_ode,7,pinn_statistical,pinn_statistical:kl_entropy,joint,neural_ode/pinn_statistical:kl_entropy/vs_pinn_statistical,replace_statistical_loss,pinn_statistical,w2,kl_entropy,0.0,0.0,msl,Pa,42.0,True,441.05080545398823,-0.3177324265301422,0.001083818509027945,440.7330730274581,-0.0007209180476237531,
neural_ode,7,pinn_statistical,pinn_statistical:kl_entropy,joint,neural_ode/pinn_statistical:kl_entropy/vs_pinn_statistical,replace_statistical_loss,pinn_statistical,w2,kl_entropy,0.0,0.0,msl,Pa,48.0,True,457.0459321142592,0.795168092667609,0.002526347850484778,457.8411002069268,0.0017367774372117895,
neural_ode,7,pinn_statistical,pinn_statistical:kl_entropy,joint,neural_ode/pinn_statistical:kl_entropy/vs_pinn_statistical,replace_statistical_loss,pinn_statistical,w2,kl_entropy,0.0,0.0,msl,Pa,54.0,True,486.60711592964196,0.9950392070211365,0.002799993353864383,487.6021551366631,0.002040678443560706,
neural_ode,7,pinn_statistical,pinn_statistical:kl_entropy,joint,neural_ode/pinn_statistical:kl_entropy/vs_pinn_statistical,replace_statistical_loss,pinn_statistical,w2,kl_entropy,0.0,0.0,msl,Pa,60.0,True,505.6522144121418,2.0561748688931516,0.0042408933676106875,507.70838928103495,0.004049913123958637,
neural_ode,7,pinn_statistical,pinn_statistical:kl_entropy,joint,neural_ode/pinn_statistical:kl_entropy/vs_pinn_statistical,replace_statistical_loss,pinn_statistical,w2,kl_entropy,0.0,0.0,msl,Pa,66.0,True,525.469250502936,1.1509393864921549,0.002790560146829879,526.6201898894282,0.002185520814790287,
neural_ode,7,pinn_statistical,pinn_statistical:kl_entropy,joint,neural_ode/pinn_statistical:kl_entropy/vs_pinn_statistical,replace_statistical_loss,pinn_statistical,w2,kl_entropy,0.0,0.0,msl,Pa,72.0,True,533.7624675259101,1.0277826557620529,0.0024256327132751165,534.7902501816721,0.0019218425455829191,
neural_ode,7,pinn_statistical,pinn_statistical:kl_entropy,joint,neural_ode/pinn_statistical:kl_entropy/vs_pinn_statistical,replace_statistical_loss,pinn_statistical,w2,kl_entropy,0.0,0.0,msl,Pa,78.0,True,552.431237538411,1.1111330679677849,0.0020604993487227663,553.5423706063788,0.0020073134902944822,
neural_ode,7,pinn_statistical,pinn_statistical:kl_entropy,joint,neural_ode/pinn_statistical:kl_entropy/vs_pinn_statistical,replace_statistical_loss,pinn_statistical,w2,kl_entropy,0.0,0.0,msl,Pa,84.0,True,563.8435068934396,1.3941910992306248,0.0021525033888382117,565.2376979926702,0.0024665571744096892,
neural_ode,7,pinn_statistical,pinn_statistical:kl_entropy,joint,neural_ode/pinn_statistical:kl_entropy/vs_pinn_statistical,replace_statistical_loss,pinn_statistical,w2,kl_entropy,0.0,0.0,msl,Pa,90.0,True,577.1362042231656,0.823836624353703,0.0007651230319857261,577.9600408475193,0.0014254214238507146,
neural_ode,7,pinn_statistical,pinn_statistical:kl_entropy,joint,neural_ode/pinn_statistical:kl_entropy/vs_pinn_statistical,replace_statistical_loss,pinn_statistical,w2,kl_entropy,0.0,0.0,msl,Pa,96.0,True,580.0803065137939,0.6686278626179956,0.00032398510444830997,580.7489343764119,0.001151319999124878,
neural_ode,7,pinn_statistical,pinn_statistical:kl_entropy,joint,neural_ode/pinn_statistical:kl_entropy/vs_pinn_statistical,replace_statistical_loss,pinn_statistical,w2,kl_entropy,0.0,0.0,msl,Pa,102.0,True,593.1433061248806,1.0781606408030484,0.00032211875478815877,594.2214667656837,0.0018144087703048095,
neural_ode,7,pinn_statistical,pinn_statistical:kl_entropy,joint,neural_ode/pinn_statistical:kl_entropy/vs_pinn_statistical,replace_statistical_loss,pinn_statistical,w2,kl_entropy,0.0,0.0,msl,Pa,108.0,True,599.8835332195107,1.2652397384423466,0.00024006938624610008,601.148772957953,0.0021047031872272193,
neural_ode,7,pinn_statistical,pinn_statistical:kl_entropy,joint,neural_ode/pinn_statistical:kl_entropy/vs_pinn_statistical,replace_statistical_loss,pinn_statistical,w2,kl_entropy,0.0,0.0,msl,Pa,114.0,True,608.7375715868174,1.2840310260897922,-0.00027070730419082034,610.0216026129071,0.0021048943522490315,
neural_ode,7,pinn_statistical,pinn_statistical:kl_entropy,joint,neural_ode/pinn_statistical:kl_entropy/vs_pinn_statistical,replace_statistical_loss,pinn_statistical,w2,kl_entropy,0.0,0.0,msl,Pa,120.0,True,608.7552688670905,1.381417042776775,-0.00014448282430734594,610.1366859098673,0.002264110771698191,
neural_ode,7,pinn_statistical,pinn_statistical:kl_entropy,joint,neural_ode/pinn_statistical:kl_entropy/vs_pinn_statistical,replace_statistical_loss,pinn_statistical,w2,kl_entropy,0.0,0.0,t2m,K,6.0,True,2.674699546320259,-0.04015432417934672,-0.001494703419950838,2.6345452221409125,-0.015241463248338638,
neural_ode,7,pinn_statistical,pinn_statistical:kl_entropy,joint,neural_ode/pinn_statistical:kl_entropy/vs_pinn_statistical,replace_statistical_loss,pinn_statistical,w2,kl_entropy,0.0,0.0,t2m,K,12.0,True,3.1156888763950534,-0.051115855295953416,-0.0034128914581719183,3.0645730210991,-0.016679601022403068,
neural_ode,7,pinn_statistical,pinn_statistical:kl_entropy,joint,neural_ode/pinn_statistical:kl_entropy/vs_pinn_statistical,replace_statistical_loss,pinn_statistical,w2,kl_entropy,0.0,0.0,t2m,K,18.0,True,2.5524318929066805,-0.03047284223638025,-0.0010540321503852423,2.5219590506703002,-0.01208300437244647,
neural_ode,7,pinn_statistical,pinn_statistical:kl_entropy,joint,neural_ode/pinn_statistical:kl_entropy/vs_pinn_statistical,replace_statistical_loss,pinn_statistical,w2,kl_entropy,0.0,0.0,t2m,K,24.0,True,1.782634996810198,-0.033406205078534645,-0.0002919030972893255,1.7492287917316633,-0.01909767620819003,
neural_ode,7,pinn_statistical,pinn_statistical:kl_entropy,joint,neural_ode/pinn_statistical:kl_entropy/vs_pinn_statistical,replace_statistical_loss,pinn_statistical,w2,kl_entropy,0.0,0.0,t2m,K,30.0,True,2.591228717937238,-0.05029996418801197,-0.003945409397156263,2.540928753749226,-0.019795897115884475,
neural_ode,7,pinn_statistical,pinn_statistical:kl_entropy,joint,neural_ode/pinn_statistical:kl_entropy/vs_pinn_statistical,replace_statistical_loss,pinn_statistical,w2,kl_entropy,0.0,0.0,t2m,K,36.0,True,3.0524871728819205,-0.033735734326776345,-0.0032775957990965887,3.018751438555144,-0.011175393209228002,
neural_ode,7,pinn_statistical,pinn_statistical:kl_entropy,joint,neural_ode/pinn_statistical:kl_entropy/vs_pinn_statistical,replace_statistical_loss,pinn_statistical,w2,kl_entropy,0.0,0.0,t2m,K,42.0,True,2.5783951751869503,-0.019724333957897855,-0.0009179264476396609,2.5586708412290524,-0.007708820392240634,
neural_ode,7,pinn_statistical,pinn_statistical:kl_entropy,joint,neural_ode/pinn_statistical:kl_entropy/vs_pinn_statistical,replace_statistical_loss,pinn_statistical,w2,kl_entropy,0.0,0.0,t2m,K,48.0,True,1.9497158939604415,-0.03632104378869361,-0.0001705098022602991,1.913394850171748,-0.01898251361209291,
neural_ode,7,pinn_statistical,pinn_statistical:kl_entropy,joint,neural_ode/pinn_statistical:kl_entropy/vs_pinn_statistical,replace_statistical_loss,pinn_statistical,w2,kl_entropy,0.0,0.0,t2m,K,54.0,True,2.696734462089656,-0.05505618711576865,-0.004268667985808161,2.6416782749738874,-0.020841367261618116,
neural_ode,7,pinn_statistical,pinn_statistical:kl_entropy,joint,neural_ode/pinn_statistical:kl_entropy/vs_pinn_statistical,replace_statistical_loss,pinn_statistical,w2,kl_entropy,0.0,0.0,t2m,K,60.0,True,3.130756867769349,-0.042816962018321636,-0.0039099881301960515,3.0879399057510275,-0.013865866346226108,
neural_ode,7,pinn_statistical,pinn_statistical:kl_entropy,joint,neural_ode/pinn_statistical:kl_entropy/vs_pinn_statistical,replace_statistical_loss,pinn_statistical,w2,kl_entropy,0.0,0.0,t2m,K,66.0,True,2.6978147797198937,-0.0297555396883733,-0.0010647880770313645,2.6680592400315204,-0.011152503378456302,
neural_ode,7,pinn_statistical,pinn_statistical:kl_entropy,joint,neural_ode/pinn_statistical:kl_entropy/vs_pinn_statistical,replace_statistical_loss,pinn_statistical,w2,kl_entropy,0.0,0.0,t2m,K,72.0,True,2.1255591764661013,-0.034326109161260554,0.001119476959084209,2.0912330673048407,-0.01641429150003826,
neural_ode,7,pinn_statistical,pinn_statistical:kl_entropy,joint,neural_ode/pinn_statistical:kl_entropy/vs_pinn_statistical,replace_statistical_loss,pinn_statistical,w2,kl_entropy,0.0,0.0,t2m,K,78.0,True,2.8133815233155492,-0.051849672411304226,-0.003666833913940848,2.761531850904245,-0.018775692336963745,
neural_ode,7,pinn_statistical,pinn_statistical:kl_entropy,joint,neural_ode/pinn_statistical:kl_entropy/vs_pinn_statistical,replace_statistical_loss,pinn_statistical,w2,kl_entropy,0.0,0.0,t2m,K,84.0,True,3.2159115019115636,-0.03680799451184624,-0.003456721408261587,3.1791035073997174,-0.011578105093518198,
neural_ode,7,pinn_statistical,pinn_statistical:kl_entropy,joint,neural_ode/pinn_statistical:kl_entropy/vs_pinn_statistical,replace_statistical_loss,pinn_statistical,w2,kl_entropy,0.0,0.0,t2m,K,90.0,True,2.7896307090903454,-0.013094933994798108,0.0006090016849428226,2.7765357750955473,-0.004716284988025121,
neural_ode,7,pinn_statistical,pinn_statistical:kl_entropy,joint,neural_ode/pinn_statistical:kl_entropy/vs_pinn_statistical,replace_statistical_loss,pinn_statistical,w2,kl_entropy,0.0,0.0,t2m,K,96.0,True,2.2345102014502363,0.0013754664079117518,0.00433287389127468,2.235885667858148,0.0006151774340185101,
neural_ode,7,pinn_statistical,pinn_statistical:kl_entropy,joint,neural_ode/pinn_statistical:kl_entropy/vs_pinn_statistical,replace_statistical_loss,pinn_statistical,w2,kl_entropy,0.0,0.0,t2m,K,102.0,True,2.8900065579622605,-0.02583899437365611,-0.0016747690237282065,2.8641675635886044,-0.00902146742465093,
neural_ode,7,pinn_statistical,pinn_statistical:kl_entropy,joint,neural_ode/pinn_statistical:kl_entropy/vs_pinn_statistical,replace_statistical_loss,pinn_statistical,w2,kl_entropy,0.0,0.0,t2m,K,108.0,True,3.2730699801358845,-0.009434813967201361,-0.0014615206632014877,3.263635166168683,-0.0028908911342186983,
neural_ode,7,pinn_statistical,pinn_statistical:kl_entropy,joint,neural_ode/pinn_statistical:kl_entropy/vs_pinn_statistical,replace_statistical_loss,pinn_statistical,w2,kl_entropy,0.0,0.0,t2m,K,114.0,True,2.8506584155453387,0.026732275069721645,0.0041662513088157604,2.8773906906150604,0.009290457203782632,
neural_ode,7,pinn_statistical,pinn_statistical:kl_entropy,joint,neural_ode/pinn_statistical:kl_entropy/vs_pinn_statistical,replace_statistical_loss,pinn_statistical,w2,kl_entropy,0.0,0.0,t2m,K,120.0,True,2.3075596355849313,0.057062974383834675,0.009139894382637515,2.364622609968766,0.024131958369707163,
neural_ode,7,pinn_statistical,pinn_statistical:kl_entropy,joint,neural_ode/pinn_statistical:kl_entropy/vs_pinn_statistical,replace_statistical_loss,pinn_statistical,w2,kl_entropy,0.0,0.0,u10,m s**-1,6.0,True,1.22486973801466,-0.014782622116007671,-0.001707653720168123,1.2100871158986524,-0.012216163548712355,
neural_ode,7,pinn_statistical,pinn_statistical:kl_entropy,joint,neural_ode/pinn_statistical:kl_entropy/vs_pinn_statistical,replace_statistical_loss,pinn_statistical,w2,kl_entropy,0.0,0.0,u10,m s**-1,12.0,True,1.362782809825611,-0.018880460855908998,-0.0026075381793394525,1.343902348969702,-0.014048982703530166,
neural_ode,7,pinn_statistical,pinn_statistical:kl_entropy,joint,neural_ode/pinn_statistical:kl_entropy/vs_pinn_statistical,replace_statistical_loss,pinn_statistical,w2,kl_entropy,0.0,0.0,u10,m s**-1,18.0,True,1.54136470958712,-0.014237656224293183,-0.0024271462693444823,1.5271270533628267,-0.00932316416826029,
neural_ode,7,pinn_statistical,pinn_statistical:kl_entropy,joint,neural_ode/pinn_statistical:kl_entropy/vs_pinn_statistical,replace_statistical_loss,pinn_statistical,w2,kl_entropy,0.0,0.0,u10,m s**-1,24.0,True,1.6847958420285367,-0.01023853327264912,-0.0020271139708624153,1.6745573087558876,-0.006114173112567789,
neural_ode,7,pinn_statistical,pinn_statistical:kl_entropy,joint,neural_ode/pinn_statistical:kl_entropy/vs_pinn_statistical,replace_statistical_loss,pinn_statistical,w2,kl_entropy,0.0,0.0,u10,m s**-1,30.0,True,1.8492037589072605,-0.0052255378790038165,-0.0011824760786366406,1.8439782210282567,-0.00283383926090508,
neural_ode,7,pinn_statistical,pinn_statistical:kl_entropy,joint,neural_ode/pinn_statistical:kl_entropy/vs_pinn_statistical,replace_statistical_loss,pinn_statistical,w2,kl_entropy,0.0,0.0,u10,m s**-1,36.0,True,1.9808809326126566,-0.0019212896646114697,-0.00034934400001818133,1.9789596429480452,-0.0009708584363798956,
neural_ode,7,pinn_statistical,pinn_statistical:kl_entropy,joint,neural_ode/pinn_statistical:kl_entropy/vs_pinn_statistical,replace_statistical_loss,pinn_statistical,w2,kl_entropy,0.0,0.0,u10,m s**-1,42.0,True,2.0956590434607767,0.0003682806636482461,0.00023571479363837522,2.096027324124425,0.00017570413296119636,
neural_ode,7,pinn_statistical,pinn_statistical:kl_entropy,joint,neural_ode/pinn_statistical:kl_entropy/vs_pinn_statistical,replace_statistical_loss,pinn_statistical,w2,kl_entropy,0.0,0.0,u10,m s**-1,48.0,True,2.1827075829038045,0.0005289685676652667,0.00021168395452841882,2.1832365514714698,0.00024228641981505206,
neural_ode,7,pinn_statistical,pinn_statistical:kl_entropy,joint,neural_ode/pinn_statistical:kl_entropy/vs_pinn_statistical,replace_statistical_loss,pinn_statistical,w2,kl_entropy,0.0,0.0,u10,m s**-1,54.0,True,2.2724219774881522,0.0018612681195184777,0.00042459299850872156,2.2742832456076707,0.0008183976745698152,
neural_ode,7,pinn_statistical,pinn_statistical:kl_entropy,joint,neural_ode/pinn_statistical:kl_entropy/vs_pinn_statistical,replace_statistical_loss,pinn_statistical,w2,kl_entropy,0.0,0.0,u10,m s**-1,60.0,True,2.3481970573261637,0.0023120172906789804,0.0004514464550381403,2.3505090746168427,0.0009836240649511163,
neural_ode,7,pinn_statistical,pinn_statistical:kl_entropy,joint,neural_ode/pinn_statistical:kl_entropy/vs_pinn_statistical,replace_statistical_loss,pinn_statistical,w2,kl_entropy,0.0,0.0,u10,m s**-1,66.0,True,2.418435285710807,0.0017544180966417855,-0.00010974970578803145,2.420189703807449,0.0007249093299924736,
neural_ode,7,pinn_statistical,pinn_statistical:kl_entropy,joint,neural_ode/pinn_statistical:kl_entropy/vs_pinn_statistical,replace_statistical_loss,pinn_statistical,w2,kl_entropy,0.0,0.0,u10,m s**-1,72.0,True,2.468280730122657,1.101019220683952e-05,-0.001208436402068136,2.468291740314864,4.46065269632534e-06,
neural_ode,7,pinn_statistical,pinn_statistical:kl_entropy,joint,neural_ode/pinn_statistical:kl_entropy/vs_pinn_statistical,replace_statistical_loss,pinn_statistical,w2,kl_entropy,0.0,0.0,u10,m s**-1,78.0,True,2.521537181099709,0.0010675637081374312,-0.001369367726915316,2.5226047448078464,0.00042319896144438207,
neural_ode,7,pinn_statistical,pinn_statistical:kl_entropy,joint,neural_ode/pinn_statistical:kl_entropy/vs_pinn_statistical,replace_statistical_loss,pinn_statistical,w2,kl_entropy,0.0,0.0,u10,m s**-1,84.0,True,2.564468873991126,0.0020567246224354463,-0.0013814958438944647,2.5665255986135613,0.0008013653257721298,
neural_ode,7,pinn_statistical,pinn_statistical:kl_entropy,joint,neural_ode/pinn_statistical:kl_entropy/vs_pinn_statistical,replace_statistical_loss,pinn_statistical,w2,kl_entropy,0.0,0.0,u10,m s**-1,90.0,True,2.60893241171279,0.00206908559816954,-0.0020471029211184266,2.6110014973109594,0.0007924490278157226,
neural_ode,7,pinn_statistical,pinn_statistical:kl_entropy,joint,neural_ode/pinn_statistical:kl_entropy/vs_pinn_statistical,replace_statistical_loss,pinn_statistical,w2,kl_entropy,0.0,0.0,u10,m s**-1,96.0,True,2.6352042608161628,0.0010869628968466216,-0.0030435802078163654,2.6362912237130094,0.0004123075960157374,
neural_ode,7,pinn_statistical,pinn_statistical:kl_entropy,joint,neural_ode/pinn_statistical:kl_entropy/vs_pinn_statistical,replace_statistical_loss,pinn_statistical,w2,kl_entropy,0.0,0.0,u10,m s**-1,102.0,True,2.6672474140582927,0.003950154810093753,-0.0024336612049823403,2.6711975688683864,0.0014787954497005318,
neural_ode,7,pinn_statistical,pinn_statistical:kl_entropy,joint,neural_ode/pinn_statistical:kl_entropy/vs_pinn_statistical,replace_statistical_loss,pinn_statistical,w2,kl_entropy,0.0,0.0,u10,m s**-1,108.0,True,2.691101157678142,0.0060087738991154716,-0.001831358017457707,2.6971099315772573,0.002227856502534764,
neural_ode,7,pinn_statistical,pinn_statistical:kl_entropy,joint,neural_ode/pinn_statistical:kl_entropy/vs_pinn_statistical,replace_statistical_loss,pinn_statistical,w2,kl_entropy,0.0,0.0,u10,m s**-1,114.0,True,2.719838230504725,0.007195965638502333,-0.0019274407582820507,2.727034196143227,0.00263875152305737,
neural_ode,7,pinn_statistical,pinn_statistical:kl_entropy,joint,neural_ode/pinn_statistical:kl_entropy/vs_pinn_statistical,replace_statistical_loss,pinn_statistical,w2,kl_entropy,0.0,0.0,u10,m s**-1,120.0,True,2.733767821103771,0.006686923910144582,-0.002650875740764058,2.7404547450139156,0.002440078210490748,
neural_ode,7,pinn_statistical,pinn_statistical:kl_entropy,joint,neural_ode/pinn_statistical:kl_entropy/vs_pinn_statistical,replace_statistical_loss,pinn_statistical,w2,kl_entropy,0.0,0.0,v10,m s**-1,6.0,True,1.347034596762303,-0.0009438526304084149,0.0001772960552438585,1.3460907441318946,-0.0007011805366934354,
neural_ode,7,pinn_statistical,pinn_statistical:kl_entropy,joint,neural_ode/pinn_statistical:kl_entropy/vs_pinn_statistical,replace_statistical_loss,pinn_statistical,w2,kl_entropy,0.0,0.0,v10,m s**-1,12.0,True,1.4788051236690465,-0.0024007634002998213,-0.00029421404528318096,1.4764043602687467,-0.0016260879911400572,
neural_ode,7,pinn_statistical,pinn_statistical:kl_entropy,joint,neural_ode/pinn_statistical:kl_entropy/vs_pinn_statistical,replace_statistical_loss,pinn_statistical,w2,kl_entropy,0.0,0.0,v10,m s**-1,18.0,True,1.6645330063642811,-0.0006134249436580141,-0.00020599770985507693,1.6639195814206231,-0.0003686626147727523,
neural_ode,7,pinn_statistical,pinn_statistical:kl_entropy,joint,neural_ode/pinn_statistical:kl_entropy/vs_pinn_statistical,replace_statistical_loss,pinn_statistical,w2,kl_entropy,0.0,0.0,v10,m s**-1,24.0,True,1.8308097976835278,0.0019174181682879432,0.000299545363920517,1.8327272158518157,0.0010462103425450398,
neural_ode,7,pinn_statistical,pinn_statistical:kl_entropy,joint,neural_ode/pinn_statistical:kl_entropy/vs_pinn_statistical,replace_statistical_loss,pinn_statistical,w2,kl_entropy,0.0,0.0,v10,m s**-1,30.0,True,2.002488029150277,0.004762680001831665,0.0011473118761079482,2.0072507091521086,0.0023727379844062924,
neural_ode,7,pinn_statistical,pinn_statistical:kl_entropy,joint,neural_ode/pinn_statistical:kl_entropy/vs_pinn_statistical,replace_statistical_loss,pinn_statistical,w2,kl_entropy,0.0,0.0,v10,m s**-1,36.0,True,2.1504642382559958,0.004594139905421457,0.001299443507207454,2.155058378161417,0.002131793714721053,
neural_ode,7,pinn_statistical,pinn_statistical:kl_entropy,joint,neural_ode/pinn_statistical:kl_entropy/vs_pinn_statistical,replace_statistical_loss,pinn_statistical,w2,kl_entropy,0.0,0.0,v10,m s**-1,42.0,True,2.2761169574588034,0.005197796870239468,0.001544755293583333,2.281314754329043,0.0022784216252387246,
neural_ode,7,pinn_statistical,pinn_statistical:kl_entropy,joint,neural_ode/pinn_statistical:kl_entropy/vs_pinn_statistical,replace_statistical_loss,pinn_statistical,w2,kl_entropy,0.0,0.0,v10,m s**-1,48.0,True,2.380657687538526,0.00567095793963901,0.0017339227120669598,2.386328645478165,0.002376436267646942,
neural_ode,7,pinn_statistical,pinn_statistical:kl_entropy,joint,neural_ode/pinn_statistical:kl_entropy/vs_pinn_statistical,replace_statistical_loss,pinn_statistical,w2,kl_entropy,0.0,0.0,v10,m s**-1,54.0,True,2.4733874614231284,0.006909466922391694,0.0021181557043263854,2.48029692834552,0.002785741837369682,
neural_ode,7,pinn_statistical,pinn_statistical:kl_entropy,joint,neural_ode/pinn_statistical:kl_entropy/vs_pinn_statistical,replace_statistical_loss,pinn_statistical,w2,kl_entropy,0.0,0.0,v10,m s**-1,60.0,True,2.5539971385580875,0.006061646056547243,0.001683093100484423,2.5600587846146348,0.002367776120211107,
neural_ode,7,pinn_statistical,pinn_statistical:kl_entropy,joint,neural_ode/pinn_statistical:kl_entropy/vs_pinn_statistical,replace_statistical_loss,pinn_statistical,w2,kl_entropy,0.0,0.0,v10,m s**-1,66.0,True,2.621253816125687,0.006263974613104573,0.0015080343698347098,2.6275177907387914,0.0023839894196656664,
neural_ode,7,pinn_statistical,pinn_statistical:kl_entropy,joint,neural_ode/pinn_statistical:kl_entropy/vs_pinn_statistical,replace_statistical_loss,pinn_statistical,w2,kl_entropy,0.0,0.0,v10,m s**-1,72.0,True,2.67748344081853,0.007375150433432509,0.001828375799649784,2.6848585912519627,0.0027469418529015854,
neural_ode,7,pinn_statistical,pinn_statistical:kl_entropy,joint,neural_ode/pinn_statistical:kl_entropy/vs_pinn_statistical,replace_statistical_loss,pinn_statistical,w2,kl_entropy,0.0,0.0,v10,m s**-1,78.0,True,2.7250309675128452,0.008108678716006956,0.001846981369094336,2.733139646228852,0.002966800004966852,
neural_ode,7,pinn_statistical,pinn_statistical:kl_entropy,joint,neural_ode/pinn_statistical:kl_entropy/vs_pinn_statistical,replace_statistical_loss,pinn_statistical,w2,kl_entropy,0.0,0.0,v10,m s**-1,84.0,True,2.7687867080170663,0.008401508847758254,0.0016814902730538095,2.7771882168648245,0.003025185256346319,
neural_ode,7,pinn_statistical,pinn_statistical:kl_entropy,joint,neural_ode/pinn_statistical:kl_entropy/vs_pinn_statistical,replace_statistical_loss,pinn_statistical,w2,kl_entropy,0.0,0.0,v10,m s**-1,90.0,True,2.8039920247004413,0.009224853561748958,0.0016122890232357912,2.8132168782621902,0.0032791121200180795,
neural_ode,7,pinn_statistical,pinn_statistical:kl_entropy,joint,neural_ode/pinn_statistical:kl_entropy/vs_pinn_statistical,replace_statistical_loss,pinn_statistical,w2,kl_entropy,0.0,0.0,v10,m s**-1,96.0,True,2.834926828999216,0.011823592250266746,0.00264622256866226,2.846750421249483,0.004153364538742155,
neural_ode,7,pinn_statistical,pinn_statistical:kl_entropy,joint,neural_ode/pinn_statistical:kl_entropy/vs_pinn_statistical,replace_statistical_loss,pinn_statistical,w2,kl_entropy,0.0,0.0,v10,m s**-1,102.0,True,2.8583969766116897,0.013469393408137798,0.0031789331121518383,2.8718663700198275,0.004690118436132096,
neural_ode,7,pinn_statistical,pinn_statistical:kl_entropy,joint,neural_ode/pinn_statistical:kl_entropy/vs_pinn_statistical,replace_statistical_loss,pinn_statistical,w2,kl_entropy,0.0,0.0,v10,m s**-1,108.0,True,2.8829687480779853,0.015259334807604663,0.0038590329594665462,2.89822808288559,0.005265056569464965,
neural_ode,7,pinn_statistical,pinn_statistical:kl_entropy,joint,neural_ode/pinn_statistical:kl_entropy/vs_pinn_statistical,replace_statistical_loss,pinn_statistical,w2,kl_entropy,0.0,0.0,v10,m s**-1,114.0,True,2.901631410009964,0.01691297798508673,0.004503855045990879,2.9185443879950506,0.00579500454221471,
neural_ode,7,pinn_statistical,pinn_statistical:kl_entropy,joint,neural_ode/pinn_statistical:kl_entropy/vs_pinn_statistical,replace_statistical_loss,pinn_statistical,w2,kl_entropy,0.0,0.0,v10,m s**-1,120.0,True,2.9199812801988787,0.019546641664257347,0.0058945998418498124,2.939527921863136,0.006649585302074046,
neural_ode,19,pinn_statistical,pinn_statistical:kl_entropy,joint,neural_ode/pinn_statistical:kl_entropy/vs_pinn_statistical,replace_statistical_loss,pinn_statistical,w2,kl_entropy,0.0,0.0,msl,Pa,6.0,True,237.25380114133455,1.7488408476788777,0.0007699341304675533,239.00264198901343,0.007317244835139847,
neural_ode,19,pinn_statistical,pinn_statistical:kl_entropy,joint,neural_ode/pinn_statistical:kl_entropy/vs_pinn_statistical,replace_statistical_loss,pinn_statistical,w2,kl_entropy,0.0,0.0,msl,Pa,12.0,True,256.2962852852618,2.627715523184577,0.0013845676970094534,258.92400080844635,0.010148597715854746,
neural_ode,19,pinn_statistical,pinn_statistical:kl_entropy,joint,neural_ode/pinn_statistical:kl_entropy/vs_pinn_statistical,replace_statistical_loss,pinn_statistical,w2,kl_entropy,0.0,0.0,msl,Pa,18.0,True,306.3538304217387,3.394884898399141,0.0018487048586268706,309.7487153201378,0.010960125839070467,
neural_ode,19,pinn_statistical,pinn_statistical:kl_entropy,joint,neural_ode/pinn_statistical:kl_entropy/vs_pinn_statistical,replace_statistical_loss,pinn_statistical,w2,kl_entropy,0.0,0.0,msl,Pa,24.0,True,328.1834271511304,4.805323010842869,0.0037715360597854186,332.98875016197326,0.01443088695490602,
neural_ode,19,pinn_statistical,pinn_statistical:kl_entropy,joint,neural_ode/pinn_statistical:kl_entropy/vs_pinn_statistical,replace_statistical_loss,pinn_statistical,w2,kl_entropy,0.0,0.0,msl,Pa,30.0,True,378.99667665451966,5.022218595179936,0.0041478130260562684,384.0188952496996,0.013078050734754432,
neural_ode,19,pinn_statistical,pinn_statistical:kl_entropy,joint,neural_ode/pinn_statistical:kl_entropy/vs_pinn_statistical,replace_statistical_loss,pinn_statistical,w2,kl_entropy,0.0,0.0,msl,Pa,36.0,True,407.76451605918777,5.742861997553177,0.005415035378953936,413.50737805674095,0.013888172986275316,
neural_ode,19,pinn_statistical,pinn_statistical:kl_entropy,joint,neural_ode/pinn_statistical:kl_entropy/vs_pinn_statistical,replace_statistical_loss,pinn_statistical,w2,kl_entropy,0.0,0.0,msl,Pa,42.0,True,440.0489466098311,4.606810963996679,0.004517640757509378,444.65575757382777,0.010360398770349444,
neural_ode,19,pinn_statistical,pinn_statistical:kl_entropy,joint,neural_ode/pinn_statistical:kl_entropy/vs_pinn_statistical,replace_statistical_loss,pinn_statistical,w2,kl_entropy,0.0,0.0,msl,Pa,48.0,True,456.2250624603416,3.376439176912072,0.003456066060536722,459.60150163725365,0.007346449402110489,
neural_ode,19,pinn_statistical,pinn_statistical:kl_entropy,joint,neural_ode/pinn_statistical:kl_entropy/vs_pinn_statistical,replace_statistical_loss,pinn_statistical,w2,kl_entropy,0.0,0.0,msl,Pa,54.0,True,485.595000516216,1.9679405911226695,0.0016925537402668889,487.56294110733864,0.004036280088583366,
neural_ode,19,pinn_statistical,pinn_statistical:kl_entropy,joint,neural_ode/pinn_statistical:kl_entropy/vs_pinn_statistical,replace_statistical_loss,pinn_statistical,w2,kl_entropy,0.0,0.0,msl,Pa,60.0,True,504.9159965253989,0.30819015814319073,-0.0005398001949156184,505.2241866835421,0.0006100067381299423,
neural_ode,19,pinn_statistical,pinn_statistical:kl_entropy,joint,neural_ode/pinn_statistical:kl_entropy/vs_pinn_statistical,replace_statistical_loss,pinn_statistical,w2,kl_entropy,0.0,0.0,msl,Pa,66.0,True,523.9221023449901,-1.2653987095062575,-0.0026609068158436333,522.6567036354838,-0.0024210895999312587,
neural_ode,19,pinn_statistical,pinn_statistical:kl_entropy,joint,neural_ode/pinn_statistical:kl_entropy/vs_pinn_statistical,replace_statistical_loss,pinn_statistical,w2,kl_entropy,0.0,0.0,msl,Pa,72.0,True,532.3132707230241,-3.0574299075490217,-0.005573040980919264,529.255840815475,-0.005776846794620427,
neural_ode,19,pinn_statistical,pinn_statistical:kl_entropy,joint,neural_ode/pinn_statistical:kl_entropy/vs_pinn_statistical,replace_statistical_loss,pinn_statistical,w2,kl_entropy,0.0,0.0,msl,Pa,78.0,True,551.0142907435,-4.571454238433603,-0.007980986210910368,546.4428365050665,-0.008365841645343375,
neural_ode,19,pinn_statistical,pinn_statistical:kl_entropy,joint,neural_ode/pinn_statistical:kl_entropy/vs_pinn_statistical,replace_statistical_loss,pinn_statistical,w2,kl_entropy,0.0,0.0,msl,Pa,84.0,True,562.7088758069873,-5.669056205954689,-0.009995192859370006,557.0398196010326,-0.010177111234193292,
neural_ode,19,pinn_statistical,pinn_statistical:kl_entropy,joint,neural_ode/pinn_statistical:kl_entropy/vs_pinn_statistical,replace_statistical_loss,pinn_statistical,w2,kl_entropy,0.0,0.0,msl,Pa,90.0,True,575.6690304307814,-7.023928047749564,-0.012290491296865769,568.6451023830318,-0.012352041753836085,
neural_ode,19,pinn_statistical,pinn_statistical:kl_entropy,joint,neural_ode/pinn_statistical:kl_entropy/vs_pinn_statistical,replace_statistical_loss,pinn_statistical,w2,kl_entropy,0.0,0.0,msl,Pa,96.0,True,578.5980352675283,-7.529598125467942,-0.013813909170435013,571.0684371420604,-0.01318510643514137,
neural_ode,19,pinn_statistical,pinn_statistical:kl_entropy,joint,neural_ode/pinn_statistical:kl_entropy/vs_pinn_statistical,replace_statistical_loss,pinn_statistical,w2,kl_entropy,0.0,0.0,msl,Pa,102.0,True,592.2886297423121,-8.573420069893245,-0.01562947575551399,583.7152096724188,-0.014687676332272748,
neural_ode,19,pinn_statistical,pinn_statistical:kl_entropy,joint,neural_ode/pinn_statistical:kl_entropy/vs_pinn_statistical,replace_statistical_loss,pinn_statistical,w2,kl_entropy,0.0,0.0,msl,Pa,108.0,True,599.0201339374145,-8.416193489208013,-0.015526270745111925,590.6039404482065,-0.014250147878832387,
neural_ode,19,pinn_statistical,pinn_statistical:kl_entropy,joint,neural_ode/pinn_statistical:kl_entropy/vs_pinn_statistical,replace_statistical_loss,pinn_statistical,w2,kl_entropy,0.0,0.0,msl,Pa,114.0,True,608.4453261291104,-9.195963584096944,-0.016771250208488853,599.2493625450135,-0.01534580453292711,
neural_ode,19,pinn_statistical,pinn_statistical:kl_entropy,joint,neural_ode/pinn_statistical:kl_entropy/vs_pinn_statistical,replace_statistical_loss,pinn_statistical,w2,kl_entropy,0.0,0.0,msl,Pa,120.0,True,608.2683278695563,-8.987483860973953,-0.01705809137665726,599.2808440085823,-0.014997115210385825,
neural_ode,19,pinn_statistical,pinn_statistical:kl_entropy,joint,neural_ode/pinn_statistical:kl_entropy/vs_pinn_statistical,replace_statistical_loss,pinn_statistical,w2,kl_entropy,0.0,0.0,t2m,K,6.0,True,2.5929488727597803,0.12090834290328445,0.007990874601850884,2.7138572156630647,0.044552212329174945,
neural_ode,19,pinn_statistical,pinn_statistical:kl_entropy,joint,neural_ode/pinn_statistical:kl_entropy/vs_pinn_statistical,replace_statistical_loss,pinn_statistical,w2,kl_entropy,0.0,0.0,t2m,K,12.0,True,3.034803221695703,0.09934198894276358,0.010484824298725992,3.1341452106384664,0.031696677169123944,
neural_ode,19,pinn_statistical,pinn_statistical:kl_entropy,joint,neural_ode/pinn_statistical:kl_entropy/vs_pinn_statistical,replace_statistical_loss,pinn_statistical,w2,kl_entropy,0.0,0.0,t2m,K,18.0,True,2.4740858502622207,0.1256138018313404,0.011136078588468656,2.599699652093561,0.04831858239092446,
neural_ode,19,pinn_statistical,pinn_statistical:kl_entropy,joint,neural_ode/pinn_statistical:kl_entropy/vs_pinn_statistical,replace_statistical_loss,pinn_statistical,w2,kl_entropy,0.0,0.0,t2m,K,24.0,True,1.6868035683787403,0.16762551478319554,0.009473919724449331,1.8544290831619359,0.09039197902212681,
neural_ode,19,pinn_statistical,pinn_statistical:kl_entropy,joint,neural_ode/pinn_statistical:kl_entropy/vs_pinn_statistical,replace_statistical_loss,pinn_statistical,w2,kl_entropy,0.0,0.0,t2m,K,30.0,True,2.5302250668523634,0.09217589911409041,0.008141938489071743,2.622400965966454,0.03514942997289516,
neural_ode,19,pinn_statistical,pinn_statistical:kl_entropy,joint,neural_ode/pinn_statistical:kl_entropy/vs_pinn_statistical,replace_statistical_loss,pinn_statistical,w2,kl_entropy,0.0,0.0,t2m,K,36.0,True,3.0091619943370422,0.07008837865911088,0.006280915817009736,3.079250372996153,0.022761506915371044,
neural_ode,19,pinn_statistical,pinn_statistical:kl_entropy,joint,neural_ode/pinn_statistical:kl_entropy/vs_pinn_statistical,replace_statistical_loss,pinn_statistical,w2,kl_entropy,0.0,0.0,t2m,K,42.0,True,2.5257789093382215,0.1061573173735435,0.009799932050509219,2.631936226711765,0.040334304568683366,
neural_ode,19,pinn_statistical,pinn_statistical:kl_entropy,joint,neural_ode/pinn_statistical:kl_entropy/vs_pinn_statistical,replace_statistical_loss,pinn_statistical,w2,kl_entropy,0.0,0.0,t2m,K,48.0,True,1.8501046958939231,0.1508504687461676,0.010651250349691499,2.0009551646400907,0.07538922980980478,
neural_ode,19,pinn_statistical,pinn_statistical:kl_entropy,joint,neural_ode/pinn_statistical:kl_entropy/vs_pinn_statistical,replace_statistical_loss,pinn_statistical,w2,kl_entropy,0.0,0.0,t2m,K,54.0,True,2.637742256385054,0.08170400498338504,0.0078039891734363875,2.719446261368439,0.030044353567138082,
neural_ode,19,pinn_statistical,pinn_statistical:kl_entropy,joint,neural_ode/pinn_statistical:kl_entropy/vs_pinn_statistical,replace_statistical_loss,pinn_statistical,w2,kl_entropy,0.0,0.0,t2m,K,60.0,True,3.095251916783707,0.05107000295210362,0.003676451054225316,3.1463219197358105,0.016231652149692244,
neural_ode,19,pinn_statistical,pinn_statistical:kl_entropy,joint,neural_ode/pinn_statistical:kl_entropy/vs_pinn_statistical,replace_statistical_loss,pinn_statistical,w2,kl_entropy,0.0,0.0,t2m,K,66.0,True,2.646907276964017,0.07988737380003919,0.006970710335313601,2.7267946507640564,0.029297172699695007,
neural_ode,19,pinn_statistical,pinn_statistical:kl_entropy,joint,neural_ode/pinn_statistical:kl_entropy/vs_pinn_statistical,replace_statistical_loss,pinn_statistical,w2,kl_entropy,0.0,0.0,t2m,K,72.0,True,2.0359013725249673,0.10573900044772966,0.007603026093401244,2.141640372972697,0.04937290209044709,
neural_ode,19,pinn_statistical,pinn_statistical:kl_entropy,joint,neural_ode/pinn_statistical:kl_entropy/vs_pinn_statistical,replace_statistical_loss,pinn_statistical,w2,kl_entropy,0.0,0.0,t2m,K,78.0,True,2.75372229708429,0.05798617228958092,0.005756924455492696,2.8117084693738708,0.020623109728902134,
neural_ode,19,pinn_statistical,pinn_statistical:kl_entropy,joint,neural_ode/pinn_statistical:kl_entropy/vs_pinn_statistical,replace_statistical_loss,pinn_statistical,w2,kl_entropy,0.0,0.0,t2m,K,84.0,True,3.1784671969516536,0.03376792075005808,0.0019981635594815694,3.2122351177017117,0.010512281795305944,
neural_ode,19,pinn_statistical,pinn_statistical:kl_entropy,joint,neural_ode/pinn_statistical:kl_entropy/vs_pinn_statistical,replace_statistical_loss,pinn_statistical,w2,kl_entropy,0.0,0.0,t2m,K,90.0,True,2.7434849039114484,0.05379310124388503,0.004188358861889063,2.7972780051553334,0.019230516646806417,
neural_ode,19,pinn_statistical,pinn_statistical:kl_entropy,joint,neural_ode/pinn_statistical:kl_entropy/vs_pinn_statistical,replace_statistical_loss,pinn_statistical,w2,kl_entropy,0.0,0.0,t2m,K,96.0,True,2.169549404569154,0.060382093534869785,0.0033758604986814378,2.229931498104024,0.027078003780030446,
neural_ode,19,pinn_statistical,pinn_statistical:kl_entropy,joint,neural_ode/pinn_statistical:kl_entropy/vs_pinn_statistical,replace_statistical_loss,pinn_statistical,w2,kl_entropy,0.0,0.0,t2m,K,102.0,True,2.8403711049769136,0.035358166143932834,0.0034899716751167764,2.8757292711208464,0.012295373733199666,
neural_ode,19,pinn_statistical,pinn_statistical:kl_entropy,joint,neural_ode/pinn_statistical:kl_entropy/vs_pinn_statistical,replace_statistical_loss,pinn_statistical,w2,kl_entropy,0.0,0.0,t2m,K,108.0,True,3.2392012520842632,0.023022191484220134,0.0014052064385918772,3.2622234435684834,0.007057208643880153,
neural_ode,19,pinn_statistical,pinn_statistical:kl_entropy,joint,neural_ode/pinn_statistical:kl_entropy/vs_pinn_statistical,replace_statistical_loss,pinn_statistical,w2,kl_entropy,0.0,0.0,t2m,K,114.0,True,2.8124021789834655,0.03507101329276763,0.002157338228898076,2.847473192276233,0.012316538532442634,
neural_ode,19,pinn_statistical,pinn_statistical:kl_entropy,joint,neural_ode/pinn_statistical:kl_entropy/vs_pinn_statistical,replace_statistical_loss,pinn_statistical,w2,kl_entropy,0.0,0.0,t2m,K,120.0,True,2.2679288572928566,0.023803992177344746,-0.000650765568629974,2.2917328494702014,0.010386896615304786,
neural_ode,19,pinn_statistical,pinn_statistical:kl_entropy,joint,neural_ode/pinn_statistical:kl_entropy/vs_pinn_statistical,replace_statistical_loss,pinn_statistical,w2,kl_entropy,0.0,0.0,u10,m s**-1,6.0,True,1.2429388693677448,0.045260435720517966,0.008063781750902277,1.2881993050882627,0.035134653109766156,
neural_ode,19,pinn_statistical,pinn_statistical:kl_entropy,joint,neural_ode/pinn_statistical:kl_entropy/vs_pinn_statistical,replace_statistical_loss,pinn_statistical,w2,kl_entropy,0.0,0.0,u10,m s**-1,12.0,True,1.372186324261781,0.03659835407342249,0.006881715738463079,1.4087846783352036,0.025978671287560928,
neural_ode,19,pinn_statistical,pinn_statistical:kl_entropy,joint,neural_ode/pinn_statistical:kl_entropy/vs_pinn_statistical,replace_statistical_loss,pinn_statistical,w2,kl_entropy,0.0,0.0,u10,m s**-1,18.0,True,1.5454488520809417,0.03155947909470935,0.0067873124988545586,1.577008331175651,0.02001224627087539,
neural_ode,19,pinn_statistical,pinn_statistical:kl_entropy,joint,neural_ode/pinn_statistical:kl_entropy/vs_pinn_statistical,replace_statistical_loss,pinn_statistical,w2,kl_entropy,0.0,0.0,u10,m s**-1,24.0,True,1.6830698155444495,0.026099683998025203,0.006068781480194407,1.7091694995424747,0.015270389510819049,
neural_ode,19,pinn_statistical,pinn_statistical:kl_entropy,joint,neural_ode/pinn_statistical:kl_entropy/vs_pinn_statistical,replace_statistical_loss,pinn_statistical,w2,kl_entropy,0.0,0.0,u10,m s**-1,30.0,True,1.842754139014124,0.027224727114233627,0.007465321299587657,1.8699788661283576,0.014558842138467698,
neural_ode,19,pinn_statistical,pinn_statistical:kl_entropy,joint,neural_ode/pinn_statistical:kl_entropy/vs_pinn_statistical,replace_statistical_loss,pinn_statistical,w2,kl_entropy,0.0,0.0,u10,m s**-1,36.0,True,1.9704445639028125,0.022965479946086997,0.007131799509515591,1.9934100438488995,0.011520700428369945,
neural_ode,19,pinn_statistical,pinn_statistical:kl_entropy,joint,neural_ode/pinn_statistical:kl_entropy/vs_pinn_statistical,replace_statistical_loss,pinn_statistical,w2,kl_entropy,0.0,0.0,u10,m s**-1,42.0,True,2.081254693284363,0.02403671226909765,0.00857239572490709,2.105291405553461,0.011417285134823763,
neural_ode,19,pinn_statistical,pinn_statistical:kl_entropy,joint,neural_ode/pinn_statistical:kl_entropy/vs_pinn_statistical,replace_statistical_loss,pinn_statistical,w2,kl_entropy,0.0,0.0,u10,m s**-1,48.0,True,2.1663963982056265,0.018757251406749997,0.0074909595287497854,2.1851536496123765,0.008583950794525341,
neural_ode,19,pinn_statistical,pinn_statistical:kl_entropy,joint,neural_ode/pinn_statistical:kl_entropy/vs_pinn_statistical,replace_statistical_loss,pinn_statistical,w2,kl_entropy,0.0,0.0,u10,m s**-1,54.0,True,2.2552636739702248,0.0182848526268371,0.00864581113573315,2.273548526597062,0.008042429010391539,
neural_ode,19,pinn_statistical,pinn_statistical:kl_entropy,joint,neural_ode/pinn_statistical:kl_entropy/vs_pinn_statistical,replace_statistical_loss,pinn_statistical,w2,kl_entropy,0.0,0.0,u10,m s**-1,60.0,True,2.3294515057832967,0.011390539880253403,0.007011562746643829,2.34084204566355,0.004866001062034275,
neural_ode,19,pinn_statistical,pinn_statistical:kl_entropy,joint,neural_ode/pinn_statistical:kl_entropy/vs_pinn_statistical,replace_statistical_loss,pinn_statistical,w2,kl_entropy,0.0,0.0,u10,m s**-1,66.0,True,2.397167610761316,0.010023878441110856,0.0078082049060643755,2.4071914892024266,0.0041641383687477385,
neural_ode,19,pinn_statistical,pinn_statistical:kl_entropy,joint,neural_ode/pinn_statistical:kl_entropy/vs_pinn_statistical,replace_statistical_loss,pinn_statistical,w2,kl_entropy,0.0,0.0,u10,m s**-1,72.0,True,2.446294765253696,0.0024201564930277364,0.005215427846538834,2.4487149217467237,0.0009883373811849783,
neural_ode,19,pinn_statistical,pinn_statistical:kl_entropy,joint,neural_ode/pinn_statistical:kl_entropy/vs_pinn_statistical,replace_statistical_loss,pinn_statistical,w2,kl_entropy,0.0,0.0,u10,m s**-1,78.0,True,2.5011801006967054,-0.0011347884654400175,0.005020450408873556,2.5000453122312654,-0.00045390715915760715,
neural_ode,19,pinn_statistical,pinn_statistical:kl_entropy,joint,neural_ode/pinn_statistical:kl_entropy/vs_pinn_statistical,replace_statistical_loss,pinn_statistical,w2,kl_entropy,0.0,0.0,u10,m s**-1,84.0,True,2.543650286508904,-0.007268953558279279,0.003057958595070187,2.536381332950625,-0.002865875672497298,
neural_ode,19,pinn_statistical,pinn_statistical:kl_entropy,joint,neural_ode/pinn_statistical:kl_entropy/vs_pinn_statistical,replace_statistical_loss,pinn_statistical,w2,kl_entropy,0.0,0.0,u10,m s**-1,90.0,True,2.5886244692892806,-0.008652337977068658,0.0039758444468371845,2.579972131312212,-0.00335365559653078,
neural_ode,19,pinn_statistical,pinn_statistical:kl_entropy,joint,neural_ode/pinn_statistical:kl_entropy/vs_pinn_statistical,replace_statistical_loss,pinn_statistical,w2,kl_entropy,0.0,0.0,u10,m s**-1,96.0,True,2.616040589924211,-0.014201450353562795,0.0017371283864218157,2.6018391395706484,-0.005458235344982354,
neural_ode,19,pinn_statistical,pinn_statistical:kl_entropy,joint,neural_ode/pinn_statistical:kl_entropy/vs_pinn_statistical,replace_statistical_loss,pinn_statistical,w2,kl_entropy,0.0,0.0,u10,m s**-1,102.0,True,2.6525879810547828,-0.016878553565177867,0.0018885531289760116,2.635709427489605,-0.006403799064168547,
neural_ode,19,pinn_statistical,pinn_statistical:kl_entropy,joint,neural_ode/pinn_statistical:kl_entropy/vs_pinn_statistical,replace_statistical_loss,pinn_statistical,w2,kl_entropy,0.0,0.0,u10,m s**-1,108.0,True,2.676960270286173,-0.02024696664483283,0.0007787548437409031,2.65671330364134,-0.00762105817631209,
neural_ode,19,pinn_statistical,pinn_statistical:kl_entropy,joint,neural_ode/pinn_statistical:kl_entropy/vs_pinn_statistical,replace_statistical_loss,pinn_statistical,w2,kl_entropy,0.0,0.0,u10,m s**-1,114.0,True,2.708278212856558,-0.020204269830220944,0.002528349227786053,2.688073943026337,-0.00751626266927552,
neural_ode,19,pinn_statistical,pinn_statistical:kl_entropy,joint,neural_ode/pinn_statistical:kl_entropy/vs_pinn_statistical,replace_statistical_loss,pinn_statistical,w2,kl_entropy,0.0,0.0,u10,m s**-1,120.0,True,2.723199803999663,-0.023858755963585665,0.0006612277174243286,2.6993410480360773,-0.008838733431236534,
neural_ode,19,pinn_statistical,pinn_statistical:kl_entropy,joint,neural_ode/pinn_statistical:kl_entropy/vs_pinn_statistical,replace_statistical_loss,pinn_statistical,w2,kl_entropy,0.0,0.0,v10,m s**-1,6.0,True,1.3504519497044118,0.047879985786769774,0.008002375043459686,1.3983319354911816,0.034240786877224094,
neural_ode,19,pinn_statistical,pinn_statistical:kl_entropy,joint,neural_ode/pinn_statistical:kl_entropy/vs_pinn_statistical,replace_statistical_loss,pinn_statistical,w2,kl_entropy,0.0,0.0,v10,m s**-1,12.0,True,1.4871727317924426,0.03639374308744703,0.00683752956237349,1.5235664748798896,0.023887203930708756,
neural_ode,19,pinn_statistical,pinn_statistical:kl_entropy,joint,neural_ode/pinn_statistical:kl_entropy/vs_pinn_statistical,replace_statistical_loss,pinn_statistical,w2,kl_entropy,0.0,0.0,v10,m s**-1,18.0,True,1.6701359727167124,0.03249697123662654,0.007188204392457154,1.702632943953339,0.01908630474468087,
neural_ode,19,pinn_statistical,pinn_statistical:kl_entropy,joint,neural_ode/pinn_statistical:kl_entropy/vs_pinn_statistical,replace_statistical_loss,pinn_statistical,w2,kl_entropy,0.0,0.0,v10,m s**-1,24.0,True,1.8344223262272734,0.030609334931664955,0.007730024659472257,1.8650316611589384,0.01641223340554132,
neural_ode,19,pinn_statistical,pinn_statistical:kl_entropy,joint,neural_ode/pinn_statistical:kl_entropy/vs_pinn_statistical,replace_statistical_loss,pinn_statistical,w2,kl_entropy,0.0,0.0,v10,m s**-1,30.0,True,1.999013100338267,0.0331596681793489,0.009616700868274819,2.032172768517616,0.016317346976132074,
neural_ode,19,pinn_statistical,pinn_statistical:kl_entropy,joint,neural_ode/pinn_statistical:kl_entropy/vs_pinn_statistical,replace_statistical_loss,pinn_statistical,w2,kl_entropy,0.0,0.0,v10,m s**-1,36.0,True,2.1429175182479656,0.03309285828692099,0.010877599152112172,2.1760103765348866,0.015208042500063135,
neural_ode,19,pinn_statistical,pinn_statistical:kl_entropy,joint,neural_ode/pinn_statistical:kl_entropy/vs_pinn_statistical,replace_statistical_loss,pinn_statistical,w2,kl_entropy,0.0,0.0,v10,m s**-1,42.0,True,2.26526299114847,0.031151422343436597,0.011608025439198255,2.2964144134919064,0.013565244217426775,
neural_ode,19,pinn_statistical,pinn_statistical:kl_entropy,joint,neural_ode/pinn_statistical:kl_entropy/vs_pinn_statistical,replace_statistical_loss,pinn_statistical,w2,kl_entropy,0.0,0.0,v10,m s**-1,48.0,True,2.368160454762857,0.02664096981761732,0.011245490589689044,2.3948014245804745,0.01112450057201897,
neural_ode,19,pinn_statistical,pinn_statistical:kl_entropy,joint,neural_ode/pinn_statistical:kl_entropy/vs_pinn_statistical,replace_statistical_loss,pinn_statistical,w2,kl_entropy,0.0,0.0,v10,m s**-1,54.0,True,2.4584904612553795,0.023970782093427623,0.011513721268549104,2.482461243348807,0.009656054916326262,
neural_ode,19,pinn_statistical,pinn_statistical:kl_entropy,joint,neural_ode/pinn_statistical:kl_entropy/vs_pinn_statistical,replace_statistical_loss,pinn_statistical,w2,kl_entropy,0.0,0.0,v10,m s**-1,60.0,True,2.5397663724512203,0.0190576139083114,0.010870533051325015,2.5588239863595317,0.007447801806573229,
neural_ode,19,pinn_statistical,pinn_statistical:kl_entropy,joint,neural_ode/pinn_statistical:kl_entropy/vs_pinn_statistical,replace_statistical_loss,pinn_statistical,w2,kl_entropy,0.0,0.0,v10,m s**-1,66.0,True,2.608129034235934,0.011893148438270273,0.008933986796687665,2.6200221826742043,0.004539331199910346,
neural_ode,19,pinn_statistical,pinn_statistical:kl_entropy,joint,neural_ode/pinn_statistical:kl_entropy/vs_pinn_statistical,replace_statistical_loss,pinn_statistical,w2,kl_entropy,0.0,0.0,v10,m s**-1,72.0,True,2.6658404145014627,0.0042158800714307,0.0063733099665480575,2.6700562945728934,0.0015789480094482444,
neural_ode,19,pinn_statistical,pinn_statistical:kl_entropy,joint,neural_ode/pinn_statistical:kl_entropy/vs_pinn_statistical,replace_statistical_loss,pinn_statistical,w2,kl_entropy,0.0,0.0,v10,m s**-1,78.0,True,2.713052302832169,-0.0006832142473442993,0.00483989250240241,2.7123690885848246,-0.00025188837692469157,
neural_ode,19,pinn_statistical,pinn_statistical:kl_entropy,joint,neural_ode/pinn_statistical:kl_entropy/vs_pinn_statistical,replace_statistical_loss,pinn_statistical,w2,kl_entropy,0.0,0.0,v10,m s**-1,84.0,True,2.7585890007903062,-0.0065191384342888625,0.0027570520701441503,2.7520698623560174,-0.0023688128428207555,
neural_ode,19,pinn_statistical,pinn_statistical:kl_entropy,joint,neural_ode/pinn_statistical:kl_entropy/vs_pinn_statistical,replace_statistical_loss,pinn_statistical,w2,kl_entropy,0.0,0.0,v10,m s**-1,90.0,True,2.795078149203567,-0.012496559990429201,0.00015445321369872422,2.782581589213138,-0.0044909949950338035,
neural_ode,19,pinn_statistical,pinn_statistical:kl_entropy,joint,neural_ode/pinn_statistical:kl_entropy/vs_pinn_statistical,replace_statistical_loss,pinn_statistical,w2,kl_entropy,0.0,0.0,v10,m s**-1,96.0,True,2.828054318598157,-0.018609888575465305,-0.0027549789260253865,2.8094444300226917,-0.0066240457994448665,
neural_ode,19,pinn_statistical,pinn_statistical:kl_entropy,joint,neural_ode/pinn_statistical:kl_entropy/vs_pinn_statistical,replace_statistical_loss,pinn_statistical,w2,kl_entropy,0.0,0.0,v10,m s**-1,102.0,True,2.8517568206282466,-0.020885183674301366,-0.0038174348527245106,2.8308716369539453,-0.007377651251179396,
neural_ode,19,pinn_statistical,pinn_statistical:kl_entropy,joint,neural_ode/pinn_statistical:kl_entropy/vs_pinn_statistical,replace_statistical_loss,pinn_statistical,w2,kl_entropy,0.0,0.0,v10,m s**-1,108.0,True,2.878611646753577,-0.02455220898038668,-0.005518690952529881,2.8540594377731905,-0.008602556994938837,
neural_ode,19,pinn_statistical,pinn_statistical:kl_entropy,joint,neural_ode/pinn_statistical:kl_entropy/vs_pinn_statistical,replace_statistical_loss,pinn_statistical,w2,kl_entropy,0.0,0.0,v10,m s**-1,114.0,True,2.898842789381999,-0.02787833223181302,-0.007405471804708519,2.870964457150186,-0.009710441438026685,
neural_ode,19,pinn_statistical,pinn_statistical:kl_entropy,joint,neural_ode/pinn_statistical:kl_entropy/vs_pinn_statistical,replace_statistical_loss,pinn_statistical,w2,kl_entropy,0.0,0.0,v10,m s**-1,120.0,True,2.9188620179685185,-0.03136775185968066,-0.00940834021966197,2.887494266108838,-0.010863312259300706,
neural_ode,43,pinn_statistical,pinn_statistical:kl_entropy,joint,neural_ode/pinn_statistical:kl_entropy/vs_pinn_statistical,replace_statistical_loss,pinn_statistical,w2,kl_entropy,0.0,0.0,msl,Pa,6.0,True,235.43866193104358,-2.306645575093512,-0.0015905749421206705,233.13201635595007,-0.009894160446721756,
neural_ode,43,pinn_statistical,pinn_statistical:kl_entropy,joint,neural_ode/pinn_statistical:kl_entropy/vs_pinn_statistical,replace_statistical_loss,pinn_statistical,w2,kl_entropy,0.0,0.0,msl,Pa,12.0,True,252.73508718802157,-2.737835370289588,-0.001466508610331485,249.99725181773198,-0.010951461867611645,
neural_ode,43,pinn_statistical,pinn_statistical:kl_entropy,joint,neural_ode/pinn_statistical:kl_entropy/vs_pinn_statistical,replace_statistical_loss,pinn_statistical,w2,kl_entropy,0.0,0.0,msl,Pa,18.0,True,301.28132139032175,-1.3454804517918433,-0.0008947733623850818,299.9358409385299,-0.004485894208513752,
neural_ode,43,pinn_statistical,pinn_statistical:kl_entropy,joint,neural_ode/pinn_statistical:kl_entropy/vs_pinn_statistical,replace_statistical_loss,pinn_statistical,w2,kl_entropy,0.0,0.0,msl,Pa,24.0,True,321.71873441410787,-1.1030096034664894,-0.0005295970376183456,320.6157248106414,-0.0034402854199304667,
neural_ode,43,pinn_statistical,pinn_statistical:kl_entropy,joint,neural_ode/pinn_statistical:kl_entropy/vs_pinn_statistical,replace_statistical_loss,pinn_statistical,w2,kl_entropy,0.0,0.0,msl,Pa,30.0,True,374.73542448101625,-1.5460114304338504,-0.0011879918474119178,373.1894130505824,-0.004142699059429988,
neural_ode,43,pinn_statistical,pinn_statistical:kl_entropy,joint,neural_ode/pinn_statistical:kl_entropy/vs_pinn_statistical,replace_statistical_loss,pinn_statistical,w2,kl_entropy,0.0,0.0,msl,Pa,36.0,True,403.4232318578326,-0.22501011407609894,7.263402634305471e-05,403.1982217437565,-0.0005580632600583613,
neural_ode,43,pinn_statistical,pinn_statistical:kl_entropy,joint,neural_ode/pinn_statistical:kl_entropy/vs_pinn_statistical,replace_statistical_loss,pinn_statistical,w2,kl_entropy,0.0,0.0,msl,Pa,42.0,True,436.534192545351,-1.1253178239976478,-0.0010526847087940494,435.40887472135336,-0.0025845082388773477,
neural_ode,43,pinn_statistical,pinn_statistical:kl_entropy,joint,neural_ode/pinn_statistical:kl_entropy/vs_pinn_statistical,replace_statistical_loss,pinn_statistical,w2,kl_entropy,0.0,0.0,msl,Pa,48.0,True,451.7988312100981,-0.8678350266020516,-0.0007859384344176545,450.93099618349606,-0.0019245406369201579,
neural_ode,43,pinn_statistical,pinn_statistical:kl_entropy,joint,neural_ode/pinn_statistical:kl_entropy/vs_pinn_statistical,replace_statistical_loss,pinn_statistical,w2,kl_entropy,0.0,0.0,msl,Pa,54.0,True,482.2576787742689,-1.9652140733323336,-0.0026103065195057784,480.2924647009366,-0.004091702905553607,
neural_ode,43,pinn_statistical,pinn_statistical:kl_entropy,joint,neural_ode/pinn_statistical:kl_entropy/vs_pinn_statistical,replace_statistical_loss,pinn_statistical,w2,kl_entropy,0.0,0.0,msl,Pa,60.0,True,501.47568024943956,-0.9697713838382356,-0.001587679898317429,500.5059088656013,-0.001937582287562245,
neural_ode,43,pinn_statistical,pinn_statistical:kl_entropy,joint,neural_ode/pinn_statistical:kl_entropy/vs_pinn_statistical,replace_statistical_loss,pinn_statistical,w2,kl_entropy,0.0,0.0,msl,Pa,66.0,True,520.4772779858764,-2.176480908839949,-0.0036808010169555594,518.3007970770365,-0.004199262129470416,
neural_ode,43,pinn_statistical,pinn_statistical:kl_entropy,joint,neural_ode/pinn_statistical:kl_entropy/vs_pinn_statistical,replace_statistical_loss,pinn_statistical,w2,kl_entropy,0.0,0.0,msl,Pa,72.0,True,527.3829821617696,-1.7101835355483672,-0.0031898219617102486,525.6727986262213,-0.0032533232459768247,
neural_ode,43,pinn_statistical,pinn_statistical:kl_entropy,joint,neural_ode/pinn_statistical:kl_entropy/vs_pinn_statistical,replace_statistical_loss,pinn_statistical,w2,kl_entropy,0.0,0.0,msl,Pa,78.0,True,546.4742787551339,-2.8756504157731797,-0.005571088632052135,543.5986283393607,-0.00529002515064847,
neural_ode,43,pinn_statistical,pinn_statistical:kl_entropy,joint,neural_ode/pinn_statistical:kl_entropy/vs_pinn_statistical,replace_statistical_loss,pinn_statistical,w2,kl_entropy,0.0,0.0,msl,Pa,84.0,True,558.1973135387132,-2.0757782407525838,-0.004589553759221099,556.1215352979606,-0.0037325981984144274,
neural_ode,43,pinn_statistical,pinn_statistical:kl_entropy,joint,neural_ode/pinn_statistical:kl_entropy/vs_pinn_statistical,replace_statistical_loss,pinn_statistical,w2,kl_entropy,0.0,0.0,msl,Pa,90.0,True,571.3264471544887,-3.5708328992998304,-0.007647547536064003,567.7556142551889,-0.006289383688410144,
neural_ode,43,pinn_statistical,pinn_statistical:kl_entropy,joint,neural_ode/pinn_statistical:kl_entropy/vs_pinn_statistical,replace_statistical_loss,pinn_statistical,w2,kl_entropy,0.0,0.0,msl,Pa,96.0,True,573.3795289025988,-3.442551917582932,-0.007703887125752651,569.9369769850159,-0.00604023261623432,
neural_ode,43,pinn_statistical,pinn_statistical:kl_entropy,joint,neural_ode/pinn_statistical:kl_entropy/vs_pinn_statistical,replace_statistical_loss,pinn_statistical,w2,kl_entropy,0.0,0.0,msl,Pa,102.0,True,587.3957189764799,-4.2668293442538925,-0.010026195513614944,583.128889632226,-0.007317129060343763,
neural_ode,43,pinn_statistical,pinn_statistical:kl_entropy,joint,neural_ode/pinn_statistical:kl_entropy/vs_pinn_statistical,replace_statistical_loss,pinn_statistical,w2,kl_entropy,0.0,0.0,msl,Pa,108.0,True,594.6099419673908,-3.511071501787683,-0.00914811180083408,591.0988704656031,-0.005939905618533858,
neural_ode,43,pinn_statistical,pinn_statistical:kl_entropy,joint,neural_ode/pinn_statistical:kl_entropy/vs_pinn_statistical,replace_statistical_loss,pinn_statistical,w2,kl_entropy,0.0,0.0,msl,Pa,114.0,True,603.9946683702874,-4.433751953611022,-0.011603840558558565,599.5609164166764,-0.007394998293267063,
neural_ode,43,pinn_statistical,pinn_statistical:kl_entropy,joint,neural_ode/pinn_statistical:kl_entropy/vs_pinn_statistical,replace_statistical_loss,pinn_statistical,w2,kl_entropy,0.0,0.0,msl,Pa,120.0,True,603.518616080055,-4.567667099626192,-0.012264148121667151,598.9509489804288,-0.0076261121338927484,
neural_ode,43,pinn_statistical,pinn_statistical:kl_entropy,joint,neural_ode/pinn_statistical:kl_entropy/vs_pinn_statistical,replace_statistical_loss,pinn_statistical,w2,kl_entropy,0.0,0.0,t2m,K,6.0,True,2.8445727756065824,-0.043275415792491945,0.00353559765460032,2.8012973598140904,-0.015448347759612346,
neural_ode,43,pinn_statistical,pinn_statistical:kl_entropy,joint,neural_ode/pinn_statistical:kl_entropy/vs_pinn_statistical,replace_statistical_loss,pinn_statistical,w2,kl_entropy,0.0,0.0,t2m,K,12.0,True,3.1976708588366023,-0.048304663139699944,0.0032648801805467143,3.1493661956969023,-0.01533789979891842,
neural_ode,43,pinn_statistical,pinn_statistical:kl_entropy,joint,neural_ode/pinn_statistical:kl_entropy/vs_pinn_statistical,replace_statistical_loss,pinn_statistical,w2,kl_entropy,0.0,0.0,t2m,K,18.0,True,2.6003611848154415,-0.0133872529345469,0.003784171403466763,2.5869739318808946,-0.0051748696689855045,
neural_ode,43,pinn_statistical,pinn_statistical:kl_entropy,joint,neural_ode/pinn_statistical:kl_entropy/vs_pinn_statistical,replace_statistical_loss,pinn_statistical,w2,kl_entropy,0.0,0.0,t2m,K,24.0,True,1.8285305846982591,-0.01716986803411613,0.00036176893077388694,1.811360716664143,-0.009478988848635739,
neural_ode,43,pinn_statistical,pinn_statistical:kl_entropy,joint,neural_ode/pinn_statistical:kl_entropy/vs_pinn_statistical,replace_statistical_loss,pinn_statistical,w2,kl_entropy,0.0,0.0,t2m,K,30.0,True,2.6085769113168182,-0.033870150031046986,-0.00020527135911729832,2.5747067612857713,-0.013154954397265994,
neural_ode,43,pinn_statistical,pinn_statistical:kl_entropy,joint,neural_ode/pinn_statistical:kl_entropy/vs_pinn_statistical,replace_statistical_loss,pinn_statistical,w2,kl_entropy,0.0,0.0,t2m,K,36.0,True,3.069670371498237,-0.03900545006944789,0.00041290709302321815,3.030664921428789,-0.012870261503887814,
neural_ode,43,pinn_statistical,pinn_statistical:kl_entropy,joint,neural_ode/pinn_statistical:kl_entropy/vs_pinn_statistical,replace_statistical_loss,pinn_statistical,w2,kl_entropy,0.0,0.0,t2m,K,42.0,True,2.585716607497846,-0.013466623534225342,0.002084005975244718,2.5722499839636206,-0.005235347893160158,
neural_ode,43,pinn_statistical,pinn_statistical:kl_entropy,joint,neural_ode/pinn_statistical:kl_entropy/vs_pinn_statistical,replace_statistical_loss,pinn_statistical,w2,kl_entropy,0.0,0.0,t2m,K,48.0,True,1.9404572262795239,-0.009927095851504308,-4.253872657167257e-05,1.9305301304280196,-0.005142160536651952,
neural_ode,43,pinn_statistical,pinn_statistical:kl_entropy,joint,neural_ode/pinn_statistical:kl_entropy/vs_pinn_statistical,replace_statistical_loss,pinn_statistical,w2,kl_entropy,0.0,0.0,t2m,K,54.0,True,2.689637312674537,-0.018314099278043283,0.001245031914677508,2.671323213396494,-0.00685581556967696,
neural_ode,43,pinn_statistical,pinn_statistical:kl_entropy,joint,neural_ode/pinn_statistical:kl_entropy/vs_pinn_statistical,replace_statistical_loss,pinn_statistical,w2,kl_entropy,0.0,0.0,t2m,K,60.0,True,3.136423142070045,-0.030831090996766175,0.0011140422890945079,3.1055920510732786,-0.009927604942867818,
neural_ode,43,pinn_statistical,pinn_statistical:kl_entropy,joint,neural_ode/pinn_statistical:kl_entropy/vs_pinn_statistical,replace_statistical_loss,pinn_statistical,w2,kl_entropy,0.0,0.0,t2m,K,66.0,True,2.69403472710838,-0.009481353302292383,0.00204764608546959,2.6845533738060876,-0.003531817767083556,
neural_ode,43,pinn_statistical,pinn_statistical:kl_entropy,joint,neural_ode/pinn_statistical:kl_entropy/vs_pinn_statistical,replace_statistical_loss,pinn_statistical,w2,kl_entropy,0.0,0.0,t2m,K,72.0,True,2.097242010764071,0.006161968549355024,0.0004979323764032761,2.103403979313426,0.0029295221507408264,
neural_ode,43,pinn_statistical,pinn_statistical:kl_entropy,joint,neural_ode/pinn_statistical:kl_entropy/vs_pinn_statistical,replace_statistical_loss,pinn_statistical,w2,kl_entropy,0.0,0.0,t2m,K,78.0,True,2.7872398533500524,-0.0027475758028772113,0.002876476267368644,2.784492277547175,-0.000986742116339201,
neural_ode,43,pinn_statistical,pinn_statistical:kl_entropy,joint,neural_ode/pinn_statistical:kl_entropy/vs_pinn_statistical,replace_statistical_loss,pinn_statistical,w2,kl_entropy,0.0,0.0,t2m,K,84.0,True,3.2091464275495,-0.02538215802421684,0.0018747954481082019,3.183764269525283,-0.007972373541336841,
neural_ode,43,pinn_statistical,pinn_statistical:kl_entropy,joint,neural_ode/pinn_statistical:kl_entropy/vs_pinn_statistical,replace_statistical_loss,pinn_statistical,w2,kl_entropy,0.0,0.0,t2m,K,90.0,True,2.7820533259442635,-0.009122574612969725,0.0018363413883246693,2.7729307513312937,-0.0032898674474974854,
neural_ode,43,pinn_statistical,pinn_statistical:kl_entropy,joint,neural_ode/pinn_statistical:kl_entropy/vs_pinn_statistical,replace_statistical_loss,pinn_statistical,w2,kl_entropy,0.0,0.0,t2m,K,96.0,True,2.208185581294773,0.01442346493438107,0.0005821528491586347,2.222609046229154,0.00648942960024923,
neural_ode,43,pinn_statistical,pinn_statistical:kl_entropy,joint,neural_ode/pinn_statistical:kl_entropy/vs_pinn_statistical,replace_statistical_loss,pinn_statistical,w2,kl_entropy,0.0,0.0,t2m,K,102.0,True,2.8655030337806395,0.00251175784250135,0.004041399945315494,2.868014791623141,0.0008757827364899162,
neural_ode,43,pinn_statistical,pinn_statistical:kl_entropy,joint,neural_ode/pinn_statistical:kl_entropy/vs_pinn_statistical,replace_statistical_loss,pinn_statistical,w2,kl_entropy,0.0,0.0,t2m,K,108.0,True,3.2723654550500476,-0.028164892028146316,0.0022898004752965884,3.2442005630219013,-0.008681612459222166,
neural_ode,43,pinn_statistical,pinn_statistical:kl_entropy,joint,neural_ode/pinn_statistical:kl_entropy/vs_pinn_statistical,replace_statistical_loss,pinn_statistical,w2,kl_entropy,0.0,0.0,t2m,K,114.0,True,2.85059040549581,-0.01702260817047696,0.00117080561365146,2.8335677973253333,-0.006007482223133964,
neural_ode,43,pinn_statistical,pinn_statistical:kl_entropy,joint,neural_ode/pinn_statistical:kl_entropy/vs_pinn_statistical,replace_statistical_loss,pinn_statistical,w2,kl_entropy,0.0,0.0,t2m,K,120.0,True,2.292164930350994,0.009140701041365773,0.0002693862411238257,2.30130563139236,0.003971963096372932,
neural_ode,43,pinn_statistical,pinn_statistical:kl_entropy,joint,neural_ode/pinn_statistical:kl_entropy/vs_pinn_statistical,replace_statistical_loss,pinn_statistical,w2,kl_entropy,0.0,0.0,u10,m s**-1,6.0,True,1.2118300107832871,0.027624610780435876,0.003852695878802659,1.239454621563723,0.02228771453172207,
neural_ode,43,pinn_statistical,pinn_statistical:kl_entropy,joint,neural_ode/pinn_statistical:kl_entropy/vs_pinn_statistical,replace_statistical_loss,pinn_statistical,w2,kl_entropy,0.0,0.0,u10,m s**-1,12.0,True,1.3516509683803322,0.018022749080493394,0.0030786048010457145,1.3696737174608256,0.013158425142233865,
neural_ode,43,pinn_statistical,pinn_statistical:kl_entropy,joint,neural_ode/pinn_statistical:kl_entropy/vs_pinn_statistical,replace_statistical_loss,pinn_statistical,w2,kl_entropy,0.0,0.0,u10,m s**-1,18.0,True,1.5326582517064948,0.011762853928575456,0.002504517449794408,1.5444211056350703,0.0076163514508166275,
neural_ode,43,pinn_statistical,pinn_statistical:kl_entropy,joint,neural_ode/pinn_statistical:kl_entropy/vs_pinn_statistical,replace_statistical_loss,pinn_statistical,w2,kl_entropy,0.0,0.0,u10,m s**-1,24.0,True,1.6771425425805573,0.005453104805129172,0.00152457220124802,1.6825956473856865,0.003240888453266755,
neural_ode,43,pinn_statistical,pinn_statistical:kl_entropy,joint,neural_ode/pinn_statistical:kl_entropy/vs_pinn_statistical,replace_statistical_loss,pinn_statistical,w2,kl_entropy,0.0,0.0,u10,m s**-1,30.0,True,1.8425258737809764,0.00157734658658093,0.0005770033405896324,1.8441032203675574,0.0008553461482847524,
neural_ode,43,pinn_statistical,pinn_statistical:kl_entropy,joint,neural_ode/pinn_statistical:kl_entropy/vs_pinn_statistical,replace_statistical_loss,pinn_statistical,w2,kl_entropy,0.0,0.0,u10,m s**-1,36.0,True,1.975599062685814,-0.001109526442689024,-0.00016676078719712883,1.974489536243125,-0.0005619307787267935,
neural_ode,43,pinn_statistical,pinn_statistical:kl_entropy,joint,neural_ode/pinn_statistical:kl_entropy/vs_pinn_statistical,replace_statistical_loss,pinn_statistical,w2,kl_entropy,0.0,0.0,u10,m s**-1,42.0,True,2.0881673508775935,-0.0022150694052194275,-0.0007334607301101581,2.085952281472374,-0.0010618984072137128,
neural_ode,43,pinn_statistical,pinn_statistical:kl_entropy,joint,neural_ode/pinn_statistical:kl_entropy/vs_pinn_statistical,replace_statistical_loss,pinn_statistical,w2,kl_entropy,0.0,0.0,u10,m s**-1,48.0,True,2.175541738553294,-0.002998178604756152,-0.0010355113829769724,2.172543559948538,-0.0013800315261927043,
neural_ode,43,pinn_statistical,pinn_statistical:kl_entropy,joint,neural_ode/pinn_statistical:kl_entropy/vs_pinn_statistical,replace_statistical_loss,pinn_statistical,w2,kl_entropy,0.0,0.0,u10,m s**-1,54.0,True,2.2629452196123667,-0.004443668607272855,-0.0017783941602697029,2.258501551005094,-0.0019675295796433012,
neural_ode,43,pinn_statistical,pinn_statistical:kl_entropy,joint,neural_ode/pinn_statistical:kl_entropy/vs_pinn_statistical,replace_statistical_loss,pinn_statistical,w2,kl_entropy,0.0,0.0,u10,m s**-1,60.0,True,2.3377058394151606,-0.004396938582707399,-0.0017787591862381547,2.3333089008324532,-0.00188442198164962,
neural_ode,43,pinn_statistical,pinn_statistical:kl_entropy,joint,neural_ode/pinn_statistical:kl_entropy/vs_pinn_statistical,replace_statistical_loss,pinn_statistical,w2,kl_entropy,0.0,0.0,u10,m s**-1,66.0,True,2.4023598785947438,-0.005567946877630181,-0.0024553502974240526,2.3967919317171136,-0.0023230831195435453,
neural_ode,43,pinn_statistical,pinn_statistical:kl_entropy,joint,neural_ode/pinn_statistical:kl_entropy/vs_pinn_statistical,replace_statistical_loss,pinn_statistical,w2,kl_entropy,0.0,0.0,u10,m s**-1,72.0,True,2.4507652858681293,-0.005375838665433452,-0.002415773535299648,2.445389447202696,-0.0021983568595107528,
neural_ode,43,pinn_statistical,pinn_statistical:kl_entropy,joint,neural_ode/pinn_statistical:kl_entropy/vs_pinn_statistical,replace_statistical_loss,pinn_statistical,w2,kl_entropy,0.0,0.0,u10,m s**-1,78.0,True,2.501704276103179,-0.007262601194192531,-0.003500625867296603,2.4944416749089866,-0.0029115137336124253,
neural_ode,43,pinn_statistical,pinn_statistical:kl_entropy,joint,neural_ode/pinn_statistical:kl_entropy/vs_pinn_statistical,replace_statistical_loss,pinn_statistical,w2,kl_entropy,0.0,0.0,u10,m s**-1,84.0,True,2.5446955561901223,-0.00687854879960792,-0.003410940867534351,2.5378170073905144,-0.002710419537569786,
neural_ode,43,pinn_statistical,pinn_statistical:kl_entropy,joint,neural_ode/pinn_statistical:kl_entropy/vs_pinn_statistical,replace_statistical_loss,pinn_statistical,w2,kl_entropy,0.0,0.0,u10,m s**-1,90.0,True,2.586070438611335,-0.008082877494147489,-0.004307796553002063,2.5779875611171876,-0.0031353438690155944,
neural_ode,43,pinn_statistical,pinn_statistical:kl_entropy,joint,neural_ode/pinn_statistical:kl_entropy/vs_pinn_statistical,replace_statistical_loss,pinn_statistical,w2,kl_entropy,0.0,0.0,u10,m s**-1,96.0,True,2.612517074181007,-0.006695003112136,-0.003836898852425219,2.605822071068871,-0.002569247987599388,
neural_ode,43,pinn_statistical,pinn_statistical:kl_entropy,joint,neural_ode/pinn_statistical:kl_entropy/vs_pinn_statistical,replace_statistical_loss,pinn_statistical,w2,kl_entropy,0.0,0.0,u10,m s**-1,102.0,True,2.644374932024493,-0.007542297516842211,-0.004790488757495215,2.636832634507651,-0.002860362625271673,
neural_ode,43,pinn_statistical,pinn_statistical:kl_entropy,joint,neural_ode/pinn_statistical:kl_entropy/vs_pinn_statistical,replace_statistical_loss,pinn_statistical,w2,kl_entropy,0.0,0.0,u10,m s**-1,108.0,True,2.669751690841249,-0.005884657185883935,-0.004256136371370789,2.663867033655365,-0.002209065659635856,
neural_ode,43,pinn_statistical,pinn_statistical:kl_entropy,joint,neural_ode/pinn_statistical:kl_entropy/vs_pinn_statistical,replace_statistical_loss,pinn_statistical,w2,kl_entropy,0.0,0.0,u10,m s**-1,114.0,True,2.697738850563812,-0.005725468604969919,-0.004780605464246246,2.692013381958842,-0.0021268351202636815,
neural_ode,43,pinn_statistical,pinn_statistical:kl_entropy,joint,neural_ode/pinn_statistical:kl_entropy/vs_pinn_statistical,replace_statistical_loss,pinn_statistical,w2,kl_entropy,0.0,0.0,u10,m s**-1,120.0,True,2.712899310942259,-0.0034124266640085388,-0.0038585196457411874,2.7094868842782502,-0.0012594364947138281,
neural_ode,43,pinn_statistical,pinn_statistical:kl_entropy,joint,neural_ode/pinn_statistical:kl_entropy/vs_pinn_statistical,replace_statistical_loss,pinn_statistical,w2,kl_entropy,0.0,0.0,v10,m s**-1,6.0,True,1.340835559770974,-0.0025662808669455472,-0.0011474631459310602,1.3382692789040285,-0.0019176117298658202,
neural_ode,43,pinn_statistical,pinn_statistical:kl_entropy,joint,neural_ode/pinn_statistical:kl_entropy/vs_pinn_statistical,replace_statistical_loss,pinn_statistical,w2,kl_entropy,0.0,0.0,v10,m s**-1,12.0,True,1.4791804443935284,0.002258875053206655,0.00011717162946922599,1.481439319446735,0.0015247840553133107,
neural_ode,43,pinn_statistical,pinn_statistical:kl_entropy,joint,neural_ode/pinn_statistical:kl_entropy/vs_pinn_statistical,replace_statistical_loss,pinn_statistical,w2,kl_entropy,0.0,0.0,v10,m s**-1,18.0,True,1.6630165136577988,0.002579530113774098,0.0005529834956736757,1.6655960437715729,0.0015487129207709671,
neural_ode,43,pinn_statistical,pinn_statistical:kl_entropy,joint,neural_ode/pinn_statistical:kl_entropy/vs_pinn_statistical,replace_statistical_loss,pinn_statistical,w2,kl_entropy,0.0,0.0,v10,m s**-1,24.0,True,1.83071493149853,0.0016043169812052227,0.0004893571066605373,1.8323192484797353,0.0008755662980325374,
neural_ode,43,pinn_statistical,pinn_statistical:kl_entropy,joint,neural_ode/pinn_statistical:kl_entropy/vs_pinn_statistical,replace_statistical_loss,pinn_statistical,w2,kl_entropy,0.0,0.0,v10,m s**-1,30.0,True,1.9996349025722802,0.0011942398010613697,0.0003883215430735554,2.0008291423733415,0.000596872454408981,
neural_ode,43,pinn_statistical,pinn_statistical:kl_entropy,joint,neural_ode/pinn_statistical:kl_entropy/vs_pinn_statistical,replace_statistical_loss,pinn_statistical,w2,kl_entropy,0.0,0.0,v10,m s**-1,36.0,True,2.147393075394834,-0.0003590030653413123,-0.00014185521561183023,2.1470340723294927,-0.00016720883472132186,
neural_ode,43,pinn_statistical,pinn_statistical:kl_entropy,joint,neural_ode/pinn_statistical:kl_entropy/vs_pinn_statistical,replace_statistical_loss,pinn_statistical,w2,kl_entropy,0.0,0.0,v10,m s**-1,42.0,True,2.271417670218135,-0.001130825630345278,-0.0004787906159861022,2.2702868445877895,-0.0004980981293358777,
neural_ode,43,pinn_statistical,pinn_statistical:kl_entropy,joint,neural_ode/pinn_statistical:kl_entropy/vs_pinn_statistical,replace_statistical_loss,pinn_statistical,w2,kl_entropy,0.0,0.0,v10,m s**-1,48.0,True,2.374804182420838,-0.0023495602200069854,-0.0009610898280154601,2.372454622200831,-0.0009903499093388834,
neural_ode,43,pinn_statistical,pinn_statistical:kl_entropy,joint,neural_ode/pinn_statistical:kl_entropy/vs_pinn_statistical,replace_statistical_loss,pinn_statistical,w2,kl_entropy,0.0,0.0,v10,m s**-1,54.0,True,2.465062233121225,-0.0027165699276610056,-0.001071141889915972,2.462345663193564,-0.0011032447508354526,
neural_ode,43,pinn_statistical,pinn_statistical:kl_entropy,joint,neural_ode/pinn_statistical:kl_entropy/vs_pinn_statistical,replace_statistical_loss,pinn_statistical,w2,kl_entropy,0.0,0.0,v10,m s**-1,60.0,True,2.545025738985328,-0.0044059328853114366,-0.0017106220923474025,2.5406198061000165,-0.0017341960708692206,
neural_ode,43,pinn_statistical,pinn_statistical:kl_entropy,joint,neural_ode/pinn_statistical:kl_entropy/vs_pinn_statistical,replace_statistical_loss,pinn_statistical,w2,kl_entropy,0.0,0.0,v10,m s**-1,66.0,True,2.6111973662161203,-0.00454430589589272,-0.0017239410258957921,2.6066530603202276,-0.0017433489577376449,
neural_ode,43,pinn_statistical,pinn_statistical:kl_entropy,joint,neural_ode/pinn_statistical:kl_entropy/vs_pinn_statistical,replace_statistical_loss,pinn_statistical,w2,kl_entropy,0.0,0.0,v10,m s**-1,72.0,True,2.6662421917231427,-0.006098214390868328,-0.0023715945345187395,2.6601439773322744,-0.00229243771872234,
neural_ode,43,pinn_statistical,pinn_statistical:kl_entropy,joint,neural_ode/pinn_statistical:kl_entropy/vs_pinn_statistical,replace_statistical_loss,pinn_statistical,w2,kl_entropy,0.0,0.0,v10,m s**-1,78.0,True,2.7118529197104326,-0.006449218347321484,-0.0024491124191377556,2.705403701363111,-0.002383828463039306,
neural_ode,43,pinn_statistical,pinn_statistical:kl_entropy,joint,neural_ode/pinn_statistical:kl_entropy/vs_pinn_statistical,replace_statistical_loss,pinn_statistical,w2,kl_entropy,0.0,0.0,v10,m s**-1,84.0,True,2.7554362227208617,-0.007751877047279532,-0.003039802779755074,2.747684345673582,-0.0028212400232527912,
neural_ode,43,pinn_statistical,pinn_statistical:kl_entropy,joint,neural_ode/pinn_statistical:kl_entropy/vs_pinn_statistical,replace_statistical_loss,pinn_statistical,w2,kl_entropy,0.0,0.0,v10,m s**-1,90.0,True,2.7899563172225896,-0.006876142456087919,-0.0025540593910944875,2.7830801747665017,-0.002470695066003614,
neural_ode,43,pinn_statistical,pinn_statistical:kl_entropy,joint,neural_ode/pinn_statistical:kl_entropy/vs_pinn_statistical,replace_statistical_loss,pinn_statistical,w2,kl_entropy,0.0,0.0,v10,m s**-1,96.0,True,2.821167994330353,-0.007939112178627195,-0.0032736542808089464,2.813228882151726,-0.0028220640805289854,
neural_ode,43,pinn_statistical,pinn_statistical:kl_entropy,joint,neural_ode/pinn_statistical:kl_entropy/vs_pinn_statistical,replace_statistical_loss,pinn_statistical,w2,kl_entropy,0.0,0.0,v10,m s**-1,102.0,True,2.844699671350201,-0.007626300926114382,-0.003223671163380737,2.8370733704240867,-0.0026880873105423753,
neural_ode,43,pinn_statistical,pinn_statistical:kl_entropy,joint,neural_ode/pinn_statistical:kl_entropy/vs_pinn_statistical,replace_statistical_loss,pinn_statistical,w2,kl_entropy,0.0,0.0,v10,m s**-1,108.0,True,2.8709193272782967,-0.008031446252116048,-0.0036524852229629645,2.8628878810261806,-0.002805365276560279,
neural_ode,43,pinn_statistical,pinn_statistical:kl_entropy,joint,neural_ode/pinn_statistical:kl_entropy/vs_pinn_statistical,replace_statistical_loss,pinn_statistical,w2,kl_entropy,0.0,0.0,v10,m s**-1,114.0,True,2.890088769362241,-0.0067302095854038235,-0.0030333773162967703,2.883358559776837,-0.0023341563131589194,
neural_ode,43,pinn_statistical,pinn_statistical:kl_entropy,joint,neural_ode/pinn_statistical:kl_entropy/vs_pinn_statistical,replace_statistical_loss,pinn_statistical,w2,kl_entropy,0.0,0.0,v10,m s**-1,120.0,True,2.909147341126188,-0.007682881920416218,-0.003962206292956294,2.901464459205772,-0.002647932459086233,
simvp,7,pinn_statistical,pinn_statistical:kl_entropy,joint,simvp/pinn_statistical:kl_entropy/vs_pinn_statistical,replace_statistical_loss,pinn_statistical,w2,kl_entropy,0.0,0.0,msl,Pa,6.0,True,282.13791025027484,27.39085426286414,0.014665955041470169,309.528764513139,0.0884921125374164,
simvp,7,pinn_statistical,pinn_statistical:kl_entropy,joint,simvp/pinn_statistical:kl_entropy/vs_pinn_statistical,replace_statistical_loss,pinn_statistical,w2,kl_entropy,0.0,0.0,msl,Pa,12.0,True,286.37911889561155,25.697938313707596,0.014567084771127115,312.07705720931915,0.08234484951731402,
simvp,7,pinn_statistical,pinn_statistical:kl_entropy,joint,simvp/pinn_statistical:kl_entropy/vs_pinn_statistical,replace_statistical_loss,pinn_statistical,w2,kl_entropy,0.0,0.0,msl,Pa,18.0,True,324.41933795354925,19.21598859492093,0.012613234085993574,343.6353265484702,0.055919712294802415,
simvp,7,pinn_statistical,pinn_statistical:kl_entropy,joint,simvp/pinn_statistical:kl_entropy/vs_pinn_statistical,replace_statistical_loss,pinn_statistical,w2,kl_entropy,0.0,0.0,msl,Pa,24.0,True,359.0126081528277,15.997058955527734,0.01085945053934012,375.0096671083554,0.042657724209828274,
simvp,7,pinn_statistical,pinn_statistical:kl_entropy,joint,simvp/pinn_statistical:kl_entropy/vs_pinn_statistical,replace_statistical_loss,pinn_statistical,w2,kl_entropy,0.0,0.0,msl,Pa,30.0,True,399.13527316164726,13.943349723353776,0.009828715155588252,413.07862288500104,0.03375471145413289,
simvp,7,pinn_statistical,pinn_statistical:kl_entropy,joint,simvp/pinn_statistical:kl_entropy/vs_pinn_statistical,replace_statistical_loss,pinn_statistical,w2,kl_entropy,0.0,0.0,msl,Pa,36.0,True,431.9161761388645,9.391486550019522,0.005932810580959735,441.307662688884,0.021281041196514194,
simvp,7,pinn_statistical,pinn_statistical:kl_entropy,joint,simvp/pinn_statistical:kl_entropy/vs_pinn_statistical,replace_statistical_loss,pinn_statistical,w2,kl_entropy,0.0,0.0,msl,Pa,42.0,True,460.8659120875578,6.640928233691568,0.003682229263507031,467.50684032124934,0.014204986239619966,
simvp,7,pinn_statistical,pinn_statistical:kl_entropy,joint,simvp/pinn_statistical:kl_entropy/vs_pinn_statistical,replace_statistical_loss,pinn_statistical,w2,kl_entropy,0.0,0.0,msl,Pa,48.0,True,484.181534240035,4.560189180179407,0.0023268347639368026,488.7417234202144,0.009330468346895326,
simvp,7,pinn_statistical,pinn_statistical:kl_entropy,joint,simvp/pinn_statistical:kl_entropy/vs_pinn_statistical,replace_statistical_loss,pinn_statistical,w2,kl_entropy,0.0,0.0,msl,Pa,54.0,True,506.10785250348533,4.0256980383581435,0.00277291267747104,510.1335505418435,0.00789145907788702,
simvp,7,pinn_statistical,pinn_statistical:kl_entropy,joint,simvp/pinn_statistical:kl_entropy/vs_pinn_statistical,replace_statistical_loss,pinn_statistical,w2,kl_entropy,0.0,0.0,msl,Pa,60.0,True,524.6581772604525,3.008081027021376,0.0015226154719583107,527.6662582874739,0.005700726509942133,
simvp,7,pinn_statistical,pinn_statistical:kl_entropy,joint,simvp/pinn_statistical:kl_entropy/vs_pinn_statistical,replace_statistical_loss,pinn_statistical,w2,kl_entropy,0.0,0.0,msl,Pa,66.0,True,540.2885669293753,2.4679849433902064,0.0003259190911117926,542.7565518727655,0.004547130633199115,
simvp,7,pinn_statistical,pinn_statistical:kl_entropy,joint,simvp/pinn_statistical:kl_entropy/vs_pinn_statistical,replace_statistical_loss,pinn_statistical,w2,kl_entropy,0.0,0.0,msl,Pa,72.0,True,552.7243023217575,2.1060594954659564,0.0003040459512071436,554.8303618172234,0.0037958620154960876,
simvp,7,pinn_statistical,pinn_statistical:kl_entropy,joint,simvp/pinn_statistical:kl_entropy/vs_pinn_statistical,replace_statistical_loss,pinn_statistical,w2,kl_entropy,0.0,0.0,msl,Pa,78.0,True,563.9461496053653,2.767994996808966,0.001436861956428892,566.7141446021743,0.004884287825129285,
simvp,7,pinn_statistical,pinn_statistical:kl_entropy,joint,simvp/pinn_statistical:kl_entropy/vs_pinn_statistical,replace_statistical_loss,pinn_statistical,w2,kl_entropy,0.0,0.0,msl,Pa,84.0,True,574.2932830420801,2.5279299505328936,0.001222724904745176,576.821212992613,0.0043825190433232075,
simvp,7,pinn_statistical,pinn_statistical:kl_entropy,joint,simvp/pinn_statistical:kl_entropy/vs_pinn_statistical,replace_statistical_loss,pinn_statistical,w2,kl_entropy,0.0,0.0,msl,Pa,90.0,True,583.4838566579753,2.594725653606133,0.00045031880355916876,586.0785823115814,0.004427265782981138,
simvp,7,pinn_statistical,pinn_statistical:kl_entropy,joint,simvp/pinn_statistical:kl_entropy/vs_pinn_statistical,replace_statistical_loss,pinn_statistical,w2,kl_entropy,0.0,0.0,msl,Pa,96.0,True,590.8602194206741,2.5943101226437193,0.0010273497929432773,593.4545295433178,0.004371539845925754,
simvp,7,pinn_statistical,pinn_statistical:kl_entropy,joint,simvp/pinn_statistical:kl_entropy/vs_pinn_statistical,replace_statistical_loss,pinn_statistical,w2,kl_entropy,0.0,0.0,msl,Pa,102.0,True,597.6963035675121,3.3099818127801655,0.0017163911647132268,601.0062853802923,0.005507399661695334,
simvp,7,pinn_statistical,pinn_statistical:kl_entropy,joint,simvp/pinn_statistical:kl_entropy/vs_pinn_statistical,replace_statistical_loss,pinn_statistical,w2,kl_entropy,0.0,0.0,msl,Pa,108.0,True,604.6030859768027,3.3456230423728357,0.00243254701293949,607.9487090191756,0.005503133722860376,
simvp,7,pinn_statistical,pinn_statistical:kl_entropy,joint,simvp/pinn_statistical:kl_entropy/vs_pinn_statistical,replace_statistical_loss,pinn_statistical,w2,kl_entropy,0.0,0.0,msl,Pa,114.0,True,611.370974691617,3.349128124450772,0.0014916734836035728,614.7201028160678,0.005448216365640635,
simvp,7,pinn_statistical,pinn_statistical:kl_entropy,joint,simvp/pinn_statistical:kl_entropy/vs_pinn_statistical,replace_statistical_loss,pinn_statistical,w2,kl_entropy,0.0,0.0,msl,Pa,120.0,True,616.8892331824583,3.1897971526146875,0.0019773398974636813,620.079030335073,0.005144178397535892,
simvp,7,pinn_statistical,pinn_statistical:kl_entropy,joint,simvp/pinn_statistical:kl_entropy/vs_pinn_statistical,replace_statistical_loss,pinn_statistical,w2,kl_entropy,0.0,0.0,t2m,K,6.0,True,2.183480015218113,0.024214311753464557,0.003976619329409292,2.2076943269715774,0.010968145117571937,
simvp,7,pinn_statistical,pinn_statistical:kl_entropy,joint,simvp/pinn_statistical:kl_entropy/vs_pinn_statistical,replace_statistical_loss,pinn_statistical,w2,kl_entropy,0.0,0.0,t2m,K,12.0,True,2.3215474309486033,-0.015443462254636664,0.0019816262712525345,2.3061039686939666,-0.006696776235714408,
simvp,7,pinn_statistical,pinn_statistical:kl_entropy,joint,simvp/pinn_statistical:kl_entropy/vs_pinn_statistical,replace_statistical_loss,pinn_statistical,w2,kl_entropy,0.0,0.0,t2m,K,18.0,True,2.1940046953504435,-0.04072157082779171,-0.0021053755008512143,2.153283124522652,-0.018911387157608095,
simvp,7,pinn_statistical,pinn_statistical:kl_entropy,joint,simvp/pinn_statistical:kl_entropy/vs_pinn_statistical,replace_statistical_loss,pinn_statistical,w2,kl_entropy,0.0,0.0,t2m,K,24.0,True,2.0567607148245166,-0.08415687552505458,-0.004448796174133185,1.972603839299462,-0.042662836727997755,
simvp,7,pinn_statistical,pinn_statistical:kl_entropy,joint,simvp/pinn_statistical:kl_entropy/vs_pinn_statistical,replace_statistical_loss,pinn_statistical,w2,kl_entropy,0.0,0.0,t2m,K,30.0,True,2.2140051702431753,-0.07201863658020935,-0.0034758083267968365,2.141986533662966,-0.033622357306351436,
simvp,7,pinn_statistical,pinn_statistical:kl_entropy,joint,simvp/pinn_statistical:kl_entropy/vs_pinn_statistical,replace_statistical_loss,pinn_statistical,w2,kl_entropy,0.0,0.0,t2m,K,36.0,True,2.335373171317259,-0.07584431278584791,-0.004237391619642761,2.2595288585314113,-0.03356642801860166,
simvp,7,pinn_statistical,pinn_statistical:kl_entropy,joint,simvp/pinn_statistical:kl_entropy/vs_pinn_statistical,replace_statistical_loss,pinn_statistical,w2,kl_entropy,0.0,0.0,t2m,K,42.0,True,2.315657822868179,-0.10048362748942141,-0.006630400589872187,2.2151741953787574,-0.04536150145620499,
simvp,7,pinn_statistical,pinn_statistical:kl_entropy,joint,simvp/pinn_statistical:kl_entropy/vs_pinn_statistical,replace_statistical_loss,pinn_statistical,w2,kl_entropy,0.0,0.0,t2m,K,48.0,True,2.2551993848443694,-0.13456240281488352,-0.007429004554891705,2.120636982029486,-0.0634537659935106,
simvp,7,pinn_statistical,pinn_statistical:kl_entropy,joint,simvp/pinn_statistical:kl_entropy/vs_pinn_statistical,replace_statistical_loss,pinn_statistical,w2,kl_entropy,0.0,0.0,t2m,K,54.0,True,2.3732055288493688,-0.10836600021572051,-0.005742414370177196,2.2648395286336482,-0.047847098589407056,
simvp,7,pinn_statistical,pinn_statistical:kl_entropy,joint,simvp/pinn_statistical:kl_entropy/vs_pinn_statistical,replace_statistical_loss,pinn_statistical,w2,kl_entropy,0.0,0.0,t2m,K,60.0,True,2.4818943546432863,-0.09969479678610194,-0.0046042435227438006,2.3821995578571844,-0.04184989307771447,
simvp,7,pinn_statistical,pinn_statistical:kl_entropy,joint,simvp/pinn_statistical:kl_entropy/vs_pinn_statistical,replace_statistical_loss,pinn_statistical,w2,kl_entropy,0.0,0.0,t2m,K,66.0,True,2.4599936439646677,-0.1070375357719624,-0.0064937594855177805,2.3529561081927053,-0.04549066402015356,
simvp,7,pinn_statistical,pinn_statistical:kl_entropy,joint,simvp/pinn_statistical:kl_entropy/vs_pinn_statistical,replace_statistical_loss,pinn_statistical,w2,kl_entropy,0.0,0.0,t2m,K,72.0,True,2.4030976059906752,-0.12842439707154663,-0.008146664707212259,2.2746732089191286,-0.05645839436099531,
simvp,7,pinn_statistical,pinn_statistical:kl_entropy,joint,simvp/pinn_statistical:kl_entropy/vs_pinn_statistical,replace_statistical_loss,pinn_statistical,w2,kl_entropy,0.0,0.0,t2m,K,78.0,True,2.4932391429337617,-0.07871178540833368,-0.004125131751619104,2.414527357525428,-0.03259925184239898,
simvp,7,pinn_statistical,pinn_statistical:kl_entropy,joint,simvp/pinn_statistical:kl_entropy/vs_pinn_statistical,replace_statistical_loss,pinn_statistical,w2,kl_entropy,0.0,0.0,t2m,K,84.0,True,2.584295835399183,-0.06258385119605991,-0.0010826584362348957,2.5217119842031233,-0.024818001257918,
simvp,7,pinn_statistical,pinn_statistical:kl_entropy,joint,simvp/pinn_statistical:kl_entropy/vs_pinn_statistical,replace_statistical_loss,pinn_statistical,w2,kl_entropy,0.0,0.0,t2m,K,90.0,True,2.56184265151895,-0.07435656696760784,-0.004487316198393154,2.487486084551342,-0.029892254444920496,
simvp,7,pinn_statistical,pinn_statistical:kl_entropy,joint,simvp/pinn_statistical:kl_entropy/vs_pinn_statistical,replace_statistical_loss,pinn_statistical,w2,kl_entropy,0.0,0.0,t2m,K,96.0,True,2.502832879108113,-0.10074020642523429,-0.007453866135409437,2.402092672682879,-0.041938517847739165,
simvp,7,pinn_statistical,pinn_statistical:kl_entropy,joint,simvp/pinn_statistical:kl_entropy/vs_pinn_statistical,replace_statistical_loss,pinn_statistical,w2,kl_entropy,0.0,0.0,t2m,K,102.0,True,2.582593772169312,-0.04991715981821976,-0.0023819307641185228,2.5326766123510924,-0.019709251301484265,
simvp,7,pinn_statistical,pinn_statistical:kl_entropy,joint,simvp/pinn_statistical:kl_entropy/vs_pinn_statistical,replace_statistical_loss,pinn_statistical,w2,kl_entropy,0.0,0.0,t2m,K,108.0,True,2.6683126369075536,-0.032883944107164886,0.0013869740544412146,2.6354286928003887,-0.01247764517287031,
simvp,7,pinn_statistical,pinn_statistical:kl_entropy,joint,simvp/pinn_statistical:kl_entropy/vs_pinn_statistical,replace_statistical_loss,pinn_statistical,w2,kl_entropy,0.0,0.0,t2m,K,114.0,True,2.6456380544516307,-0.0523532155824884,-0.0031173375677354676,2.5932848388691423,-0.020187992771869334,
simvp,7,pinn_statistical,pinn_statistical:kl_entropy,joint,simvp/pinn_statistical:kl_entropy/vs_pinn_statistical,replace_statistical_loss,pinn_statistical,w2,kl_entropy,0.0,0.0,t2m,K,120.0,True,2.5807977634914905,-0.08977440848053275,-0.006795890981390662,2.4910233550109577,-0.036039167717934806,
simvp,7,pinn_statistical,pinn_statistical:kl_entropy,joint,simvp/pinn_statistical:kl_entropy/vs_pinn_statistical,replace_statistical_loss,pinn_statistical,w2,kl_entropy,0.0,0.0,u10,m s**-1,6.0,True,1.612969860871284,0.014040006037603359,0.0023759315932055936,1.6270098669088873,0.008629330604047025,
simvp,7,pinn_statistical,pinn_statistical:kl_entropy,joint,simvp/pinn_statistical:kl_entropy/vs_pinn_statistical,replace_statistical_loss,pinn_statistical,w2,kl_entropy,0.0,0.0,u10,m s**-1,12.0,True,1.632354740643504,0.016896038793211776,0.002943655582758109,1.6492507794367157,0.010244675342207521,
simvp,7,pinn_statistical,pinn_statistical:kl_entropy,joint,simvp/pinn_statistical:kl_entropy/vs_pinn_statistical,replace_statistical_loss,pinn_statistical,w2,kl_entropy,0.0,0.0,u10,m s**-1,18.0,True,1.7415097829444646,0.025865107361824347,0.004601487353546707,1.767374890306289,0.014634760006883352,
simvp,7,pinn_statistical,pinn_statistical:kl_entropy,joint,simvp/pinn_statistical:kl_entropy/vs_pinn_statistical,replace_statistical_loss,pinn_statistical,w2,kl_entropy,0.0,0.0,u10,m s**-1,24.0,True,1.8617014271037802,0.03327407313727049,0.005283765265467255,1.8949755002410507,0.017559104660212155,
simvp,7,pinn_statistical,pinn_statistical:kl_entropy,joint,simvp/pinn_statistical:kl_entropy/vs_pinn_statistical,replace_statistical_loss,pinn_statistical,w2,kl_entropy,0.0,0.0,u10,m s**-1,30.0,True,1.9875903373959083,0.03875215747237459,0.006247541179357219,2.026342494868283,0.01912418930684945,
simvp,7,pinn_statistical,pinn_statistical:kl_entropy,joint,simvp/pinn_statistical:kl_entropy/vs_pinn_statistical,replace_statistical_loss,pinn_statistical,w2,kl_entropy,0.0,0.0,u10,m s**-1,36.0,True,2.1029926685843146,0.0340359932651193,0.004844707575112905,2.137028661849434,0.01592678370334244,
simvp,7,pinn_statistical,pinn_statistical:kl_entropy,joint,simvp/pinn_statistical:kl_entropy/vs_pinn_statistical,replace_statistical_loss,pinn_statistical,w2,kl_entropy,0.0,0.0,u10,m s**-1,42.0,True,2.202136083021404,0.029731814984719218,0.004216087067313357,2.231867898006123,0.013321494077351392,
simvp,7,pinn_statistical,pinn_statistical:kl_entropy,joint,simvp/pinn_statistical:kl_entropy/vs_pinn_statistical,replace_statistical_loss,pinn_statistical,w2,kl_entropy,0.0,0.0,u10,m s**-1,48.0,True,2.2872703609991833,0.023370248768374235,0.0030141550077357193,2.3106406097675576,0.01011418594029001,
simvp,7,pinn_statistical,pinn_statistical:kl_entropy,joint,simvp/pinn_statistical:kl_entropy/vs_pinn_statistical,replace_statistical_loss,pinn_statistical,w2,kl_entropy,0.0,0.0,u10,m s**-1,54.0,True,2.3599821221439474,0.022631379449094435,0.0038980495177647345,2.382613501593042,0.009498552507136715,
simvp,7,pinn_statistical,pinn_statistical:kl_entropy,joint,simvp/pinn_statistical:kl_entropy/vs_pinn_statistical,replace_statistical_loss,pinn_statistical,w2,kl_entropy,0.0,0.0,u10,m s**-1,60.0,True,2.426001076401611,0.018686877198747176,0.002079075088945892,2.4446879536003583,0.007643870118976381,
simvp,7,pinn_statistical,pinn_statistical:kl_entropy,joint,simvp/pinn_statistical:kl_entropy/vs_pinn_statistical,replace_statistical_loss,pinn_statistical,w2,kl_entropy,0.0,0.0,u10,m s**-1,66.0,True,2.4814241423178545,0.01778702108781438,0.001598102293543513,2.499211163405669,0.0071170541122167474,
simvp,7,pinn_statistical,pinn_statistical:kl_entropy,joint,simvp/pinn_statistical:kl_entropy/vs_pinn_statistical,replace_statistical_loss,pinn_statistical,w2,kl_entropy,0.0,0.0,u10,m s**-1,72.0,True,2.5288138341830915,0.013287055002720649,-8.210272210795733e-05,2.542100889185812,0.00522680081630289,
simvp,7,pinn_statistical,pinn_statistical:kl_entropy,joint,simvp/pinn_statistical:kl_entropy/vs_pinn_statistical,replace_statistical_loss,pinn_statistical,w2,kl_entropy,0.0,0.0,u10,m s**-1,78.0,True,2.5669549683107826,0.014622442693586368,0.0012425728425514704,2.581577411004369,0.005664150387765243,
simvp,7,pinn_statistical,pinn_statistical:kl_entropy,joint,simvp/pinn_statistical:kl_entropy/vs_pinn_statistical,replace_statistical_loss,pinn_statistical,w2,kl_entropy,0.0,0.0,u10,m s**-1,84.0,True,2.6037773687643813,0.009350906235864986,-0.0017465616660156669,2.6131282750002462,0.003578433682465909,
simvp,7,pinn_statistical,pinn_statistical:kl_entropy,joint,simvp/pinn_statistical:kl_entropy/vs_pinn_statistical,replace_statistical_loss,pinn_statistical,w2,kl_entropy,0.0,0.0,u10,m s**-1,90.0,True,2.635525849440198,0.009709655858577637,-0.0016952682035987765,2.6452355052987757,0.0036706205701261263,
simvp,7,pinn_statistical,pinn_statistical:kl_entropy,joint,simvp/pinn_statistical:kl_entropy/vs_pinn_statistical,replace_statistical_loss,pinn_statistical,w2,kl_entropy,0.0,0.0,u10,m s**-1,96.0,True,2.6633377895702166,0.0054758250654947105,-0.0036870069803093264,2.6688136146357113,0.002051782498210253,
simvp,7,pinn_statistical,pinn_statistical:kl_entropy,joint,simvp/pinn_statistical:kl_entropy/vs_pinn_statistical,replace_statistical_loss,pinn_statistical,w2,kl_entropy,0.0,0.0,u10,m s**-1,102.0,True,2.6847142988351282,0.008288678898006552,-0.0016512442405888783,2.693002977733135,0.003077857308937615,
simvp,7,pinn_statistical,pinn_statistical:kl_entropy,joint,simvp/pinn_statistical:kl_entropy/vs_pinn_statistical,replace_statistical_loss,pinn_statistical,w2,kl_entropy,0.0,0.0,u10,m s**-1,108.0,True,2.7078636425006115,0.003302544377667971,-0.004428058353734998,2.7111661868782795,0.0012181268686707325,
simvp,7,pinn_statistical,pinn_statistical:kl_entropy,joint,simvp/pinn_statistical:kl_entropy/vs_pinn_statistical,replace_statistical_loss,pinn_statistical,w2,kl_entropy,0.0,0.0,u10,m s**-1,114.0,True,2.7286490788061384,0.005035795694155354,-0.0031584968853615725,2.7336848745002937,0.0018421273575198738,
simvp,7,pinn_statistical,pinn_statistical:kl_entropy,joint,simvp/pinn_statistical:kl_entropy/vs_pinn_statistical,replace_statistical_loss,pinn_statistical,w2,kl_entropy,0.0,0.0,u10,m s**-1,120.0,True,2.748514814269183,0.0016916686536840864,-0.0048165118824464725,2.750206482922867,0.0006151060526503604,
simvp,7,pinn_statistical,pinn_statistical:kl_entropy,joint,simvp/pinn_statistical:kl_entropy/vs_pinn_statistical,replace_statistical_loss,pinn_statistical,w2,kl_entropy,0.0,0.0,v10,m s**-1,6.0,True,1.7192752206642914,-0.0009318188458571353,-0.0021358072129671335,1.7183434018184343,-0.0005422774311998335,
simvp,7,pinn_statistical,pinn_statistical:kl_entropy,joint,simvp/pinn_statistical:kl_entropy/vs_pinn_statistical,replace_statistical_loss,pinn_statistical,w2,kl_entropy,0.0,0.0,v10,m s**-1,12.0,True,1.736674608118082,0.024071404477766345,0.0034771344879868105,1.7607460125958483,0.013671139565597068,
simvp,7,pinn_statistical,pinn_statistical:kl_entropy,joint,simvp/pinn_statistical:kl_entropy/vs_pinn_statistical,replace_statistical_loss,pinn_statistical,w2,kl_entropy,0.0,0.0,v10,m s**-1,18.0,True,1.8864848642314738,0.0508478635812073,0.010167455446500107,1.937332727812681,0.026246324573588553,
simvp,7,pinn_statistical,pinn_statistical:kl_entropy,joint,simvp/pinn_statistical:kl_entropy/vs_pinn_statistical,replace_statistical_loss,pinn_statistical,w2,kl_entropy,0.0,0.0,v10,m s**-1,24.0,True,2.049728901726539,0.0657856787061033,0.015363061432167258,2.1155145804326425,0.03109677395494459,
simvp,7,pinn_statistical,pinn_statistical:kl_entropy,joint,simvp/pinn_statistical:kl_entropy/vs_pinn_statistical,replace_statistical_loss,pinn_statistical,w2,kl_entropy,0.0,0.0,v10,m s**-1,30.0,True,2.2080777483211302,0.05977759291420526,0.014880897886217048,2.2678553412353355,0.026358644586935376,
simvp,7,pinn_statistical,pinn_statistical:kl_entropy,joint,simvp/pinn_statistical:kl_entropy/vs_pinn_statistical,replace_statistical_loss,pinn_statistical,w2,kl_entropy,0.0,0.0,v10,m s**-1,36.0,True,2.343052102408554,0.052345187002222904,0.013609589809135958,2.395397289410777,0.02185240303711744,
simvp,7,pinn_statistical,pinn_statistical:kl_entropy,joint,simvp/pinn_statistical:kl_entropy/vs_pinn_statistical,replace_statistical_loss,pinn_statistical,w2,kl_entropy,0.0,0.0,v10,m s**-1,42.0,True,2.451068942316307,0.04506843313052311,0.011974194769210689,2.49613737544683,0.018055269543189922,
simvp,7,pinn_statistical,pinn_statistical:kl_entropy,joint,simvp/pinn_statistical:kl_entropy/vs_pinn_statistical,replace_statistical_loss,pinn_statistical,w2,kl_entropy,0.0,0.0,v10,m s**-1,48.0,True,2.5414060739633615,0.03766989698587064,0.011207920563935048,2.579075970949232,0.014605966404318882,
simvp,7,pinn_statistical,pinn_statistical:kl_entropy,joint,simvp/pinn_statistical:kl_entropy/vs_pinn_statistical,replace_statistical_loss,pinn_statistical,w2,kl_entropy,0.0,0.0,v10,m s**-1,54.0,True,2.621847897826424,0.03334181730604202,0.009705252412044896,2.655189715132466,0.012557225992561039,
simvp,7,pinn_statistical,pinn_statistical:kl_entropy,joint,simvp/pinn_statistical:kl_entropy/vs_pinn_statistical,replace_statistical_loss,pinn_statistical,w2,kl_entropy,0.0,0.0,v10,m s**-1,60.0,True,2.6871674368351606,0.029846845575735692,0.008662862613560751,2.7170142824108963,0.010985163298167011,
simvp,7,pinn_statistical,pinn_statistical:kl_entropy,joint,simvp/pinn_statistical:kl_entropy/vs_pinn_statistical,replace_statistical_loss,pinn_statistical,w2,kl_entropy,0.0,0.0,v10,m s**-1,66.0,True,2.738232419530593,0.025344272952223967,0.007175824312767531,2.763576692482817,0.009170823093552216,
simvp,7,pinn_statistical,pinn_statistical:kl_entropy,joint,simvp/pinn_statistical:kl_entropy/vs_pinn_statistical,replace_statistical_loss,pinn_statistical,w2,kl_entropy,0.0,0.0,v10,m s**-1,72.0,True,2.778902724622241,0.021414112254777518,0.006768862573778733,2.8003168368770184,0.007647031926094172,
simvp,7,pinn_statistical,pinn_statistical:kl_entropy,joint,simvp/pinn_statistical:kl_entropy/vs_pinn_statistical,replace_statistical_loss,pinn_statistical,w2,kl_entropy,0.0,0.0,v10,m s**-1,78.0,True,2.813915393474429,0.021134476429783167,0.007231390892509126,2.8350498699042124,0.007454710639886342,
simvp,7,pinn_statistical,pinn_statistical:kl_entropy,joint,simvp/pinn_statistical:kl_entropy/vs_pinn_statistical,replace_statistical_loss,pinn_statistical,w2,kl_entropy,0.0,0.0,v10,m s**-1,84.0,True,2.841906491721389,0.01871788075446057,0.006555415174107682,2.8606243724758498,0.0065432850725033465,
simvp,7,pinn_statistical,pinn_statistical:kl_entropy,joint,simvp/pinn_statistical:kl_entropy/vs_pinn_statistical,replace_statistical_loss,pinn_statistical,w2,kl_entropy,0.0,0.0,v10,m s**-1,90.0,True,2.8650699200310172,0.017381896548644526,0.006520734856339361,2.8824518165796618,0.006030247044778059,
simvp,7,pinn_statistical,pinn_statistical:kl_entropy,joint,simvp/pinn_statistical:kl_entropy/vs_pinn_statistical,replace_statistical_loss,pinn_statistical,w2,kl_entropy,0.0,0.0,v10,m s**-1,96.0,True,2.884542546908503,0.014822755857810233,0.006234706428555281,2.8993653027663133,0.005112414032018564,
simvp,7,pinn_statistical,pinn_statistical:kl_entropy,joint,simvp/pinn_statistical:kl_entropy/vs_pinn_statistical,replace_statistical_loss,pinn_statistical,w2,kl_entropy,0.0,0.0,v10,m s**-1,102.0,True,2.903393830684912,0.015127321167763164,0.006801743343778366,2.918521151852675,0.005183214505113387,
simvp,7,pinn_statistical,pinn_statistical:kl_entropy,joint,simvp/pinn_statistical:kl_entropy/vs_pinn_statistical,replace_statistical_loss,pinn_statistical,w2,kl_entropy,0.0,0.0,v10,m s**-1,108.0,True,2.9193378631578115,0.012415254301100909,0.005689430773111737,2.9317531174589124,0.00423475436153431,
simvp,7,pinn_statistical,pinn_statistical:kl_entropy,joint,simvp/pinn_statistical:kl_entropy/vs_pinn_statistical,replace_statistical_loss,pinn_statistical,w2,kl_entropy,0.0,0.0,v10,m s**-1,114.0,True,2.934406351564095,0.011699405174293798,0.005891346148309995,2.9461057567383886,0.003971142294377783,
simvp,7,pinn_statistical,pinn_statistical:kl_entropy,joint,simvp/pinn_statistical:kl_entropy/vs_pinn_statistical,replace_statistical_loss,pinn_statistical,w2,kl_entropy,0.0,0.0,v10,m s**-1,120.0,True,2.948377718664701,0.00848867967910838,0.004948865656157209,2.9568663983438093,0.0028708363975670226,
simvp,19,pinn_statistical,pinn_statistical:kl_entropy,joint,simvp/pinn_statistical:kl_entropy/vs_pinn_statistical,replace_statistical_loss,pinn_statistical,w2,kl_entropy,0.0,0.0,msl,Pa,6.0,True,270.6381951954028,9.300358443343384,0.006922272996804257,279.93855363874616,0.03322285666784319,
simvp,19,pinn_statistical,pinn_statistical:kl_entropy,joint,simvp/pinn_statistical:kl_entropy/vs_pinn_statistical,replace_statistical_loss,pinn_statistical,w2,kl_entropy,0.0,0.0,msl,Pa,12.0,True,286.07796860493187,7.309522571201626,0.006189153909540446,293.3874911761335,0.02491422705821289,
simvp,19,pinn_statistical,pinn_statistical:kl_entropy,joint,simvp/pinn_statistical:kl_entropy/vs_pinn_statistical,replace_statistical_loss,pinn_statistical,w2,kl_entropy,0.0,0.0,msl,Pa,18.0,True,331.833432060049,6.440876346174036,0.005734574963690231,338.27430840622304,0.019040394691870577,
simvp,19,pinn_statistical,pinn_statistical:kl_entropy,joint,simvp/pinn_statistical:kl_entropy/vs_pinn_statistical,replace_statistical_loss,pinn_statistical,w2,kl_entropy,0.0,0.0,msl,Pa,24.0,True,367.6098774368826,6.281359155676455,0.006588007479506386,373.89123659255904,0.01679996357475866,
simvp,19,pinn_statistical,pinn_statistical:kl_entropy,joint,simvp/pinn_statistical:kl_entropy/vs_pinn_statistical,replace_statistical_loss,pinn_statistical,w2,kl_entropy,0.0,0.0,msl,Pa,30.0,True,410.66255105136275,2.3533141662050525,0.00413691073918121,413.0158652175678,0.005697878373184029,
simvp,19,pinn_statistical,pinn_statistical:kl_entropy,joint,simvp/pinn_statistical:kl_entropy/vs_pinn_statistical,replace_statistical_loss,pinn_statistical,w2,kl_entropy,0.0,0.0,msl,Pa,36.0,True,443.29631333096734,-1.1566611480950542,0.0014862008742428934,442.1396521828723,-0.0026160538698227764,
simvp,19,pinn_statistical,pinn_statistical:kl_entropy,joint,simvp/pinn_statistical:kl_entropy/vs_pinn_statistical,replace_statistical_loss,pinn_statistical,w2,kl_entropy,0.0,0.0,msl,Pa,42.0,True,471.78940144224043,-0.7824428999080624,0.002450902639058783,471.00695854233237,-0.0016612130367024136,
simvp,19,pinn_statistical,pinn_statistical:kl_entropy,joint,simvp/pinn_statistical:kl_entropy/vs_pinn_statistical,replace_statistical_loss,pinn_statistical,w2,kl_entropy,0.0,0.0,msl,Pa,48.0,True,494.714662419902,-1.4143987198783634,0.0024257923961551464,493.30026370002366,-0.0028672166304344326,
simvp,19,pinn_statistical,pinn_statistical:kl_entropy,joint,simvp/pinn_statistical:kl_entropy/vs_pinn_statistical,replace_statistical_loss,pinn_statistical,w2,kl_entropy,0.0,0.0,msl,Pa,54.0,True,517.6843337189711,-4.190892363046373,0.00047142307112713056,513.4934413559247,-0.008161530460798039,
simvp,19,pinn_statistical,pinn_statistical:kl_entropy,joint,simvp/pinn_statistical:kl_entropy/vs_pinn_statistical,replace_statistical_loss,pinn_statistical,w2,kl_entropy,0.0,0.0,msl,Pa,60.0,True,536.5383334953153,-7.095954758989251,-0.0028088339071202784,529.4423787363261,-0.013402695069340442,
simvp,19,pinn_statistical,pinn_statistical:kl_entropy,joint,simvp/pinn_statistical:kl_entropy/vs_pinn_statistical,replace_statistical_loss,pinn_statistical,w2,kl_entropy,0.0,0.0,msl,Pa,66.0,True,551.4300103805828,-5.982317964844242,-0.000178191849233289,545.4476924157385,-0.010967720732943498,
simvp,19,pinn_statistical,pinn_statistical:kl_entropy,joint,simvp/pinn_statistical:kl_entropy/vs_pinn_statistical,replace_statistical_loss,pinn_statistical,w2,kl_entropy,0.0,0.0,msl,Pa,72.0,True,564.3063882560034,-6.390596065916384,-0.00014335443680968396,557.915792190087,-0.011454409707296831,
simvp,19,pinn_statistical,pinn_statistical:kl_entropy,joint,simvp/pinn_statistical:kl_entropy/vs_pinn_statistical,replace_statistical_loss,pinn_statistical,w2,kl_entropy,0.0,0.0,msl,Pa,78.0,True,575.9275514596043,-6.1616596424829595,0.001082233590144921,569.7658918171213,-0.010814370833662768,
simvp,19,pinn_statistical,pinn_statistical:kl_entropy,joint,simvp/pinn_statistical:kl_entropy/vs_pinn_statistical,replace_statistical_loss,pinn_statistical,w2,kl_entropy,0.0,0.0,msl,Pa,84.0,True,586.4121480281794,-7.260939215544113,-0.0009772051224181677,579.1512088126353,-0.012537208081513596,
simvp,19,pinn_statistical,pinn_statistical:kl_entropy,joint,simvp/pinn_statistical:kl_entropy/vs_pinn_statistical,replace_statistical_loss,pinn_statistical,w2,kl_entropy,0.0,0.0,msl,Pa,90.0,True,594.561894679399,-5.269879109120666,0.0019506098824663143,589.2920155702783,-0.008942729529469062,
simvp,19,pinn_statistical,pinn_statistical:kl_entropy,joint,simvp/pinn_statistical:kl_entropy/vs_pinn_statistical,replace_statistical_loss,pinn_statistical,w2,kl_entropy,0.0,0.0,msl,Pa,96.0,True,602.1172553347366,-5.312852732829242,0.0011499625874911157,596.8044026019073,-0.008902167460002941,
simvp,19,pinn_statistical,pinn_statistical:kl_entropy,joint,simvp/pinn_statistical:kl_entropy/vs_pinn_statistical,replace_statistical_loss,pinn_statistical,w2,kl_entropy,0.0,0.0,msl,Pa,102.0,True,608.8979879662282,-3.94489065437142,0.0032312048707181518,604.9530973118568,-0.006520985960565717,
simvp,19,pinn_statistical,pinn_statistical:kl_entropy,joint,simvp/pinn_statistical:kl_entropy/vs_pinn_statistical,replace_statistical_loss,pinn_statistical,w2,kl_entropy,0.0,0.0,msl,Pa,108.0,True,615.8856246740712,-4.938351140437021,0.00040463507225563244,610.9472735336342,-0.008083105292989279,
simvp,19,pinn_statistical,pinn_statistical:kl_entropy,joint,simvp/pinn_statistical:kl_entropy/vs_pinn_statistical,replace_statistical_loss,pinn_statistical,w2,kl_entropy,0.0,0.0,msl,Pa,114.0,True,621.3037678145503,-3.020091393744906,0.0024960931363720573,618.2836764208054,-0.004884637115487145,
simvp,19,pinn_statistical,pinn_statistical:kl_entropy,joint,simvp/pinn_statistical:kl_entropy/vs_pinn_statistical,replace_statistical_loss,pinn_statistical,w2,kl_entropy,0.0,0.0,msl,Pa,120.0,True,626.3241059073488,-3.300359994149403,0.0010495693220297642,623.0237459131994,-0.0052973261706290575,
simvp,19,pinn_statistical,pinn_statistical:kl_entropy,joint,simvp/pinn_statistical:kl_entropy/vs_pinn_statistical,replace_statistical_loss,pinn_statistical,w2,kl_entropy,0.0,0.0,t2m,K,6.0,True,2.1887808734500274,0.08758992026274637,0.008112980311786533,2.2763707937127737,0.038477879133164694,
simvp,19,pinn_statistical,pinn_statistical:kl_entropy,joint,simvp/pinn_statistical:kl_entropy/vs_pinn_statistical,replace_statistical_loss,pinn_statistical,w2,kl_entropy,0.0,0.0,t2m,K,12.0,True,2.4119548903094263,0.005627842965593821,-0.0025092084183213625,2.41758273327502,0.0023278801954256245,
simvp,19,pinn_statistical,pinn_statistical:kl_entropy,joint,simvp/pinn_statistical:kl_entropy/vs_pinn_statistical,replace_statistical_loss,pinn_statistical,w2,kl_entropy,0.0,0.0,t2m,K,18.0,True,2.225067522147787,0.02148044961816531,-0.0027020468550917887,2.2465479717659522,0.009561536138166682,
simvp,19,pinn_statistical,pinn_statistical:kl_entropy,joint,simvp/pinn_statistical:kl_entropy/vs_pinn_statistical,replace_statistical_loss,pinn_statistical,w2,kl_entropy,0.0,0.0,t2m,K,24.0,True,2.0108922135301937,0.13285082856832853,0.0076718029660343134,2.143743042098522,0.06197143312394382,
simvp,19,pinn_statistical,pinn_statistical:kl_entropy,joint,simvp/pinn_statistical:kl_entropy/vs_pinn_statistical,replace_statistical_loss,pinn_statistical,w2,kl_entropy,0.0,0.0,t2m,K,30.0,True,2.2186532402994263,0.08618789652484127,0.005578383369305606,2.3048411368242676,0.03739428941449541,
simvp,19,pinn_statistical,pinn_statistical:kl_entropy,joint,simvp/pinn_statistical:kl_entropy/vs_pinn_statistical,replace_statistical_loss,pinn_statistical,w2,kl_entropy,0.0,0.0,t2m,K,36.0,True,2.3810193084042033,-0.014573934333523386,-0.005600301330475177,2.36644537407068,-0.006158576273600502,
simvp,19,pinn_statistical,pinn_statistical:kl_entropy,joint,simvp/pinn_statistical:kl_entropy/vs_pinn_statistical,replace_statistical_loss,pinn_statistical,w2,kl_entropy,0.0,0.0,t2m,K,42.0,True,2.249360678544284,0.0241550622926594,-0.004772684289183093,2.2735157408369435,0.01062454147943015,
simvp,19,pinn_statistical,pinn_statistical:kl_entropy,joint,simvp/pinn_statistical:kl_entropy/vs_pinn_statistical,replace_statistical_loss,pinn_statistical,w2,kl_entropy,0.0,0.0,t2m,K,48.0,True,2.0820094487938277,0.16223217886704067,0.006013770318563538,2.2442416276608683,0.07228819609594905,
simvp,19,pinn_statistical,pinn_statistical:kl_entropy,joint,simvp/pinn_statistical:kl_entropy/vs_pinn_statistical,replace_statistical_loss,pinn_statistical,w2,kl_entropy,0.0,0.0,t2m,K,54.0,True,2.2595145791015576,0.11842052193899555,0.006100595024073341,2.377935101040553,0.04979972829669588,
simvp,19,pinn_statistical,pinn_statistical:kl_entropy,joint,simvp/pinn_statistical:kl_entropy/vs_pinn_statistical,replace_statistical_loss,pinn_statistical,w2,kl_entropy,0.0,0.0,t2m,K,60.0,True,2.4062179456240167,0.036967563559916705,-0.0019601224109837556,2.4431855091839334,0.015130886877380179,
simvp,19,pinn_statistical,pinn_statistical:kl_entropy,joint,simvp/pinn_statistical:kl_entropy/vs_pinn_statistical,replace_statistical_loss,pinn_statistical,w2,kl_entropy,0.0,0.0,t2m,K,66.0,True,2.330177436855836,0.06633743542468551,-0.003581929673493911,2.3965148722805214,0.027680794386875207,
simvp,19,pinn_statistical,pinn_statistical:kl_entropy,joint,simvp/pinn_statistical:kl_entropy/vs_pinn_statistical,replace_statistical_loss,pinn_statistical,w2,kl_entropy,0.0,0.0,t2m,K,72.0,True,2.210239888163243,0.19096262820034626,0.004811238102260695,2.4012025163635893,0.07952791440912799,
simvp,19,pinn_statistical,pinn_statistical:kl_entropy,joint,simvp/pinn_statistical:kl_entropy/vs_pinn_statistical,replace_statistical_loss,pinn_statistical,w2,kl_entropy,0.0,0.0,t2m,K,78.0,True,2.3645533171155857,0.14340967075915323,0.0069619129228141174,2.507962987874739,0.057181733324014994,
simvp,19,pinn_statistical,pinn_statistical:kl_entropy,joint,simvp/pinn_statistical:kl_entropy/vs_pinn_statistical,replace_statistical_loss,pinn_statistical,w2,kl_entropy,0.0,0.0,t2m,K,84.0,True,2.494597385201047,0.0668889953910572,0.00043218705517422684,2.561486380592104,0.0261133519576221,
simvp,19,pinn_statistical,pinn_statistical:kl_entropy,joint,simvp/pinn_statistical:kl_entropy/vs_pinn_statistical,replace_statistical_loss,pinn_statistical,w2,kl_entropy,0.0,0.0,t2m,K,90.0,True,2.4380089006408032,0.07857018306236885,-0.004048424753841706,2.516579083703172,0.03122102681818051,
simvp,19,pinn_statistical,pinn_statistical:kl_entropy,joint,simvp/pinn_statistical:kl_entropy/vs_pinn_statistical,replace_statistical_loss,pinn_statistical,w2,kl_entropy,0.0,0.0,t2m,K,96.0,True,2.3269156612944486,0.1778966306383838,0.002064843883724854,2.5048122919328324,0.07102194092999692,
simvp,19,pinn_statistical,pinn_statistical:kl_entropy,joint,simvp/pinn_statistical:kl_entropy/vs_pinn_statistical,replace_statistical_loss,pinn_statistical,w2,kl_entropy,0.0,0.0,t2m,K,102.0,True,2.4672777700486788,0.12973203907656838,0.004553160940191869,2.597009809125247,0.04995438932141194,
simvp,19,pinn_statistical,pinn_statistical:kl_entropy,joint,simvp/pinn_statistical:kl_entropy/vs_pinn_statistical,replace_statistical_loss,pinn_statistical,w2,kl_entropy,0.0,0.0,t2m,K,108.0,True,2.588768375570599,0.0642088710941926,-0.0012270714182380793,2.6529772466647916,0.024202571346932267,
simvp,19,pinn_statistical,pinn_statistical:kl_entropy,joint,simvp/pinn_statistical:kl_entropy/vs_pinn_statistical,replace_statistical_loss,pinn_statistical,w2,kl_entropy,0.0,0.0,t2m,K,114.0,True,2.5291181031330616,0.06526637731934892,-0.006958794819562963,2.5943844804524105,0.025156786825971,
simvp,19,pinn_statistical,pinn_statistical:kl_entropy,joint,simvp/pinn_statistical:kl_entropy/vs_pinn_statistical,replace_statistical_loss,pinn_statistical,w2,kl_entropy,0.0,0.0,t2m,K,120.0,True,2.4044381359187104,0.1506468674397965,-0.0009167403822176734,2.555085003358507,0.058959630400468144,
simvp,19,pinn_statistical,pinn_statistical:kl_entropy,joint,simvp/pinn_statistical:kl_entropy/vs_pinn_statistical,replace_statistical_loss,pinn_statistical,w2,kl_entropy,0.0,0.0,u10,m s**-1,6.0,True,1.521902321751154,0.07119331958268083,0.014128540530409572,1.5930956413338349,0.044688666352180495,
simvp,19,pinn_statistical,pinn_statistical:kl_entropy,joint,simvp/pinn_statistical:kl_entropy/vs_pinn_statistical,replace_statistical_loss,pinn_statistical,w2,kl_entropy,0.0,0.0,u10,m s**-1,12.0,True,1.5694533403005861,0.06642128589800689,0.013328721341236971,1.635874626198593,0.040602919584586394,
simvp,19,pinn_statistical,pinn_statistical:kl_entropy,joint,simvp/pinn_statistical:kl_entropy/vs_pinn_statistical,replace_statistical_loss,pinn_statistical,w2,kl_entropy,0.0,0.0,u10,m s**-1,18.0,True,1.710066989025563,0.053746563380058676,0.010753715389699825,1.7638135524056218,0.03047179408886791,
simvp,19,pinn_statistical,pinn_statistical:kl_entropy,joint,simvp/pinn_statistical:kl_entropy/vs_pinn_statistical,replace_statistical_loss,pinn_statistical,w2,kl_entropy,0.0,0.0,u10,m s**-1,24.0,True,1.8466942653185114,0.0383862542812039,0.008463039269994033,1.8850805195997153,0.020363190793226682,
simvp,19,pinn_statistical,pinn_statistical:kl_entropy,joint,simvp/pinn_statistical:kl_entropy/vs_pinn_statistical,replace_statistical_loss,pinn_statistical,w2,kl_entropy,0.0,0.0,u10,m s**-1,30.0,True,1.984872610845572,0.03257129882212295,0.0077898629470888325,2.017443909667695,0.016144834890347903,
simvp,19,pinn_statistical,pinn_statistical:kl_entropy,joint,simvp/pinn_statistical:kl_entropy/vs_pinn_statistical,replace_statistical_loss,pinn_statistical,w2,kl_entropy,0.0,0.0,u10,m s**-1,36.0,True,2.105126685681751,0.025248437759195053,0.00703611413778904,2.1303751234409463,0.011851639404432346,
simvp,19,pinn_statistical,pinn_statistical:kl_entropy,joint,simvp/pinn_statistical:kl_entropy/vs_pinn_statistical,replace_statistical_loss,pinn_statistical,w2,kl_entropy,0.0,0.0,u10,m s**-1,42.0,True,2.2080285981189864,0.020981377793606093,0.006351671390039559,2.2290099759125925,0.0094128685023116,
simvp,19,pinn_statistical,pinn_statistical:kl_entropy,joint,simvp/pinn_statistical:kl_entropy/vs_pinn_statistical,replace_statistical_loss,pinn_statistical,w2,kl_entropy,0.0,0.0,u10,m s**-1,48.0,True,2.292224680320951,0.013119186918904457,0.004841823935416101,2.3053438672398556,0.005690772255425691,
simvp,19,pinn_statistical,pinn_statistical:kl_entropy,joint,simvp/pinn_statistical:kl_entropy/vs_pinn_statistical,replace_statistical_loss,pinn_statistical,w2,kl_entropy,0.0,0.0,u10,m s**-1,54.0,True,2.371708912826095,0.012166816134443703,0.0046300040654594365,2.383875728960539,0.0051037963039075596,
simvp,19,pinn_statistical,pinn_statistical:kl_entropy,joint,simvp/pinn_statistical:kl_entropy/vs_pinn_statistical,replace_statistical_loss,pinn_statistical,w2,kl_entropy,0.0,0.0,u10,m s**-1,60.0,True,2.442358953824501,0.007747519313723306,0.003377673456896213,2.4501064731382245,0.003162115360562212,
simvp,19,pinn_statistical,pinn_statistical:kl_entropy,joint,simvp/pinn_statistical:kl_entropy/vs_pinn_statistical,replace_statistical_loss,pinn_statistical,w2,kl_entropy,0.0,0.0,u10,m s**-1,66.0,True,2.5033866445966706,0.0030593759250074903,0.002478846198850526,2.506446020521678,0.0012206031568039455,
simvp,19,pinn_statistical,pinn_statistical:kl_entropy,joint,simvp/pinn_statistical:kl_entropy/vs_pinn_statistical,replace_statistical_loss,pinn_statistical,w2,kl_entropy,0.0,0.0,u10,m s**-1,72.0,True,2.5486452528861134,-0.0027028535822348765,0.0009360075274531532,2.5459423993038786,-0.001061631866837942,
simvp,19,pinn_statistical,pinn_statistical:kl_entropy,joint,simvp/pinn_statistical:kl_entropy/vs_pinn_statistical,replace_statistical_loss,pinn_statistical,w2,kl_entropy,0.0,0.0,u10,m s**-1,78.0,True,2.5909112343250835,-0.00043054069591086375,0.0014117823609330893,2.5904806936291727,-0.00016620108266773848,
simvp,19,pinn_statistical,pinn_statistical:kl_entropy,joint,simvp/pinn_statistical:kl_entropy/vs_pinn_statistical,replace_statistical_loss,pinn_statistical,w2,kl_entropy,0.0,0.0,u10,m s**-1,84.0,True,2.6305205038711086,-0.0032715106947018846,0.0006354801754805406,2.6272489931764067,-0.0012452229321235908,
simvp,19,pinn_statistical,pinn_statistical:kl_entropy,joint,simvp/pinn_statistical:kl_entropy/vs_pinn_statistical,replace_statistical_loss,pinn_statistical,w2,kl_entropy,0.0,0.0,u10,m s**-1,90.0,True,2.6666699000804712,-0.003849714476746424,0.0008566148594124634,2.662820185603725,-0.0014457282912152536,
simvp,19,pinn_statistical,pinn_statistical:kl_entropy,joint,simvp/pinn_statistical:kl_entropy/vs_pinn_statistical,replace_statistical_loss,pinn_statistical,w2,kl_entropy,0.0,0.0,u10,m s**-1,96.0,True,2.6903060965266565,-0.006162586560981342,-0.00046749495933007257,2.684143509965675,-0.0022959229035635076,
simvp,19,pinn_statistical,pinn_statistical:kl_entropy,joint,simvp/pinn_statistical:kl_entropy/vs_pinn_statistical,replace_statistical_loss,pinn_statistical,w2,kl_entropy,0.0,0.0,u10,m s**-1,102.0,True,2.7152676705457788,-0.0035760254476637776,-0.0005518529261130944,2.711691645098115,-0.0013187433955215155,
simvp,19,pinn_statistical,pinn_statistical:kl_entropy,joint,simvp/pinn_statistical:kl_entropy/vs_pinn_statistical,replace_statistical_loss,pinn_statistical,w2,kl_entropy,0.0,0.0,u10,m s**-1,108.0,True,2.7383377727584906,-0.006212758182476907,-0.0018149084591083664,2.7321250145760136,-0.0022739655577002083,
simvp,19,pinn_statistical,pinn_statistical:kl_entropy,joint,simvp/pinn_statistical:kl_entropy/vs_pinn_statistical,replace_statistical_loss,pinn_statistical,w2,kl_entropy,0.0,0.0,u10,m s**-1,114.0,True,2.7626095459730404,-0.0043780966663988785,-0.0019042350649302042,2.7582314493066415,-0.0015872840067499006,
simvp,19,pinn_statistical,pinn_statistical:kl_entropy,joint,simvp/pinn_statistical:kl_entropy/vs_pinn_statistical,replace_statistical_loss,pinn_statistical,w2,kl_entropy,0.0,0.0,u10,m s**-1,120.0,True,2.7775472063552114,-0.006694797921644291,-0.004118036021602878,2.770852408433567,-0.00241615103758952,
simvp,19,pinn_statistical,pinn_statistical:kl_entropy,joint,simvp/pinn_statistical:kl_entropy/vs_pinn_statistical,replace_statistical_loss,pinn_statistical,w2,kl_entropy,0.0,0.0,v10,m s**-1,6.0,True,1.5982088174911795,0.06308336668946413,0.01114002456030927,1.6612921841806436,0.03797246943684207,
simvp,19,pinn_statistical,pinn_statistical:kl_entropy,joint,simvp/pinn_statistical:kl_entropy/vs_pinn_statistical,replace_statistical_loss,pinn_statistical,w2,kl_entropy,0.0,0.0,v10,m s**-1,12.0,True,1.7049979256417371,0.035688605449873734,0.006393935757026403,1.7406865310916109,0.020502603319101254,
simvp,19,pinn_statistical,pinn_statistical:kl_entropy,joint,simvp/pinn_statistical:kl_entropy/vs_pinn_statistical,replace_statistical_loss,pinn_statistical,w2,kl_entropy,0.0,0.0,v10,m s**-1,18.0,True,1.9133693424044993,0.02348239792048279,0.004873395937828429,1.936851740324982,0.012124003831363361,
simvp,19,pinn_statistical,pinn_statistical:kl_entropy,joint,simvp/pinn_statistical:kl_entropy/vs_pinn_statistical,replace_statistical_loss,pinn_statistical,w2,kl_entropy,0.0,0.0,v10,m s**-1,24.0,True,2.0801087308589197,0.024991532070834488,0.007338976274695153,2.105100262929754,0.011871896322910858,
simvp,19,pinn_statistical,pinn_statistical:kl_entropy,joint,simvp/pinn_statistical:kl_entropy/vs_pinn_statistical,replace_statistical_loss,pinn_statistical,w2,kl_entropy,0.0,0.0,v10,m s**-1,30.0,True,2.2252602604919502,0.0273929030914406,0.009788671975216823,2.252653163583391,0.01216028438566441,
simvp,19,pinn_statistical,pinn_statistical:kl_entropy,joint,simvp/pinn_statistical:kl_entropy/vs_pinn_statistical,replace_statistical_loss,pinn_statistical,w2,kl_entropy,0.0,0.0,v10,m s**-1,36.0,True,2.352739088821713,0.027091189614919298,0.011709272503738655,2.379830278436632,0.01138366456649853,
simvp,19,pinn_statistical,pinn_statistical:kl_entropy,joint,simvp/pinn_statistical:kl_entropy/vs_pinn_statistical,replace_statistical_loss,pinn_statistical,w2,kl_entropy,0.0,0.0,v10,m s**-1,42.0,True,2.459160086967718,0.02150744163115359,0.011121754304402431,2.4806675285988717,0.008670021832107966,
simvp,19,pinn_statistical,pinn_statistical:kl_entropy,joint,simvp/pinn_statistical:kl_entropy/vs_pinn_statistical,replace_statistical_loss,pinn_statistical,w2,kl_entropy,0.0,0.0,v10,m s**-1,48.0,True,2.5498167903239684,0.019185300627500013,0.011227720978668754,2.5690020909514684,0.007467997279984484,
simvp,19,pinn_statistical,pinn_statistical:kl_entropy,joint,simvp/pinn_statistical:kl_entropy/vs_pinn_statistical,replace_statistical_loss,pinn_statistical,w2,kl_entropy,0.0,0.0,v10,m s**-1,54.0,True,2.6316948616102325,0.014535579317707548,0.010185743521696877,2.64623044092794,0.00549293783825211,
simvp,19,pinn_statistical,pinn_statistical:kl_entropy,joint,simvp/pinn_statistical:kl_entropy/vs_pinn_statistical,replace_statistical_loss,pinn_statistical,w2,kl_entropy,0.0,0.0,v10,m s**-1,60.0,True,2.6999545224613,0.012647847429149817,0.010426842504603406,2.71260236989045,0.00466262492783287,
simvp,19,pinn_statistical,pinn_statistical:kl_entropy,joint,simvp/pinn_statistical:kl_entropy/vs_pinn_statistical,replace_statistical_loss,pinn_statistical,w2,kl_entropy,0.0,0.0,v10,m s**-1,66.0,True,2.754951981609448,0.004968360503645464,0.00800449042093404,2.7599203421130936,0.0018001825733280352,
simvp,19,pinn_statistical,pinn_statistical:kl_entropy,joint,simvp/pinn_statistical:kl_entropy/vs_pinn_statistical,replace_statistical_loss,pinn_statistical,w2,kl_entropy,0.0,0.0,v10,m s**-1,72.0,True,2.79778777881501,0.0015144635210986301,0.007014353119007277,2.7993022423361085,0.0005410146493630696,
simvp,19,pinn_statistical,pinn_statistical:kl_entropy,joint,simvp/pinn_statistical:kl_entropy/vs_pinn_statistical,replace_statistical_loss,pinn_statistical,w2,kl_entropy,0.0,0.0,v10,m s**-1,78.0,True,2.836944309695518,-0.003585613619316863,0.0048937012063960394,2.833358696076201,-0.0012654993609819698,
simvp,19,pinn_statistical,pinn_statistical:kl_entropy,joint,simvp/pinn_statistical:kl_entropy/vs_pinn_statistical,replace_statistical_loss,pinn_statistical,w2,kl_entropy,0.0,0.0,v10,m s**-1,84.0,True,2.8689823060334083,-0.004945849025215221,0.004635963222830497,2.864036457008193,-0.001726880610445125,
simvp,19,pinn_statistical,pinn_statistical:kl_entropy,joint,simvp/pinn_statistical:kl_entropy/vs_pinn_statistical,replace_statistical_loss,pinn_statistical,w2,kl_entropy,0.0,0.0,v10,m s**-1,90.0,True,2.895480250599814,-0.010010893223188155,0.0017309928632618377,2.8854693573766257,-0.003469415884661986,
simvp,19,pinn_statistical,pinn_statistical:kl_entropy,joint,simvp/pinn_statistical:kl_entropy/vs_pinn_statistical,replace_statistical_loss,pinn_statistical,w2,kl_entropy,0.0,0.0,v10,m s**-1,96.0,True,2.91590563735148,-0.009939455263279218,0.0009013702864576478,2.905966182088201,-0.0034203616423837957,
simvp,19,pinn_statistical,pinn_statistical:kl_entropy,joint,simvp/pinn_statistical:kl_entropy/vs_pinn_statistical,replace_statistical_loss,pinn_statistical,w2,kl_entropy,0.0,0.0,v10,m s**-1,102.0,True,2.9368576398353867,-0.0119321110931363,-0.001136425416527198,2.9249255287422504,-0.0040794580839353944,
simvp,19,pinn_statistical,pinn_statistical:kl_entropy,joint,simvp/pinn_statistical:kl_entropy/vs_pinn_statistical,replace_statistical_loss,pinn_statistical,w2,kl_entropy,0.0,0.0,v10,m s**-1,108.0,True,2.953237062975756,-0.010401707567624818,-0.0011524542790833925,2.942835355408131,-0.0035345869922722706,
simvp,19,pinn_statistical,pinn_statistical:kl_entropy,joint,simvp/pinn_statistical:kl_entropy/vs_pinn_statistical,replace_statistical_loss,pinn_statistical,w2,kl_entropy,0.0,0.0,v10,m s**-1,114.0,True,2.9682566319456654,-0.012026711375779708,-0.003759569421601827,2.9562299205698856,-0.00406825981027259,
simvp,19,pinn_statistical,pinn_statistical:kl_entropy,joint,simvp/pinn_statistical:kl_entropy/vs_pinn_statistical,replace_statistical_loss,pinn_statistical,w2,kl_entropy,0.0,0.0,v10,m s**-1,120.0,True,2.9803797802766936,-0.009494841762185846,-0.0033335729172411233,2.9708849385145077,-0.0031959641516556836,
simvp,43,pinn_statistical,pinn_statistical:kl_entropy,joint,simvp/pinn_statistical:kl_entropy/vs_pinn_statistical,replace_statistical_loss,pinn_statistical,w2,kl_entropy,0.0,0.0,msl,Pa,6.0,True,298.0434548836493,-12.94554817260456,-0.004446953733846737,285.09790671104474,-0.04540737714263643,
simvp,43,pinn_statistical,pinn_statistical:kl_entropy,joint,simvp/pinn_statistical:kl_entropy/vs_pinn_statistical,replace_statistical_loss,pinn_statistical,w2,kl_entropy,0.0,0.0,msl,Pa,12.0,True,306.35044248495427,-16.321049722886357,-0.006559930917471868,290.0293927620679,-0.05627377821073365,
simvp,43,pinn_statistical,pinn_statistical:kl_entropy,joint,simvp/pinn_statistical:kl_entropy/vs_pinn_statistical,replace_statistical_loss,pinn_statistical,w2,kl_entropy,0.0,0.0,msl,Pa,18.0,True,342.7774849425241,-13.28625231229023,-0.005577765163807147,329.49123263023387,-0.040323538220516264,
simvp,43,pinn_statistical,pinn_statistical:kl_entropy,joint,simvp/pinn_statistical:kl_entropy/vs_pinn_statistical,replace_statistical_loss,pinn_statistical,w2,kl_entropy,0.0,0.0,msl,Pa,24.0,True,372.78798500446715,-10.450800606553287,-0.005357084503528897,362.33718439791386,-0.028842749396309042,
simvp,43,pinn_statistical,pinn_statistical:kl_entropy,joint,simvp/pinn_statistical:kl_entropy/vs_pinn_statistical,replace_statistical_loss,pinn_statistical,w2,kl_entropy,0.0,0.0,msl,Pa,30.0,True,410.57003128717173,-6.837601948827,-0.004138856176383876,403.73242933834473,-0.016935974055967584,
simvp,43,pinn_statistical,pinn_statistical:kl_entropy,joint,simvp/pinn_statistical:kl_entropy/vs_pinn_statistical,replace_statistical_loss,pinn_statistical,w2,kl_entropy,0.0,0.0,msl,Pa,36.0,True,441.3012393731299,-7.432289858825072,-0.00683785493115352,433.8689495143048,-0.01713026448918531,
simvp,43,pinn_statistical,pinn_statistical:kl_entropy,joint,simvp/pinn_statistical:kl_entropy/vs_pinn_statistical,replace_statistical_loss,pinn_statistical,w2,kl_entropy,0.0,0.0,msl,Pa,42.0,True,473.13318248614775,-7.432452070194415,-0.0080002377573124,465.70073041595333,-0.01595971744247837,
simvp,43,pinn_statistical,pinn_statistical:kl_entropy,joint,simvp/pinn_statistical:kl_entropy/vs_pinn_statistical,replace_statistical_loss,pinn_statistical,w2,kl_entropy,0.0,0.0,msl,Pa,48.0,True,496.82699424946713,-8.225537523803212,-0.010253136326384693,488.6014567256639,-0.016834860826912434,
simvp,43,pinn_statistical,pinn_statistical:kl_entropy,joint,simvp/pinn_statistical:kl_entropy/vs_pinn_statistical,replace_statistical_loss,pinn_statistical,w2,kl_entropy,0.0,0.0,msl,Pa,54.0,True,518.9696987910597,-7.692384390455743,-0.01140336257499297,511.277314400604,-0.015045424809183805,
simvp,43,pinn_statistical,pinn_statistical:kl_entropy,joint,simvp/pinn_statistical:kl_entropy/vs_pinn_statistical,replace_statistical_loss,pinn_statistical,w2,kl_entropy,0.0,0.0,msl,Pa,60.0,True,537.4991644172428,-9.004006026400475,-0.014227234834613744,528.4951583908423,-0.017037064358008225,
simvp,43,pinn_statistical,pinn_statistical:kl_entropy,joint,simvp/pinn_statistical:kl_entropy/vs_pinn_statistical,replace_statistical_loss,pinn_statistical,w2,kl_entropy,0.0,0.0,msl,Pa,66.0,True,553.6659952107008,-8.542913071627027,-0.013527707026990798,545.1230821390737,-0.015671530616726992,
simvp,43,pinn_statistical,pinn_statistical:kl_entropy,joint,simvp/pinn_statistical:kl_entropy/vs_pinn_statistical,replace_statistical_loss,pinn_statistical,w2,kl_entropy,0.0,0.0,msl,Pa,72.0,True,564.9614650783708,-8.78003138880058,-0.013470304750727746,556.1814336895702,-0.015786271991418355,
simvp,43,pinn_statistical,pinn_statistical:kl_entropy,joint,simvp/pinn_statistical:kl_entropy/vs_pinn_statistical,replace_statistical_loss,pinn_statistical,w2,kl_entropy,0.0,0.0,msl,Pa,78.0,True,574.8740973635979,-7.58074162986486,-0.011675582321750144,567.293355733733,-0.013363000911688738,
simvp,43,pinn_statistical,pinn_statistical:kl_entropy,joint,simvp/pinn_statistical:kl_entropy/vs_pinn_statistical,replace_statistical_loss,pinn_statistical,w2,kl_entropy,0.0,0.0,msl,Pa,84.0,True,583.9987712886439,-7.4232953229899294,-0.010705103568165786,576.5754759656539,-0.012874802402161434,
simvp,43,pinn_statistical,pinn_statistical:kl_entropy,joint,simvp/pinn_statistical:kl_entropy/vs_pinn_statistical,replace_statistical_loss,pinn_statistical,w2,kl_entropy,0.0,0.0,msl,Pa,90.0,True,591.7884971725533,-6.304435936097093,-0.008061985098264612,585.4840612364562,-0.010767903609165907,
simvp,43,pinn_statistical,pinn_statistical:kl_entropy,joint,simvp/pinn_statistical:kl_entropy/vs_pinn_statistical,replace_statistical_loss,pinn_statistical,w2,kl_entropy,0.0,0.0,msl,Pa,96.0,True,597.8958318288918,-6.323787807504573,-0.007313687703764171,591.5720440213872,-0.010689801641938113,
simvp,43,pinn_statistical,pinn_statistical:kl_entropy,joint,simvp/pinn_statistical:kl_entropy/vs_pinn_statistical,replace_statistical_loss,pinn_statistical,w2,kl_entropy,0.0,0.0,msl,Pa,102.0,True,603.0050207719391,-4.7043974563018764,-0.004202925793338863,598.3006233156373,-0.007862932567630043,
simvp,43,pinn_statistical,pinn_statistical:kl_entropy,joint,simvp/pinn_statistical:kl_entropy/vs_pinn_statistical,replace_statistical_loss,pinn_statistical,w2,kl_entropy,0.0,0.0,msl,Pa,108.0,True,609.1731071116673,-4.319315202501002,-0.0028517470823145596,604.8537919091663,-0.007141089731565575,
simvp,43,pinn_statistical,pinn_statistical:kl_entropy,joint,simvp/pinn_statistical:kl_entropy/vs_pinn_statistical,replace_statistical_loss,pinn_statistical,w2,kl_entropy,0.0,0.0,msl,Pa,114.0,True,614.4372390531901,-3.9656177545290348,-0.0017489392658137648,610.471621298661,-0.006495990339555835,
simvp,43,pinn_statistical,pinn_statistical:kl_entropy,joint,simvp/pinn_statistical:kl_entropy/vs_pinn_statistical,replace_statistical_loss,pinn_statistical,w2,kl_entropy,0.0,0.0,msl,Pa,120.0,True,618.9960742639067,-4.377379314310019,-0.002710963457737803,614.6186949495967,-0.007122105705992254,
simvp,43,pinn_statistical,pinn_statistical:kl_entropy,joint,simvp/pinn_statistical:kl_entropy/vs_pinn_statistical,replace_statistical_loss,pinn_statistical,w2,kl_entropy,0.0,0.0,t2m,K,6.0,True,2.1776774436567923,0.006374002949276925,-0.004017280609809215,2.184051446606069,0.002918430771940761,
simvp,43,pinn_statistical,pinn_statistical:kl_entropy,joint,simvp/pinn_statistical:kl_entropy/vs_pinn_statistical,replace_statistical_loss,pinn_statistical,w2,kl_entropy,0.0,0.0,t2m,K,12.0,True,2.272152188613065,0.017127396429582387,-0.0024196804464955424,2.2892795850426473,0.007481566053131661,
simvp,43,pinn_statistical,pinn_statistical:kl_entropy,joint,simvp/pinn_statistical:kl_entropy/vs_pinn_statistical,replace_statistical_loss,pinn_statistical,w2,kl_entropy,0.0,0.0,t2m,K,18.0,True,2.0989173702903963,0.03574332256525592,-0.00025422076262626714,2.134660692855652,0.016744264175043266,
simvp,43,pinn_statistical,pinn_statistical:kl_entropy,joint,simvp/pinn_statistical:kl_entropy/vs_pinn_statistical,replace_statistical_loss,pinn_statistical,w2,kl_entropy,0.0,0.0,t2m,K,24.0,True,1.9408281278272852,0.011610761169801309,-0.0020916954683292133,1.9524388889970865,0.005946798762938688,
simvp,43,pinn_statistical,pinn_statistical:kl_entropy,joint,simvp/pinn_statistical:kl_entropy/vs_pinn_statistical,replace_statistical_loss,pinn_statistical,w2,kl_entropy,0.0,0.0,t2m,K,30.0,True,2.1768271813227726,0.03400428104410036,-0.0015165286240890197,2.210831462366873,0.0153807658444014,
simvp,43,pinn_statistical,pinn_statistical:kl_entropy,joint,simvp/pinn_statistical:kl_entropy/vs_pinn_statistical,replace_statistical_loss,pinn_statistical,w2,kl_entropy,0.0,0.0,t2m,K,36.0,True,2.3062035892815334,0.02660704001253178,-0.0018181339173914957,2.332810629294065,0.011405572179077117,
simvp,43,pinn_statistical,pinn_statistical:kl_entropy,joint,simvp/pinn_statistical:kl_entropy/vs_pinn_statistical,replace_statistical_loss,pinn_statistical,w2,kl_entropy,0.0,0.0,t2m,K,42.0,True,2.2038360800960515,0.05107290961373856,0.0013299467695795375,2.25490898970979,0.022649654530097818,
simvp,43,pinn_statistical,pinn_statistical:kl_entropy,joint,simvp/pinn_statistical:kl_entropy/vs_pinn_statistical,replace_statistical_loss,pinn_statistical,w2,kl_entropy,0.0,0.0,t2m,K,48.0,True,2.0783227062114693,0.04720915535714232,0.0022926076083470415,2.1255318615686116,0.022210514088602085,
simvp,43,pinn_statistical,pinn_statistical:kl_entropy,joint,simvp/pinn_statistical:kl_entropy/vs_pinn_statistical,replace_statistical_loss,pinn_statistical,w2,kl_entropy,0.0,0.0,t2m,K,54.0,True,2.2743238660725726,0.06350619226152299,0.003123040037181446,2.3378300583340956,0.027164588818220814,
simvp,43,pinn_statistical,pinn_statistical:kl_entropy,joint,simvp/pinn_statistical:kl_entropy/vs_pinn_statistical,replace_statistical_loss,pinn_statistical,w2,kl_entropy,0.0,0.0,t2m,K,60.0,True,2.3846272437980804,0.044635132226090946,0.00043398818832773856,2.4292623760241714,0.018373944563016997,
simvp,43,pinn_statistical,pinn_statistical:kl_entropy,joint,simvp/pinn_statistical:kl_entropy/vs_pinn_statistical,replace_statistical_loss,pinn_statistical,w2,kl_entropy,0.0,0.0,t2m,K,66.0,True,2.3019691148006376,0.06332599616427581,0.002737736824574455,2.3652951109649134,0.026772978927962265,
simvp,43,pinn_statistical,pinn_statistical:kl_entropy,joint,simvp/pinn_statistical:kl_entropy/vs_pinn_statistical,replace_statistical_loss,pinn_statistical,w2,kl_entropy,0.0,0.0,t2m,K,72.0,True,2.196268113369065,0.05587105481759069,0.0036275162197453303,2.252139168186656,0.024807993931643235,
simvp,43,pinn_statistical,pinn_statistical:kl_entropy,joint,simvp/pinn_statistical:kl_entropy/vs_pinn_statistical,replace_statistical_loss,pinn_statistical,w2,kl_entropy,0.0,0.0,t2m,K,78.0,True,2.3712309225150956,0.07227779571498116,0.0042588921534073565,2.4435087182300768,0.029579512107218764,
simvp,43,pinn_statistical,pinn_statistical:kl_entropy,joint,simvp/pinn_statistical:kl_entropy/vs_pinn_statistical,replace_statistical_loss,pinn_statistical,w2,kl_entropy,0.0,0.0,t2m,K,84.0,True,2.457000414649269,0.06385757887073051,0.0017767468949037024,2.5208579935199995,0.025331684305454627,
simvp,43,pinn_statistical,pinn_statistical:kl_entropy,joint,simvp/pinn_statistical:kl_entropy/vs_pinn_statistical,replace_statistical_loss,pinn_statistical,w2,kl_entropy,0.0,0.0,t2m,K,90.0,True,2.3879173965504443,0.0786902385515762,0.0035657873747249047,2.4666076351020205,0.03190221153609685,
simvp,43,pinn_statistical,pinn_statistical:kl_entropy,joint,simvp/pinn_statistical:kl_entropy/vs_pinn_statistical,replace_statistical_loss,pinn_statistical,w2,kl_entropy,0.0,0.0,t2m,K,96.0,True,2.3149674929966495,0.04755652061161619,0.003153247305794693,2.3625240136082657,0.020129539567720012,
simvp,43,pinn_statistical,pinn_statistical:kl_entropy,joint,simvp/pinn_statistical:kl_entropy/vs_pinn_statistical,replace_statistical_loss,pinn_statistical,w2,kl_entropy,0.0,0.0,t2m,K,102.0,True,2.4640058634148168,0.06580891957320878,0.003711040577870972,2.5298147829880255,0.026013335053517328,
simvp,43,pinn_statistical,pinn_statistical:kl_entropy,joint,simvp/pinn_statistical:kl_entropy/vs_pinn_statistical,replace_statistical_loss,pinn_statistical,w2,kl_entropy,0.0,0.0,t2m,K,108.0,True,2.5249386608039655,0.07225811417237837,0.0024723699293158763,2.597196774976344,0.027821578583716144,
simvp,43,pinn_statistical,pinn_statistical:kl_entropy,joint,simvp/pinn_statistical:kl_entropy/vs_pinn_statistical,replace_statistical_loss,pinn_statistical,w2,kl_entropy,0.0,0.0,t2m,K,114.0,True,2.4781396697115725,0.0764473469189415,0.00294812284902346,2.554587016630514,0.02992552080679367,
simvp,43,pinn_statistical,pinn_statistical:kl_entropy,joint,simvp/pinn_statistical:kl_entropy/vs_pinn_statistical,replace_statistical_loss,pinn_statistical,w2,kl_entropy,0.0,0.0,t2m,K,120.0,True,2.445319946128909,0.01458011343374288,0.0007034753248592596,2.459900059562652,0.005927116175742153,
simvp,43,pinn_statistical,pinn_statistical:kl_entropy,joint,simvp/pinn_statistical:kl_entropy/vs_pinn_statistical,replace_statistical_loss,pinn_statistical,w2,kl_entropy,0.0,0.0,u10,m s**-1,6.0,True,1.5851351973295105,0.00649318798280385,0.0009380225179913548,1.5916283853123143,0.004079587950757579,
simvp,43,pinn_statistical,pinn_statistical:kl_entropy,joint,simvp/pinn_statistical:kl_entropy/vs_pinn_statistical,replace_statistical_loss,pinn_statistical,w2,kl_entropy,0.0,0.0,u10,m s**-1,12.0,True,1.6125040177073096,0.0012101622127400624,4.7652598700542725e-05,1.6137141799200496,0.000749923516691231,
simvp,43,pinn_statistical,pinn_statistical:kl_entropy,joint,simvp/pinn_statistical:kl_entropy/vs_pinn_statistical,replace_statistical_loss,pinn_statistical,w2,kl_entropy,0.0,0.0,u10,m s**-1,18.0,True,1.7262869489859167,0.0007203710044010325,0.00023376552134068973,1.7270073199903178,0.0004171209907813944,
simvp,43,pinn_statistical,pinn_statistical:kl_entropy,joint,simvp/pinn_statistical:kl_entropy/vs_pinn_statistical,replace_statistical_loss,pinn_statistical,w2,kl_entropy,0.0,0.0,u10,m s**-1,24.0,True,1.854590187343246,0.004631569651567746,0.0010716442805923654,1.8592217569948137,0.00249113352624164,
simvp,43,pinn_statistical,pinn_statistical:kl_entropy,joint,simvp/pinn_statistical:kl_entropy/vs_pinn_statistical,replace_statistical_loss,pinn_statistical,w2,kl_entropy,0.0,0.0,u10,m s**-1,30.0,True,1.9978929197450737,0.004545291878699231,0.0018546524922792296,2.002438211623773,0.0022698787170134516,
simvp,43,pinn_statistical,pinn_statistical:kl_entropy,joint,simvp/pinn_statistical:kl_entropy/vs_pinn_statistical,replace_statistical_loss,pinn_statistical,w2,kl_entropy,0.0,0.0,u10,m s**-1,36.0,True,2.1258429734310247,-0.0031543086383605257,0.0003677815744248525,2.122688664792664,-0.001485996835371317,
simvp,43,pinn_statistical,pinn_statistical:kl_entropy,joint,simvp/pinn_statistical:kl_entropy/vs_pinn_statistical,replace_statistical_loss,pinn_statistical,w2,kl_entropy,0.0,0.0,u10,m s**-1,42.0,True,2.234437333358716,-0.004376727936420632,0.0003946809317768585,2.2300606054222953,-0.001962604929112155,
simvp,43,pinn_statistical,pinn_statistical:kl_entropy,joint,simvp/pinn_statistical:kl_entropy/vs_pinn_statistical,replace_statistical_loss,pinn_statistical,w2,kl_entropy,0.0,0.0,u10,m s**-1,48.0,True,2.321676437450075,-0.00541901973897696,-2.305583289485824e-05,2.316257417711098,-0.0023395585039645006,
simvp,43,pinn_statistical,pinn_statistical:kl_entropy,joint,simvp/pinn_statistical:kl_entropy/vs_pinn_statistical,replace_statistical_loss,pinn_statistical,w2,kl_entropy,0.0,0.0,u10,m s**-1,54.0,True,2.4020892353765317,-0.011486137463316393,-0.0018548767405587308,2.3906030979132153,-0.004804702827224894,
simvp,43,pinn_statistical,pinn_statistical:kl_entropy,joint,simvp/pinn_statistical:kl_entropy/vs_pinn_statistical,replace_statistical_loss,pinn_statistical,w2,kl_entropy,0.0,0.0,u10,m s**-1,60.0,True,2.4692437551487374,-0.018007727255116457,-0.004265278325997657,2.451236027893621,-0.007346386496526192,
simvp,43,pinn_statistical,pinn_statistical:kl_entropy,joint,simvp/pinn_statistical:kl_entropy/vs_pinn_statistical,replace_statistical_loss,pinn_statistical,w2,kl_entropy,0.0,0.0,u10,m s**-1,66.0,True,2.523040084920365,-0.01943832535783585,-0.005629579870914503,2.503601759562529,-0.007764144310727916,
simvp,43,pinn_statistical,pinn_statistical:kl_entropy,joint,simvp/pinn_statistical:kl_entropy/vs_pinn_statistical,replace_statistical_loss,pinn_statistical,w2,kl_entropy,0.0,0.0,u10,m s**-1,72.0,True,2.5616092029621265,-0.018138972074107418,-0.006000655488367368,2.543470230888019,-0.007131584185191997,
simvp,43,pinn_statistical,pinn_statistical:kl_entropy,joint,simvp/pinn_statistical:kl_entropy/vs_pinn_statistical,replace_statistical_loss,pinn_statistical,w2,kl_entropy,0.0,0.0,u10,m s**-1,78.0,True,2.5989764103124613,-0.020634095934005448,-0.007271050405671942,2.578342314378456,-0.008002853546224875,
simvp,43,pinn_statistical,pinn_statistical:kl_entropy,joint,simvp/pinn_statistical:kl_entropy/vs_pinn_statistical,replace_statistical_loss,pinn_statistical,w2,kl_entropy,0.0,0.0,u10,m s**-1,84.0,True,2.6299215293374085,-0.02112771028425664,-0.007335389707616047,2.608793819053152,-0.008098650851574352,
simvp,43,pinn_statistical,pinn_statistical:kl_entropy,joint,simvp/pinn_statistical:kl_entropy/vs_pinn_statistical,replace_statistical_loss,pinn_statistical,w2,kl_entropy,0.0,0.0,u10,m s**-1,90.0,True,2.6568700699097785,-0.020115592192468945,-0.007616178136940377,2.6367544777173095,-0.0076289212220788105,
simvp,43,pinn_statistical,pinn_statistical:kl_entropy,joint,simvp/pinn_statistical:kl_entropy/vs_pinn_statistical,replace_statistical_loss,pinn_statistical,w2,kl_entropy,0.0,0.0,u10,m s**-1,96.0,True,2.67553192066762,-0.016982289222224445,-0.006738769584923421,2.6585496314453954,-0.006387802214168792,
simvp,43,pinn_statistical,pinn_statistical:kl_entropy,joint,simvp/pinn_statistical:kl_entropy/vs_pinn_statistical,replace_statistical_loss,pinn_statistical,w2,kl_entropy,0.0,0.0,u10,m s**-1,102.0,True,2.6960851593458526,-0.016843990764285,-0.006744971512157583,2.6792411685815676,-0.006286851277820027,
simvp,43,pinn_statistical,pinn_statistical:kl_entropy,joint,simvp/pinn_statistical:kl_entropy/vs_pinn_statistical,replace_statistical_loss,pinn_statistical,w2,kl_entropy,0.0,0.0,u10,m s**-1,108.0,True,2.715164917200712,-0.015605316548126691,-0.00603382999636054,2.6995596006525853,-0.0057806897630094944,
simvp,43,pinn_statistical,pinn_statistical:kl_entropy,joint,simvp/pinn_statistical:kl_entropy/vs_pinn_statistical,replace_statistical_loss,pinn_statistical,w2,kl_entropy,0.0,0.0,u10,m s**-1,114.0,True,2.7338682697762633,-0.015637062489551656,-0.00659613493336908,2.7182312072867116,-0.005752660939081888,
simvp,43,pinn_statistical,pinn_statistical:kl_entropy,joint,simvp/pinn_statistical:kl_entropy/vs_pinn_statistical,replace_statistical_loss,pinn_statistical,w2,kl_entropy,0.0,0.0,u10,m s**-1,120.0,True,2.7470607564904137,-0.01319473030513052,-0.006136599335735349,2.733866026185283,-0.00482639974993293,
simvp,43,pinn_statistical,pinn_statistical:kl_entropy,joint,simvp/pinn_statistical:kl_entropy/vs_pinn_statistical,replace_statistical_loss,pinn_statistical,w2,kl_entropy,0.0,0.0,v10,m s**-1,6.0,True,1.7331048308675872,0.013951933269983341,0.003595273898293394,1.7470567641375705,0.007985964484027885,
simvp,43,pinn_statistical,pinn_statistical:kl_entropy,joint,simvp/pinn_statistical:kl_entropy/vs_pinn_statistical,replace_statistical_loss,pinn_statistical,w2,kl_entropy,0.0,0.0,v10,m s**-1,12.0,True,1.7643703737564203,0.0018635022634179155,0.0010007930479677407,1.7662338760198382,0.001055071068853719,
simvp,43,pinn_statistical,pinn_statistical:kl_entropy,joint,simvp/pinn_statistical:kl_entropy/vs_pinn_statistical,replace_statistical_loss,pinn_statistical,w2,kl_entropy,0.0,0.0,v10,m s**-1,18.0,True,1.9052955895988806,-0.0018593632346284306,8.049495050177491e-05,1.9034362263642521,-0.0009768455642877871,
simvp,43,pinn_statistical,pinn_statistical:kl_entropy,joint,simvp/pinn_statistical:kl_entropy/vs_pinn_statistical,replace_statistical_loss,pinn_statistical,w2,kl_entropy,0.0,0.0,v10,m s**-1,24.0,True,2.0697019588578214,-0.0005980705520305385,-0.00012391450320492492,2.069103888305791,-0.0002890481021329272,
simvp,43,pinn_statistical,pinn_statistical:kl_entropy,joint,simvp/pinn_statistical:kl_entropy/vs_pinn_statistical,replace_statistical_loss,pinn_statistical,w2,kl_entropy,0.0,0.0,v10,m s**-1,30.0,True,2.2314527936265462,-0.005408794770642711,-0.0013469097928167084,2.2260439988559035,-0.0024297789142633253,
simvp,43,pinn_statistical,pinn_statistical:kl_entropy,joint,simvp/pinn_statistical:kl_entropy/vs_pinn_statistical,replace_statistical_loss,pinn_statistical,w2,kl_entropy,0.0,0.0,v10,m s**-1,36.0,True,2.3741849355718205,-0.009500273016679106,-0.001945100525993393,2.3646846625551414,-0.004017564441938681,
simvp,43,pinn_statistical,pinn_statistical:kl_entropy,joint,simvp/pinn_statistical:kl_entropy/vs_pinn_statistical,replace_statistical_loss,pinn_statistical,w2,kl_entropy,0.0,0.0,v10,m s**-1,42.0,True,2.487788007233871,-0.012042468187912103,-0.002619046366232891,2.475745539045959,-0.004864178486029935,
simvp,43,pinn_statistical,pinn_statistical:kl_entropy,joint,simvp/pinn_statistical:kl_entropy/vs_pinn_statistical,replace_statistical_loss,pinn_statistical,w2,kl_entropy,0.0,0.0,v10,m s**-1,48.0,True,2.583171990073626,-0.01277321140525256,-0.0031473970714301913,2.5703987786683733,-0.004969350091222013,
simvp,43,pinn_statistical,pinn_statistical:kl_entropy,joint,simvp/pinn_statistical:kl_entropy/vs_pinn_statistical,replace_statistical_loss,pinn_statistical,w2,kl_entropy,0.0,0.0,v10,m s**-1,54.0,True,2.6600916025033654,-0.016166759254128138,-0.004454508913244726,2.6439248432492373,-0.006114681850888148,
simvp,43,pinn_statistical,pinn_statistical:kl_entropy,joint,simvp/pinn_statistical:kl_entropy/vs_pinn_statistical,replace_statistical_loss,pinn_statistical,w2,kl_entropy,0.0,0.0,v10,m s**-1,60.0,True,2.723117597181261,-0.018430068294144952,-0.005664229609617932,2.704687528887116,-0.006814121075837676,
simvp,43,pinn_statistical,pinn_statistical:kl_entropy,joint,simvp/pinn_statistical:kl_entropy/vs_pinn_statistical,replace_statistical_loss,pinn_statistical,w2,kl_entropy,0.0,0.0,v10,m s**-1,66.0,True,2.7655672503878916,-0.017746872768008792,-0.006469394328110278,2.747820377619883,-0.006458527243101919,
simvp,43,pinn_statistical,pinn_statistical:kl_entropy,joint,simvp/pinn_statistical:kl_entropy/vs_pinn_statistical,replace_statistical_loss,pinn_statistical,w2,kl_entropy,0.0,0.0,v10,m s**-1,72.0,True,2.8003658485772194,-0.016502827674222953,-0.006661140088695117,2.7838630209029964,-0.005928031498069197,
simvp,43,pinn_statistical,pinn_statistical:kl_entropy,joint,simvp/pinn_statistical:kl_entropy/vs_pinn_statistical,replace_statistical_loss,pinn_statistical,w2,kl_entropy,0.0,0.0,v10,m s**-1,78.0,True,2.828610814520001,-0.016978895947080463,-0.007119829603127625,2.8116319185729206,-0.00603880466533413,
simvp,43,pinn_statistical,pinn_statistical:kl_entropy,joint,simvp/pinn_statistical:kl_entropy/vs_pinn_statistical,replace_statistical_loss,pinn_statistical,w2,kl_entropy,0.0,0.0,v10,m s**-1,84.0,True,2.8553995121239195,-0.017294908333828296,-0.0075760938867143746,2.838104603790091,-0.0060938234308671735,
simvp,43,pinn_statistical,pinn_statistical:kl_entropy,joint,simvp/pinn_statistical:kl_entropy/vs_pinn_statistical,replace_statistical_loss,pinn_statistical,w2,kl_entropy,0.0,0.0,v10,m s**-1,90.0,True,2.8740350808583663,-0.016128499042258326,-0.007585376740469163,2.857906581816108,-0.005643466145772047,
simvp,43,pinn_statistical,pinn_statistical:kl_entropy,joint,simvp/pinn_statistical:kl_entropy/vs_pinn_statistical,replace_statistical_loss,pinn_statistical,w2,kl_entropy,0.0,0.0,v10,m s**-1,96.0,True,2.8922877082933907,-0.014422425147576412,-0.006485049738694015,2.8778652831458142,-0.0050115011401128395,
simvp,43,pinn_statistical,pinn_statistical:kl_entropy,joint,simvp/pinn_statistical:kl_entropy/vs_pinn_statistical,replace_statistical_loss,pinn_statistical,w2,kl_entropy,0.0,0.0,v10,m s**-1,102.0,True,2.9077952772476814,-0.013004509217659166,-0.005247834443554256,2.894790768030022,-0.004492383132238986,
simvp,43,pinn_statistical,pinn_statistical:kl_entropy,joint,simvp/pinn_statistical:kl_entropy/vs_pinn_statistical,replace_statistical_loss,pinn_statistical,w2,kl_entropy,0.0,0.0,v10,m s**-1,108.0,True,2.925110087480122,-0.011546063842179155,-0.004647753460250814,2.9135640236379428,-0.003962866011697486,
simvp,43,pinn_statistical,pinn_statistical:kl_entropy,joint,simvp/pinn_statistical:kl_entropy/vs_pinn_statistical,replace_statistical_loss,pinn_statistical,w2,kl_entropy,0.0,0.0,v10,m s**-1,114.0,True,2.9371224662309747,-0.01054489937422387,-0.004344048744731155,2.926577566856751,-0.0036031504832279015,
simvp,43,pinn_statistical,pinn_statistical:kl_entropy,joint,simvp/pinn_statistical:kl_entropy/vs_pinn_statistical,replace_statistical_loss,pinn_statistical,w2,kl_entropy,0.0,0.0,v10,m s**-1,120.0,True,2.949777606431946,-0.009215619299762778,-0.003361403880773217,2.9405619871321833,-0.0031339653236659437,
