model,seed,control,candidate_arm,training_mode,constraint_pair,constraint_path,pair_key,interpretation,raw_backend,candidate_implementation,raw_implementation,candidate_parameters,raw_parameters,variable,units,lead_hours,ranking_allowed,model_rmse,raw_rmse,rmse_reduction,rmse_skill_vs_raw,acc_difference,crps_skill_vs_raw
mlp,7,raw,pinn_statistical,joint,pinn_statistical,observed_reconstruction,mlp/pinn_statistical/vs_raw,whole_model_comparison,matched,spatial_mlp,raw_spatial_mlp,1391030,497540,msl,Pa,6.0,True,239.83080424656268,178.34617003776103,-61.48463420880165,-0.3447488342238221,-0.030193401644419304,
mlp,7,raw,pinn_statistical,joint,pinn_statistical,observed_reconstruction,mlp/pinn_statistical/vs_raw,whole_model_comparison,matched,spatial_mlp,raw_spatial_mlp,1391030,497540,msl,Pa,12.0,True,255.305754395528,220.32042522165952,-34.98532917386848,-0.15879294504206998,-0.02160875445727839,
mlp,7,raw,pinn_statistical,joint,pinn_statistical,observed_reconstruction,mlp/pinn_statistical/vs_raw,whole_model_comparison,matched,spatial_mlp,raw_spatial_mlp,1391030,497540,msl,Pa,18.0,True,302.8120697121811,286.7780869714862,-16.03398274069491,-0.05591076678843021,-0.01599524419961995,
mlp,7,raw,pinn_statistical,joint,pinn_statistical,observed_reconstruction,mlp/pinn_statistical/vs_raw,whole_model_comparison,matched,spatial_mlp,raw_spatial_mlp,1391030,497540,msl,Pa,24.0,True,324.04142428134065,314.4804150262488,-9.561009255091847,-0.03040255862767749,-0.01251063192553381,
mlp,7,raw,pinn_statistical,joint,pinn_statistical,observed_reconstruction,mlp/pinn_statistical/vs_raw,whole_model_comparison,matched,spatial_mlp,raw_spatial_mlp,1391030,497540,msl,Pa,30.0,True,376.1143364321433,369.1193503358136,-6.99498609632974,-0.01895047249613424,-0.013597862581124609,
mlp,7,raw,pinn_statistical,joint,pinn_statistical,observed_reconstruction,mlp/pinn_statistical/vs_raw,whole_model_comparison,matched,spatial_mlp,raw_spatial_mlp,1391030,497540,msl,Pa,36.0,True,407.06100814742524,398.59091287940345,-8.470095268021794,-0.021250096262441565,-0.01616888944266981,
mlp,7,raw,pinn_statistical,joint,pinn_statistical,observed_reconstruction,mlp/pinn_statistical/vs_raw,whole_model_comparison,matched,spatial_mlp,raw_spatial_mlp,1391030,497540,msl,Pa,42.0,True,438.9941012382366,432.59086165197044,-6.4032395862661815,-0.01480206854535382,-0.015762383743535113,
mlp,7,raw,pinn_statistical,joint,pinn_statistical,observed_reconstruction,mlp/pinn_statistical/vs_raw,whole_model_comparison,matched,spatial_mlp,raw_spatial_mlp,1391030,497540,msl,Pa,48.0,True,455.70363435546403,449.230917104806,-6.472717250658036,-0.014408441191833488,-0.014962776093399133,
mlp,7,raw,pinn_statistical,joint,pinn_statistical,observed_reconstruction,mlp/pinn_statistical/vs_raw,whole_model_comparison,matched,spatial_mlp,raw_spatial_mlp,1391030,497540,msl,Pa,54.0,True,484.8921035260338,481.87304461102707,-3.019058915006724,-0.006265257932084101,-0.012220566729075233,
mlp,7,raw,pinn_statistical,joint,pinn_statistical,observed_reconstruction,mlp/pinn_statistical/vs_raw,whole_model_comparison,matched,spatial_mlp,raw_spatial_mlp,1391030,497540,msl,Pa,60.0,True,505.44313815420196,500.65677944720534,-4.786358706996623,-0.009560159581343264,-0.014960892253693125,
mlp,7,raw,pinn_statistical,joint,pinn_statistical,observed_reconstruction,mlp/pinn_statistical/vs_raw,whole_model_comparison,matched,spatial_mlp,raw_spatial_mlp,1391030,497540,msl,Pa,66.0,True,523.7478611452693,521.7105374915926,-2.037323653676708,-0.003905084347102239,-0.011183531901248434,
mlp,7,raw,pinn_statistical,joint,pinn_statistical,observed_reconstruction,mlp/pinn_statistical/vs_raw,whole_model_comparison,matched,spatial_mlp,raw_spatial_mlp,1391030,497540,msl,Pa,72.0,True,531.9191205873793,530.0841747410584,-1.8349458463209203,-0.0034616122000195038,-0.009109011796097688,
mlp,7,raw,pinn_statistical,joint,pinn_statistical,observed_reconstruction,mlp/pinn_statistical/vs_raw,whole_model_comparison,matched,spatial_mlp,raw_spatial_mlp,1391030,497540,msl,Pa,78.0,True,550.4857510007871,551.9952417623794,1.5094907615922466,0.0027346082853411113,-0.003766462428257955,
mlp,7,raw,pinn_statistical,joint,pinn_statistical,observed_reconstruction,mlp/pinn_statistical/vs_raw,whole_model_comparison,matched,spatial_mlp,raw_spatial_mlp,1391030,497540,msl,Pa,84.0,True,562.0054354552237,563.5201455200533,1.5147100648296146,0.00268794306090292,-0.003241166735421408,
mlp,7,raw,pinn_statistical,joint,pinn_statistical,observed_reconstruction,mlp/pinn_statistical/vs_raw,whole_model_comparison,matched,spatial_mlp,raw_spatial_mlp,1391030,497540,msl,Pa,90.0,True,574.9045473360472,577.1918947972607,2.2873474612134714,0.003962889087375188,-0.0011492986818871787,
mlp,7,raw,pinn_statistical,joint,pinn_statistical,observed_reconstruction,mlp/pinn_statistical/vs_raw,whole_model_comparison,matched,spatial_mlp,raw_spatial_mlp,1391030,497540,msl,Pa,96.0,True,577.0833405821492,580.1672877255286,3.0839471433794188,0.005315617079118096,0.0021388297998065076,
mlp,7,raw,pinn_statistical,joint,pinn_statistical,observed_reconstruction,mlp/pinn_statistical/vs_raw,whole_model_comparison,matched,spatial_mlp,raw_spatial_mlp,1391030,497540,msl,Pa,102.0,True,590.8509906296739,596.1199162664315,5.268925636757558,0.008838700893869511,0.00694095443940046,
mlp,7,raw,pinn_statistical,joint,pinn_statistical,observed_reconstruction,mlp/pinn_statistical/vs_raw,whole_model_comparison,matched,spatial_mlp,raw_spatial_mlp,1391030,497540,msl,Pa,108.0,True,597.2267213190585,603.1159056288668,5.889184309808343,0.009764597907043648,0.008577766161195544,
mlp,7,raw,pinn_statistical,joint,pinn_statistical,observed_reconstruction,mlp/pinn_statistical/vs_raw,whole_model_comparison,matched,spatial_mlp,raw_spatial_mlp,1391030,497540,msl,Pa,114.0,True,606.2035351570166,612.6408039714551,6.437268814438426,0.010507411149745072,0.010428002646927004,
mlp,7,raw,pinn_statistical,joint,pinn_statistical,observed_reconstruction,mlp/pinn_statistical/vs_raw,whole_model_comparison,matched,spatial_mlp,raw_spatial_mlp,1391030,497540,msl,Pa,120.0,True,605.786031912223,612.2295641683418,6.443532256118715,0.010524699611446642,0.011668342786627817,
mlp,7,raw,pinn_statistical,joint,pinn_statistical,observed_reconstruction,mlp/pinn_statistical/vs_raw,whole_model_comparison,matched,spatial_mlp,raw_spatial_mlp,1391030,497540,t2m,K,6.0,True,2.7197107185846563,2.2707668919297985,-0.44894382665485777,-0.19770581835166956,-0.05434515864204137,
mlp,7,raw,pinn_statistical,joint,pinn_statistical,observed_reconstruction,mlp/pinn_statistical/vs_raw,whole_model_comparison,matched,spatial_mlp,raw_spatial_mlp,1391030,497540,t2m,K,12.0,True,3.1179930952841497,2.848518337880661,-0.2694747574034886,-0.09460172814052581,-0.036045805022469124,
mlp,7,raw,pinn_statistical,joint,pinn_statistical,observed_reconstruction,mlp/pinn_statistical/vs_raw,whole_model_comparison,matched,spatial_mlp,raw_spatial_mlp,1391030,497540,t2m,K,18.0,True,2.5491817933810657,2.3973164979025285,-0.1518652954785371,-0.0633480375292157,-0.021469329351969546,
mlp,7,raw,pinn_statistical,joint,pinn_statistical,observed_reconstruction,mlp/pinn_statistical/vs_raw,whole_model_comparison,matched,spatial_mlp,raw_spatial_mlp,1391030,497540,t2m,K,24.0,True,1.7731450725188733,1.6139775202144213,-0.159167552304452,-0.09861819654297665,-0.017432254830698213,
mlp,7,raw,pinn_statistical,joint,pinn_statistical,observed_reconstruction,mlp/pinn_statistical/vs_raw,whole_model_comparison,matched,spatial_mlp,raw_spatial_mlp,1391030,497540,t2m,K,30.0,True,2.5665105024933554,2.4328247327257113,-0.13368576976764412,-0.0549508429314034,-0.02307998698593894,
mlp,7,raw,pinn_statistical,joint,pinn_statistical,observed_reconstruction,mlp/pinn_statistical/vs_raw,whole_model_comparison,matched,spatial_mlp,raw_spatial_mlp,1391030,497540,t2m,K,36.0,True,3.0251592506318263,2.917600193608047,-0.10755905702377921,-0.036865591543153275,-0.021730572573803175,
mlp,7,raw,pinn_statistical,joint,pinn_statistical,observed_reconstruction,mlp/pinn_statistical/vs_raw,whole_model_comparison,matched,spatial_mlp,raw_spatial_mlp,1391030,497540,t2m,K,42.0,True,2.5414925536147885,2.538677321759072,-0.0028152318557164158,-0.001108936465295196,-0.0095684535404017,
mlp,7,raw,pinn_statistical,joint,pinn_statistical,observed_reconstruction,mlp/pinn_statistical/vs_raw,whole_model_comparison,matched,spatial_mlp,raw_spatial_mlp,1391030,497540,t2m,K,48.0,True,1.8997584082499055,1.91963876604027,0.019880357790364567,0.010356301478206098,-0.008466779966486926,
mlp,7,raw,pinn_statistical,joint,pinn_statistical,observed_reconstruction,mlp/pinn_statistical/vs_raw,whole_model_comparison,matched,spatial_mlp,raw_spatial_mlp,1391030,497540,t2m,K,54.0,True,2.6481105755175283,2.620017339085902,-0.028093236431626423,-0.010722538363592715,-0.016517096938238218,
mlp,7,raw,pinn_statistical,joint,pinn_statistical,observed_reconstruction,mlp/pinn_statistical/vs_raw,whole_model_comparison,matched,spatial_mlp,raw_spatial_mlp,1391030,497540,t2m,K,60.0,True,3.083967282286367,3.050998786617398,-0.03296849566896887,-0.010805804254521156,-0.016421643368023986,
mlp,7,raw,pinn_statistical,joint,pinn_statistical,observed_reconstruction,mlp/pinn_statistical/vs_raw,whole_model_comparison,matched,spatial_mlp,raw_spatial_mlp,1391030,497540,t2m,K,66.0,True,2.6470214623493753,2.7051311097939483,0.05810964744457303,0.021481268406616794,-0.005359269156736901,
mlp,7,raw,pinn_statistical,joint,pinn_statistical,observed_reconstruction,mlp/pinn_statistical/vs_raw,whole_model_comparison,matched,spatial_mlp,raw_spatial_mlp,1391030,497540,t2m,K,72.0,True,2.0778582349721866,2.1639607966798198,0.0861025617076332,0.03978933529652706,-0.005845150956592993,
mlp,7,raw,pinn_statistical,joint,pinn_statistical,observed_reconstruction,mlp/pinn_statistical/vs_raw,whole_model_comparison,matched,spatial_mlp,raw_spatial_mlp,1391030,497540,t2m,K,78.0,True,2.7639870252805636,2.7892247437041746,0.025237718423611,0.009048291458254698,-0.013966913887798471,
mlp,7,raw,pinn_statistical,joint,pinn_statistical,observed_reconstruction,mlp/pinn_statistical/vs_raw,whole_model_comparison,matched,spatial_mlp,raw_spatial_mlp,1391030,497540,t2m,K,84.0,True,3.171114819107908,3.180510444090482,0.00939562498257418,0.0029541248638348394,-0.01393348800957761,
mlp,7,raw,pinn_statistical,joint,pinn_statistical,observed_reconstruction,mlp/pinn_statistical/vs_raw,whole_model_comparison,matched,spatial_mlp,raw_spatial_mlp,1391030,497540,t2m,K,90.0,True,2.746980348757971,2.85405085487325,0.1070705061152788,0.03751527620205419,-0.0028721052868531105,
mlp,7,raw,pinn_statistical,joint,pinn_statistical,observed_reconstruction,mlp/pinn_statistical/vs_raw,whole_model_comparison,matched,spatial_mlp,raw_spatial_mlp,1391030,497540,t2m,K,96.0,True,2.209124613962606,2.362002823426402,0.15287820946379593,0.06472397405606212,-0.004144629431451663,
mlp,7,raw,pinn_statistical,joint,pinn_statistical,observed_reconstruction,mlp/pinn_statistical/vs_raw,whole_model_comparison,matched,spatial_mlp,raw_spatial_mlp,1391030,497540,t2m,K,102.0,True,2.855059985039437,2.9494883839132653,0.09442839887382837,0.03201517910321261,-0.01097875442917029,
mlp,7,raw,pinn_statistical,joint,pinn_statistical,observed_reconstruction,mlp/pinn_statistical/vs_raw,whole_model_comparison,matched,spatial_mlp,raw_spatial_mlp,1391030,497540,t2m,K,108.0,True,3.2458278710249373,3.3198896773625264,0.07406180633758908,0.02230851429871228,-0.010978851658831945,
mlp,7,raw,pinn_statistical,joint,pinn_statistical,observed_reconstruction,mlp/pinn_statistical/vs_raw,whole_model_comparison,matched,spatial_mlp,raw_spatial_mlp,1391030,497540,t2m,K,114.0,True,2.8312760130314643,3.0103524243796365,0.1790764113481722,0.05948685937829212,-0.0009710993493956543,
mlp,7,raw,pinn_statistical,joint,pinn_statistical,observed_reconstruction,mlp/pinn_statistical/vs_raw,whole_model_comparison,matched,spatial_mlp,raw_spatial_mlp,1391030,497540,t2m,K,120.0,True,2.3149248787518837,2.5650545251251096,0.2501296463732259,0.0975143584368936,-0.0027135821942374516,
mlp,7,raw,pinn_statistical,joint,pinn_statistical,observed_reconstruction,mlp/pinn_statistical/vs_raw,whole_model_comparison,matched,spatial_mlp,raw_spatial_mlp,1391030,497540,u10,m s**-1,6.0,True,1.2120322306117681,0.8201897724552362,-0.39184245815653196,-0.47774609159481773,-0.04785103771516108,
mlp,7,raw,pinn_statistical,joint,pinn_statistical,observed_reconstruction,mlp/pinn_statistical/vs_raw,whole_model_comparison,matched,spatial_mlp,raw_spatial_mlp,1391030,497540,u10,m s**-1,12.0,True,1.347990634800373,1.115232276621622,-0.2327583581787509,-0.2087084126401424,-0.03545027677682644,
mlp,7,raw,pinn_statistical,joint,pinn_statistical,observed_reconstruction,mlp/pinn_statistical/vs_raw,whole_model_comparison,matched,spatial_mlp,raw_spatial_mlp,1391030,497540,u10,m s**-1,18.0,True,1.5298924549414494,1.3486949124804806,-0.18119754246096886,-0.13435028247249448,-0.03371904507918755,
mlp,7,raw,pinn_statistical,joint,pinn_statistical,observed_reconstruction,mlp/pinn_statistical/vs_raw,whole_model_comparison,matched,spatial_mlp,raw_spatial_mlp,1391030,497540,u10,m s**-1,24.0,True,1.6737139734808364,1.5131360106920324,-0.16057796278880399,-0.10612262325008293,-0.03454172173664616,
mlp,7,raw,pinn_statistical,joint,pinn_statistical,observed_reconstruction,mlp/pinn_statistical/vs_raw,whole_model_comparison,matched,spatial_mlp,raw_spatial_mlp,1391030,497540,u10,m s**-1,30.0,True,1.840704836386171,1.7076147293324573,-0.13309010705371382,-0.07793918895613028,-0.034662345060669675,
mlp,7,raw,pinn_statistical,joint,pinn_statistical,observed_reconstruction,mlp/pinn_statistical/vs_raw,whole_model_comparison,matched,spatial_mlp,raw_spatial_mlp,1391030,497540,u10,m s**-1,36.0,True,1.9740466152380611,1.8623851837539063,-0.11166143148415486,-0.05995614250919079,-0.0340070944779961,
mlp,7,raw,pinn_statistical,joint,pinn_statistical,observed_reconstruction,mlp/pinn_statistical/vs_raw,whole_model_comparison,matched,spatial_mlp,raw_spatial_mlp,1391030,497540,u10,m s**-1,42.0,True,2.090339584800478,1.9944688445954242,-0.09587074020505382,-0.04806830673983331,-0.03398009927607071,
mlp,7,raw,pinn_statistical,joint,pinn_statistical,observed_reconstruction,mlp/pinn_statistical/vs_raw,whole_model_comparison,matched,spatial_mlp,raw_spatial_mlp,1391030,497540,u10,m s**-1,48.0,True,2.177542608452945,2.0945973948509895,-0.08294521360195528,-0.03959959742423713,-0.03316049388558984,
mlp,7,raw,pinn_statistical,joint,pinn_statistical,observed_reconstruction,mlp/pinn_statistical/vs_raw,whole_model_comparison,matched,spatial_mlp,raw_spatial_mlp,1391030,497540,u10,m s**-1,54.0,True,2.2673398236209272,2.207876101343161,-0.059463722277766085,-0.02693254492024777,-0.02939285164933425,
mlp,7,raw,pinn_statistical,joint,pinn_statistical,observed_reconstruction,mlp/pinn_statistical/vs_raw,whole_model_comparison,matched,spatial_mlp,raw_spatial_mlp,1391030,497540,u10,m s**-1,60.0,True,2.3432255257919525,2.299320557698116,-0.043904968093836594,-0.01909475733900745,-0.02622142193653121,
mlp,7,raw,pinn_statistical,joint,pinn_statistical,observed_reconstruction,mlp/pinn_statistical/vs_raw,whole_model_comparison,matched,spatial_mlp,raw_spatial_mlp,1391030,497540,u10,m s**-1,66.0,True,2.4130377116321218,2.381107115405528,-0.03193059622659389,-0.013409978921152366,-0.0238220462689821,
mlp,7,raw,pinn_statistical,joint,pinn_statistical,observed_reconstruction,mlp/pinn_statistical/vs_raw,whole_model_comparison,matched,spatial_mlp,raw_spatial_mlp,1391030,497540,u10,m s**-1,72.0,True,2.460831912326055,2.436548016436041,-0.024283895890013785,-0.009966516451226815,-0.021782432836950916,
mlp,7,raw,pinn_statistical,joint,pinn_statistical,observed_reconstruction,mlp/pinn_statistical/vs_raw,whole_model_comparison,matched,spatial_mlp,raw_spatial_mlp,1391030,497540,u10,m s**-1,78.0,True,2.5141771181212405,2.5054437558687432,-0.008733362252497212,-0.0034857546620394864,-0.01736560189064118,
mlp,7,raw,pinn_statistical,joint,pinn_statistical,observed_reconstruction,mlp/pinn_statistical/vs_raw,whole_model_comparison,matched,spatial_mlp,raw_spatial_mlp,1391030,497540,u10,m s**-1,84.0,True,2.5563292166554508,2.55680497646667,0.0004757598112190564,0.00018607590942520957,-0.013828100042871494,
mlp,7,raw,pinn_statistical,joint,pinn_statistical,observed_reconstruction,mlp/pinn_statistical/vs_raw,whole_model_comparison,matched,spatial_mlp,raw_spatial_mlp,1391030,497540,u10,m s**-1,90.0,True,2.6011551843600698,2.607435473086071,0.006280288726001171,0.0024086075344246227,-0.01187305686117579,
mlp,7,raw,pinn_statistical,joint,pinn_statistical,observed_reconstruction,mlp/pinn_statistical/vs_raw,whole_model_comparison,matched,spatial_mlp,raw_spatial_mlp,1391030,497540,u10,m s**-1,96.0,True,2.6251763856782224,2.634812562960968,0.009636177282745795,0.003657253429791174,-0.01045054793092387,
mlp,7,raw,pinn_statistical,joint,pinn_statistical,observed_reconstruction,mlp/pinn_statistical/vs_raw,whole_model_comparison,matched,spatial_mlp,raw_spatial_mlp,1391030,497540,u10,m s**-1,102.0,True,2.6587570659178943,2.6786590449045717,0.01990197898667745,0.007429829124589671,-0.006814504600264837,
mlp,7,raw,pinn_statistical,joint,pinn_statistical,observed_reconstruction,mlp/pinn_statistical/vs_raw,whole_model_comparison,matched,spatial_mlp,raw_spatial_mlp,1391030,497540,u10,m s**-1,108.0,True,2.682281604932683,2.707388135956575,0.0251065310238916,0.009273340120854456,-0.004327078267204576,
mlp,7,raw,pinn_statistical,joint,pinn_statistical,observed_reconstruction,mlp/pinn_statistical/vs_raw,whole_model_comparison,matched,spatial_mlp,raw_spatial_mlp,1391030,497540,u10,m s**-1,114.0,True,2.711535807648697,2.741511352557857,0.029975544909160323,0.010933948853136366,-0.0021932255988891813,
mlp,7,raw,pinn_statistical,joint,pinn_statistical,observed_reconstruction,mlp/pinn_statistical/vs_raw,whole_model_comparison,matched,spatial_mlp,raw_spatial_mlp,1391030,497540,u10,m s**-1,120.0,True,2.724093855402317,2.754151443314559,0.030057587912242223,0.010913556691010684,-0.0025691795067044887,
mlp,7,raw,pinn_statistical,joint,pinn_statistical,observed_reconstruction,mlp/pinn_statistical/vs_raw,whole_model_comparison,matched,spatial_mlp,raw_spatial_mlp,1391030,497540,v10,m s**-1,6.0,True,1.3432664334720905,0.8912217167417976,-0.4520447167302929,-0.5072191445052703,-0.056972824654540566,
mlp,7,raw,pinn_statistical,joint,pinn_statistical,observed_reconstruction,mlp/pinn_statistical/vs_raw,whole_model_comparison,matched,spatial_mlp,raw_spatial_mlp,1391030,497540,v10,m s**-1,12.0,True,1.4774615176332624,1.2357584086367146,-0.2417031089965478,-0.19559090782412247,-0.0389014151848347,
mlp,7,raw,pinn_statistical,joint,pinn_statistical,observed_reconstruction,mlp/pinn_statistical/vs_raw,whole_model_comparison,matched,spatial_mlp,raw_spatial_mlp,1391030,497540,v10,m s**-1,18.0,True,1.663475748375424,1.495724636709601,-0.1677511116658228,-0.11215373976513043,-0.03320794553567141,
mlp,7,raw,pinn_statistical,joint,pinn_statistical,observed_reconstruction,mlp/pinn_statistical/vs_raw,whole_model_comparison,matched,spatial_mlp,raw_spatial_mlp,1391030,497540,v10,m s**-1,24.0,True,1.8299149624251128,1.6933616295524228,-0.13655333287269,-0.08064038448112387,-0.03168873210794265,
mlp,7,raw,pinn_statistical,joint,pinn_statistical,observed_reconstruction,mlp/pinn_statistical/vs_raw,whole_model_comparison,matched,spatial_mlp,raw_spatial_mlp,1391030,497540,v10,m s**-1,30.0,True,2.001327206007712,1.889963094928474,-0.11136411107923805,-0.05892396067313288,-0.030886963816670887,
mlp,7,raw,pinn_statistical,joint,pinn_statistical,observed_reconstruction,mlp/pinn_statistical/vs_raw,whole_model_comparison,matched,spatial_mlp,raw_spatial_mlp,1391030,497540,v10,m s**-1,36.0,True,2.1482764166393244,2.054615066816104,-0.09366134982322061,-0.045585838114368116,-0.030229476710669334,
mlp,7,raw,pinn_statistical,joint,pinn_statistical,observed_reconstruction,mlp/pinn_statistical/vs_raw,whole_model_comparison,matched,spatial_mlp,raw_spatial_mlp,1391030,497540,v10,m s**-1,42.0,True,2.2737129444134783,2.192477064356688,-0.08123588005679006,-0.0370521002830313,-0.030033748677105065,
mlp,7,raw,pinn_statistical,joint,pinn_statistical,observed_reconstruction,mlp/pinn_statistical/vs_raw,whole_model_comparison,matched,spatial_mlp,raw_spatial_mlp,1391030,497540,v10,m s**-1,48.0,True,2.3772176221371617,2.303757478977455,-0.07346014315970661,-0.03188709915434007,-0.029671283748025856,
mlp,7,raw,pinn_statistical,joint,pinn_statistical,observed_reconstruction,mlp/pinn_statistical/vs_raw,whole_model_comparison,matched,spatial_mlp,raw_spatial_mlp,1391030,497540,v10,m s**-1,54.0,True,2.4706872842165533,2.411122063529057,-0.05956522068749637,-0.02470435719057429,-0.027199217348730098,
mlp,7,raw,pinn_statistical,joint,pinn_statistical,observed_reconstruction,mlp/pinn_statistical/vs_raw,whole_model_comparison,matched,spatial_mlp,raw_spatial_mlp,1391030,497540,v10,m s**-1,60.0,True,2.549796247993198,2.505893864279256,-0.04390238371394206,-0.017519650109590446,-0.022600866917157125,
mlp,7,raw,pinn_statistical,joint,pinn_statistical,observed_reconstruction,mlp/pinn_statistical/vs_raw,whole_model_comparison,matched,spatial_mlp,raw_spatial_mlp,1391030,497540,v10,m s**-1,66.0,True,2.617443227117259,2.5860683060834284,-0.03137492103383055,-0.012132286281852922,-0.018396833043216265,
mlp,7,raw,pinn_statistical,joint,pinn_statistical,observed_reconstruction,mlp/pinn_statistical/vs_raw,whole_model_comparison,matched,spatial_mlp,raw_spatial_mlp,1391030,497540,v10,m s**-1,72.0,True,2.673768820431422,2.6481682726196745,-0.025600547811747365,-0.009667266267193053,-0.015730237955704496,
mlp,7,raw,pinn_statistical,joint,pinn_statistical,observed_reconstruction,mlp/pinn_statistical/vs_raw,whole_model_comparison,matched,spatial_mlp,raw_spatial_mlp,1391030,497540,v10,m s**-1,78.0,True,2.7220119611052516,2.707578544709475,-0.014433416395776444,-0.005330747070654285,-0.010818574261119485,
mlp,7,raw,pinn_statistical,joint,pinn_statistical,observed_reconstruction,mlp/pinn_statistical/vs_raw,whole_model_comparison,matched,spatial_mlp,raw_spatial_mlp,1391030,497540,v10,m s**-1,84.0,True,2.765865480702966,2.7606098741140834,-0.005255606588882689,-0.0019037846086706889,-0.0061954175629163055,
mlp,7,raw,pinn_statistical,joint,pinn_statistical,observed_reconstruction,mlp/pinn_statistical/vs_raw,whole_model_comparison,matched,spatial_mlp,raw_spatial_mlp,1391030,497540,v10,m s**-1,90.0,True,2.8019550951956385,2.803153555060099,0.0011984598644603217,0.0004275398549954401,-0.002827749506855881,
mlp,7,raw,pinn_statistical,joint,pinn_statistical,observed_reconstruction,mlp/pinn_statistical/vs_raw,whole_model_comparison,matched,spatial_mlp,raw_spatial_mlp,1391030,497540,v10,m s**-1,96.0,True,2.8355658849510355,2.83411351501523,-0.001452369935805553,-0.000512460043717633,-0.0038278917036036475,
mlp,7,raw,pinn_statistical,joint,pinn_statistical,observed_reconstruction,mlp/pinn_statistical/vs_raw,whole_model_comparison,matched,spatial_mlp,raw_spatial_mlp,1391030,497540,v10,m s**-1,102.0,True,2.86073673972679,2.8655129267648,0.004776187038009638,0.001666782583110482,-0.0005965409977644609,
mlp,7,raw,pinn_statistical,joint,pinn_statistical,observed_reconstruction,mlp/pinn_statistical/vs_raw,whole_model_comparison,matched,spatial_mlp,raw_spatial_mlp,1391030,497540,v10,m s**-1,108.0,True,2.8874217567806517,2.8961337726468606,0.008712015866208844,0.003008153818201076,0.0013361536288078457,
mlp,7,raw,pinn_statistical,joint,pinn_statistical,observed_reconstruction,mlp/pinn_statistical/vs_raw,whole_model_comparison,matched,spatial_mlp,raw_spatial_mlp,1391030,497540,v10,m s**-1,114.0,True,2.9077984744786463,2.9190528629582646,0.011254388479618349,0.003855493205495719,0.002303660150880571,
mlp,7,raw,pinn_statistical,joint,pinn_statistical,observed_reconstruction,mlp/pinn_statistical/vs_raw,whole_model_comparison,matched,spatial_mlp,raw_spatial_mlp,1391030,497540,v10,m s**-1,120.0,True,2.928656760309025,2.9355133503514375,0.006856590042412236,0.0023357379865404093,-0.0006678600626395803,
mlp,7,raw,pinn_statistical:kl_entropy,joint,pinn_statistical,observed_reconstruction,mlp/pinn_statistical:kl_entropy/vs_raw,whole_model_comparison,matched,spatial_mlp,raw_spatial_mlp,1391030,497540,msl,Pa,6.0,True,237.60138607172084,178.34617003776103,-59.25521603395981,-0.332248323703356,-0.028216702606858712,
mlp,7,raw,pinn_statistical:kl_entropy,joint,pinn_statistical,observed_reconstruction,mlp/pinn_statistical:kl_entropy/vs_raw,whole_model_comparison,matched,spatial_mlp,raw_spatial_mlp,1391030,497540,msl,Pa,12.0,True,256.9845137172224,220.32042522165952,-36.66408849556288,-0.1664125714112794,-0.021733994348828944,
mlp,7,raw,pinn_statistical:kl_entropy,joint,pinn_statistical,observed_reconstruction,mlp/pinn_statistical:kl_entropy/vs_raw,whole_model_comparison,matched,spatial_mlp,raw_spatial_mlp,1391030,497540,msl,Pa,18.0,True,306.1708962789063,286.7780869714862,-19.392809307420123,-0.0676230513712448,-0.017567912886813475,
mlp,7,raw,pinn_statistical:kl_entropy,joint,pinn_statistical,observed_reconstruction,mlp/pinn_statistical:kl_entropy/vs_raw,whole_model_comparison,matched,spatial_mlp,raw_spatial_mlp,1391030,497540,msl,Pa,24.0,True,328.7416525151143,314.4804150262488,-14.261237488865504,-0.04534857119059432,-0.015041636260901492,
mlp,7,raw,pinn_statistical:kl_entropy,joint,pinn_statistical,observed_reconstruction,mlp/pinn_statistical:kl_entropy/vs_raw,whole_model_comparison,matched,spatial_mlp,raw_spatial_mlp,1391030,497540,msl,Pa,30.0,True,380.13592227790036,369.1193503358136,-11.016571942086784,-0.029845555189843775,-0.016701002171375712,
mlp,7,raw,pinn_statistical:kl_entropy,joint,pinn_statistical,observed_reconstruction,mlp/pinn_statistical:kl_entropy/vs_raw,whole_model_comparison,matched,spatial_mlp,raw_spatial_mlp,1391030,497540,msl,Pa,36.0,True,410.38390855776385,398.59091287940345,-11.792995678360398,-0.029586714842966044,-0.019188667970172935,
mlp,7,raw,pinn_statistical:kl_entropy,joint,pinn_statistical,observed_reconstruction,mlp/pinn_statistical:kl_entropy/vs_raw,whole_model_comparison,matched,spatial_mlp,raw_spatial_mlp,1391030,497540,msl,Pa,42.0,True,443.3372124973972,432.59086165197044,-10.746350845426775,-0.024841835087289654,-0.020849037532504888,
mlp,7,raw,pinn_statistical:kl_entropy,joint,pinn_statistical,observed_reconstruction,mlp/pinn_statistical:kl_entropy/vs_raw,whole_model_comparison,matched,spatial_mlp,raw_spatial_mlp,1391030,497540,msl,Pa,48.0,True,459.7449496829636,449.230917104806,-10.514032578157583,-0.02340451687056233,-0.020152075818784643,
mlp,7,raw,pinn_statistical:kl_entropy,joint,pinn_statistical,observed_reconstruction,mlp/pinn_statistical:kl_entropy/vs_raw,whole_model_comparison,matched,spatial_mlp,raw_spatial_mlp,1391030,497540,msl,Pa,54.0,True,489.03852288936173,481.87304461102707,-7.1654782783346604,-0.014870054173955038,-0.018536345443005975,
mlp,7,raw,pinn_statistical:kl_entropy,joint,pinn_statistical,observed_reconstruction,mlp/pinn_statistical:kl_entropy/vs_raw,whole_model_comparison,matched,spatial_mlp,raw_spatial_mlp,1391030,497540,msl,Pa,60.0,True,508.90968672903847,500.65677944720534,-8.252907281833131,-0.016484161646518558,-0.020881560787837206,
mlp,7,raw,pinn_statistical:kl_entropy,joint,pinn_statistical,observed_reconstruction,mlp/pinn_statistical:kl_entropy/vs_raw,whole_model_comparison,matched,spatial_mlp,raw_spatial_mlp,1391030,497540,msl,Pa,66.0,True,528.3058983020654,521.7105374915926,-6.595360810472812,-0.012641801030478739,-0.01938139261842886,
mlp,7,raw,pinn_statistical:kl_entropy,joint,pinn_statistical,observed_reconstruction,mlp/pinn_statistical:kl_entropy/vs_raw,whole_model_comparison,matched,spatial_mlp,raw_spatial_mlp,1391030,497540,msl,Pa,72.0,True,536.2707342309964,530.0841747410584,-6.186559489937963,-0.011670900179127308,-0.017188932565926462,
mlp,7,raw,pinn_statistical:kl_entropy,joint,pinn_statistical,observed_reconstruction,mlp/pinn_statistical:kl_entropy/vs_raw,whole_model_comparison,matched,spatial_mlp,raw_spatial_mlp,1391030,497540,msl,Pa,78.0,True,554.3188091800637,551.9952417623794,-2.3235674176843304,-0.004209397548909699,-0.011666511133071267,
mlp,7,raw,pinn_statistical:kl_entropy,joint,pinn_statistical,observed_reconstruction,mlp/pinn_statistical:kl_entropy/vs_raw,whole_model_comparison,matched,spatial_mlp,raw_spatial_mlp,1391030,497540,msl,Pa,84.0,True,565.9779255535645,563.5201455200533,-2.457780033511199,-0.004361476786678198,-0.011710611690165185,
mlp,7,raw,pinn_statistical:kl_entropy,joint,pinn_statistical,observed_reconstruction,mlp/pinn_statistical:kl_entropy/vs_raw,whole_model_comparison,matched,spatial_mlp,raw_spatial_mlp,1391030,497540,msl,Pa,90.0,True,579.0302496726537,577.1918947972607,-1.8383548753929517,-0.0031849977311941835,-0.010372336551272121,
mlp,7,raw,pinn_statistical:kl_entropy,joint,pinn_statistical,observed_reconstruction,mlp/pinn_statistical:kl_entropy/vs_raw,whole_model_comparison,matched,spatial_mlp,raw_spatial_mlp,1391030,497540,msl,Pa,96.0,True,581.4020460061445,580.1672877255286,-1.2347582806158925,-0.0021282797336896753,-0.007507422464500868,
mlp,7,raw,pinn_statistical:kl_entropy,joint,pinn_statistical,observed_reconstruction,mlp/pinn_statistical:kl_entropy/vs_raw,whole_model_comparison,matched,spatial_mlp,raw_spatial_mlp,1391030,497540,msl,Pa,102.0,True,594.0855000709881,596.1199162664315,2.0344161954433275,0.0034127633382644573,-0.0012183760434664181,
mlp,7,raw,pinn_statistical:kl_entropy,joint,pinn_statistical,observed_reconstruction,mlp/pinn_statistical:kl_entropy/vs_raw,whole_model_comparison,matched,spatial_mlp,raw_spatial_mlp,1391030,497540,msl,Pa,108.0,True,600.8974708585378,603.1159056288668,2.218434770329054,0.0036782892800943934,-0.0006844253209797313,
mlp,7,raw,pinn_statistical:kl_entropy,joint,pinn_statistical,observed_reconstruction,mlp/pinn_statistical:kl_entropy/vs_raw,whole_model_comparison,matched,spatial_mlp,raw_spatial_mlp,1391030,497540,msl,Pa,114.0,True,609.9059379472495,612.6408039714551,2.7348660242055303,0.0044640611700635935,0.0007536012556949023,
mlp,7,raw,pinn_statistical:kl_entropy,joint,pinn_statistical,observed_reconstruction,mlp/pinn_statistical:kl_entropy/vs_raw,whole_model_comparison,matched,spatial_mlp,raw_spatial_mlp,1391030,497540,msl,Pa,120.0,True,609.7092885003426,612.2295641683418,2.520275667999158,0.004116553357599972,0.0015712602043918555,
mlp,7,raw,pinn_statistical:kl_entropy,joint,pinn_statistical,observed_reconstruction,mlp/pinn_statistical:kl_entropy/vs_raw,whole_model_comparison,matched,spatial_mlp,raw_spatial_mlp,1391030,497540,t2m,K,6.0,True,2.6949622500510033,2.2707668919297985,-0.4241953581212048,-0.18680709130856887,-0.04855936634919811,
mlp,7,raw,pinn_statistical:kl_entropy,joint,pinn_statistical,observed_reconstruction,mlp/pinn_statistical:kl_entropy/vs_raw,whole_model_comparison,matched,spatial_mlp,raw_spatial_mlp,1391030,497540,t2m,K,12.0,True,3.114107243310968,2.848518337880661,-0.2655889054303069,-0.0932375621032191,-0.03599016032679536,
mlp,7,raw,pinn_statistical:kl_entropy,joint,pinn_statistical,observed_reconstruction,mlp/pinn_statistical:kl_entropy/vs_raw,whole_model_comparison,matched,spatial_mlp,raw_spatial_mlp,1391030,497540,t2m,K,18.0,True,2.548091830543957,2.3973164979025285,-0.1507753326414285,-0.06289337798048167,-0.020993644423728752,
mlp,7,raw,pinn_statistical:kl_entropy,joint,pinn_statistical,observed_reconstruction,mlp/pinn_statistical:kl_entropy/vs_raw,whole_model_comparison,matched,spatial_mlp,raw_spatial_mlp,1391030,497540,t2m,K,24.0,True,1.7675203010428924,1.6139775202144213,-0.15354278082847106,-0.09513315948048184,-0.016480873887312786,
mlp,7,raw,pinn_statistical:kl_entropy,joint,pinn_statistical,observed_reconstruction,mlp/pinn_statistical:kl_entropy/vs_raw,whole_model_comparison,matched,spatial_mlp,raw_spatial_mlp,1391030,497540,t2m,K,30.0,True,2.5750463797200003,2.4328247327257113,-0.14222164699428896,-0.0584594710342925,-0.024170632678718107,
mlp,7,raw,pinn_statistical:kl_entropy,joint,pinn_statistical,observed_reconstruction,mlp/pinn_statistical:kl_entropy/vs_raw,whole_model_comparison,matched,spatial_mlp,raw_spatial_mlp,1391030,497540,t2m,K,36.0,True,3.034486627045397,2.917600193608047,-0.11688643343735006,-0.04006252593944426,-0.02370688504530405,
mlp,7,raw,pinn_statistical:kl_entropy,joint,pinn_statistical,observed_reconstruction,mlp/pinn_statistical:kl_entropy/vs_raw,whole_model_comparison,matched,spatial_mlp,raw_spatial_mlp,1391030,497540,t2m,K,42.0,True,2.5665959695217495,2.538677321759072,-0.027918647762677384,-0.010997320346066042,-0.012492881281964685,
mlp,7,raw,pinn_statistical:kl_entropy,joint,pinn_statistical,observed_reconstruction,mlp/pinn_statistical:kl_entropy/vs_raw,whole_model_comparison,matched,spatial_mlp,raw_spatial_mlp,1391030,497540,t2m,K,48.0,True,1.916848613359244,1.91963876604027,0.0027901526810261146,0.0014534779826214095,-0.009307690547997072,
mlp,7,raw,pinn_statistical:kl_entropy,joint,pinn_statistical,observed_reconstruction,mlp/pinn_statistical:kl_entropy/vs_raw,whole_model_comparison,matched,spatial_mlp,raw_spatial_mlp,1391030,497540,t2m,K,54.0,True,2.664480849938804,2.620017339085902,-0.04446351085290212,-0.01697069335747803,-0.01874223222881144,
mlp,7,raw,pinn_statistical:kl_entropy,joint,pinn_statistical,observed_reconstruction,mlp/pinn_statistical:kl_entropy/vs_raw,whole_model_comparison,matched,spatial_mlp,raw_spatial_mlp,1391030,497540,t2m,K,60.0,True,3.097153430094024,3.050998786617398,-0.04615464347662579,-0.015127716103681799,-0.019285550661492512,
mlp,7,raw,pinn_statistical:kl_entropy,joint,pinn_statistical,observed_reconstruction,mlp/pinn_statistical:kl_entropy/vs_raw,whole_model_comparison,matched,spatial_mlp,raw_spatial_mlp,1391030,497540,t2m,K,66.0,True,2.6709487291035248,2.7051311097939483,0.034182380690423564,0.01263612716095941,-0.00893171409766691,
mlp,7,raw,pinn_statistical:kl_entropy,joint,pinn_statistical,observed_reconstruction,mlp/pinn_statistical:kl_entropy/vs_raw,whole_model_comparison,matched,spatial_mlp,raw_spatial_mlp,1391030,497540,t2m,K,72.0,True,2.0797283133184568,2.1639607966798198,0.08423248336136302,0.03892514295573257,-0.005640992848800708,
mlp,7,raw,pinn_statistical:kl_entropy,joint,pinn_statistical,observed_reconstruction,mlp/pinn_statistical:kl_entropy/vs_raw,whole_model_comparison,matched,spatial_mlp,raw_spatial_mlp,1391030,497540,t2m,K,78.0,True,2.7688798343073353,2.7892247437041746,0.020344909396839306,0.0072941090325409075,-0.015850169722616103,
mlp,7,raw,pinn_statistical:kl_entropy,joint,pinn_statistical,observed_reconstruction,mlp/pinn_statistical:kl_entropy/vs_raw,whole_model_comparison,matched,spatial_mlp,raw_spatial_mlp,1391030,497540,t2m,K,84.0,True,3.1743443650762604,3.180510444090482,0.006166079014221726,0.0019387073624230755,-0.016869042733982487,
mlp,7,raw,pinn_statistical:kl_entropy,joint,pinn_statistical,observed_reconstruction,mlp/pinn_statistical:kl_entropy/vs_raw,whole_model_comparison,matched,spatial_mlp,raw_spatial_mlp,1391030,497540,t2m,K,90.0,True,2.758488741110528,2.85405085487325,0.09556211376272206,0.03348297511922438,-0.0061217586227902965,
mlp,7,raw,pinn_statistical:kl_entropy,joint,pinn_statistical,observed_reconstruction,mlp/pinn_statistical:kl_entropy/vs_raw,whole_model_comparison,matched,spatial_mlp,raw_spatial_mlp,1391030,497540,t2m,K,96.0,True,2.193015006161277,2.362002823426402,0.1689878172651249,0.07154429096743642,-0.0025122178659913175,
mlp,7,raw,pinn_statistical:kl_entropy,joint,pinn_statistical,observed_reconstruction,mlp/pinn_statistical:kl_entropy/vs_raw,whole_model_comparison,matched,spatial_mlp,raw_spatial_mlp,1391030,497540,t2m,K,102.0,True,2.847769003221957,2.9494883839132653,0.10171938069130837,0.0344871270712892,-0.012030469185994708,
mlp,7,raw,pinn_statistical:kl_entropy,joint,pinn_statistical,observed_reconstruction,mlp/pinn_statistical:kl_entropy/vs_raw,whole_model_comparison,matched,spatial_mlp,raw_spatial_mlp,1391030,497540,t2m,K,108.0,True,3.238284940787263,3.3198896773625264,0.08160473657526346,0.02458055673708226,-0.013161792069102951,
mlp,7,raw,pinn_statistical:kl_entropy,joint,pinn_statistical,observed_reconstruction,mlp/pinn_statistical:kl_entropy/vs_raw,whole_model_comparison,matched,spatial_mlp,raw_spatial_mlp,1391030,497540,t2m,K,114.0,True,2.829134346467576,3.0103524243796365,0.18121807791206024,0.06019829321126913,-0.002448900204058635,
mlp,7,raw,pinn_statistical:kl_entropy,joint,pinn_statistical,observed_reconstruction,mlp/pinn_statistical:kl_entropy/vs_raw,whole_model_comparison,matched,spatial_mlp,raw_spatial_mlp,1391030,497540,t2m,K,120.0,True,2.284263335294338,2.5650545251251096,0.2807911898307718,0.10946792244779913,0.0015499726370600264,
mlp,7,raw,pinn_statistical:kl_entropy,joint,pinn_statistical,observed_reconstruction,mlp/pinn_statistical:kl_entropy/vs_raw,whole_model_comparison,matched,spatial_mlp,raw_spatial_mlp,1391030,497540,u10,m s**-1,6.0,True,1.2165848046824046,0.8201897724552362,-0.39639503222716843,-0.48329672661067313,-0.04868640306240779,
mlp,7,raw,pinn_statistical:kl_entropy,joint,pinn_statistical,observed_reconstruction,mlp/pinn_statistical:kl_entropy/vs_raw,whole_model_comparison,matched,spatial_mlp,raw_spatial_mlp,1391030,497540,u10,m s**-1,12.0,True,1.3582936500377123,1.115232276621622,-0.24306137341609024,-0.21794686049833234,-0.03732542515386639,
mlp,7,raw,pinn_statistical:kl_entropy,joint,pinn_statistical,observed_reconstruction,mlp/pinn_statistical:kl_entropy/vs_raw,whole_model_comparison,matched,spatial_mlp,raw_spatial_mlp,1391030,497540,u10,m s**-1,18.0,True,1.5403459199444667,1.3486949124804806,-0.1916510074639861,-0.14210108282495648,-0.03594275379320122,
mlp,7,raw,pinn_statistical:kl_entropy,joint,pinn_statistical,observed_reconstruction,mlp/pinn_statistical:kl_entropy/vs_raw,whole_model_comparison,matched,spatial_mlp,raw_spatial_mlp,1391030,497540,u10,m s**-1,24.0,True,1.6849187278482016,1.5131360106920324,-0.17178271715616922,-0.11352761149184754,-0.03714293877067598,
mlp,7,raw,pinn_statistical:kl_entropy,joint,pinn_statistical,observed_reconstruction,mlp/pinn_statistical:kl_entropy/vs_raw,whole_model_comparison,matched,spatial_mlp,raw_spatial_mlp,1391030,497540,u10,m s**-1,30.0,True,1.8513629682513046,1.7076147293324573,-0.14374823891884736,-0.08418072089073725,-0.03757326778246961,
mlp,7,raw,pinn_statistical:kl_entropy,joint,pinn_statistical,observed_reconstruction,mlp/pinn_statistical:kl_entropy/vs_raw,whole_model_comparison,matched,spatial_mlp,raw_spatial_mlp,1391030,497540,u10,m s**-1,36.0,True,1.9829775419881877,1.8623851837539063,-0.12059235823428138,-0.0647515665858176,-0.03676708050120803,
mlp,7,raw,pinn_statistical:kl_entropy,joint,pinn_statistical,observed_reconstruction,mlp/pinn_statistical:kl_entropy/vs_raw,whole_model_comparison,matched,spatial_mlp,raw_spatial_mlp,1391030,497540,u10,m s**-1,42.0,True,2.0995463786846176,1.9944688445954242,-0.1050775340891934,-0.05268447004019672,-0.037146830139664466,
mlp,7,raw,pinn_statistical:kl_entropy,joint,pinn_statistical,observed_reconstruction,mlp/pinn_statistical:kl_entropy/vs_raw,whole_model_comparison,matched,spatial_mlp,raw_spatial_mlp,1391030,497540,u10,m s**-1,48.0,True,2.187139793959124,2.0945973948509895,-0.09254239910813444,-0.04418147341137035,-0.036692806560525426,
mlp,7,raw,pinn_statistical:kl_entropy,joint,pinn_statistical,observed_reconstruction,mlp/pinn_statistical:kl_entropy/vs_raw,whole_model_comparison,matched,spatial_mlp,raw_spatial_mlp,1391030,497540,u10,m s**-1,54.0,True,2.2783346163878204,2.207876101343161,-0.07045851504465928,-0.03191235006429749,-0.03373855380576052,
mlp,7,raw,pinn_statistical:kl_entropy,joint,pinn_statistical,observed_reconstruction,mlp/pinn_statistical:kl_entropy/vs_raw,whole_model_comparison,matched,spatial_mlp,raw_spatial_mlp,1391030,497540,u10,m s**-1,60.0,True,2.353171806066277,2.299320557698116,-0.05385124836816102,-0.02342050489126768,-0.03042790618166813,
mlp,7,raw,pinn_statistical:kl_entropy,joint,pinn_statistical,observed_reconstruction,mlp/pinn_statistical:kl_entropy/vs_raw,whole_model_comparison,matched,spatial_mlp,raw_spatial_mlp,1391030,497540,u10,m s**-1,66.0,True,2.4238688951670126,2.381107115405528,-0.042761779761484764,-0.01795878038615739,-0.02855814149699798,
mlp,7,raw,pinn_statistical:kl_entropy,joint,pinn_statistical,observed_reconstruction,mlp/pinn_statistical:kl_entropy/vs_raw,whole_model_comparison,matched,spatial_mlp,raw_spatial_mlp,1391030,497540,u10,m s**-1,72.0,True,2.4733866231781865,2.436548016436041,-0.03683860674214534,-0.015119179467691923,-0.027403578877615797,
mlp,7,raw,pinn_statistical:kl_entropy,joint,pinn_statistical,observed_reconstruction,mlp/pinn_statistical:kl_entropy/vs_raw,whole_model_comparison,matched,spatial_mlp,raw_spatial_mlp,1391030,497540,u10,m s**-1,78.0,True,2.527394822920802,2.5054437558687432,-0.021951067052058626,-0.008761348962889492,-0.023460316533132408,
mlp,7,raw,pinn_statistical:kl_entropy,joint,pinn_statistical,observed_reconstruction,mlp/pinn_statistical:kl_entropy/vs_raw,whole_model_comparison,matched,spatial_mlp,raw_spatial_mlp,1391030,497540,u10,m s**-1,84.0,True,2.569143766910445,2.55680497646667,-0.01233879044377506,-0.0048258629646547035,-0.01991538116218483,
mlp,7,raw,pinn_statistical:kl_entropy,joint,pinn_statistical,observed_reconstruction,mlp/pinn_statistical:kl_entropy/vs_raw,whole_model_comparison,matched,spatial_mlp,raw_spatial_mlp,1391030,497540,u10,m s**-1,90.0,True,2.614564767411405,2.607435473086071,-0.007129294325334268,-0.0027342169725474985,-0.018407762655875404,
mlp,7,raw,pinn_statistical:kl_entropy,joint,pinn_statistical,observed_reconstruction,mlp/pinn_statistical:kl_entropy/vs_raw,whole_model_comparison,matched,spatial_mlp,raw_spatial_mlp,1391030,497540,u10,m s**-1,96.0,True,2.6409276330587277,2.634812562960968,-0.006115070097759467,-0.002320874806702511,-0.018321094147191186,
mlp,7,raw,pinn_statistical:kl_entropy,joint,pinn_statistical,observed_reconstruction,mlp/pinn_statistical:kl_entropy/vs_raw,whole_model_comparison,matched,spatial_mlp,raw_spatial_mlp,1391030,497540,u10,m s**-1,102.0,True,2.6743824807444243,2.6786590449045717,0.004276564160147434,0.0015965317304128535,-0.014842793352831951,
mlp,7,raw,pinn_statistical:kl_entropy,joint,pinn_statistical,observed_reconstruction,mlp/pinn_statistical:kl_entropy/vs_raw,whole_model_comparison,matched,spatial_mlp,raw_spatial_mlp,1391030,497540,u10,m s**-1,108.0,True,2.6978432209949457,2.707388135956575,0.009544914961629125,0.0035255066810938596,-0.012556836753531808,
mlp,7,raw,pinn_statistical:kl_entropy,joint,pinn_statistical,observed_reconstruction,mlp/pinn_statistical:kl_entropy/vs_raw,whole_model_comparison,matched,spatial_mlp,raw_spatial_mlp,1391030,497540,u10,m s**-1,114.0,True,2.7285182452203114,2.741511352557857,0.012993107337545773,0.004739395780879452,-0.011418670184405733,
mlp,7,raw,pinn_statistical:kl_entropy,joint,pinn_statistical,observed_reconstruction,mlp/pinn_statistical:kl_entropy/vs_raw,whole_model_comparison,matched,spatial_mlp,raw_spatial_mlp,1391030,497540,u10,m s**-1,120.0,True,2.7435206399460315,2.754151443314559,0.01063080336852762,0.0038599196839130823,-0.013380383208244861,
mlp,7,raw,pinn_statistical:kl_entropy,joint,pinn_statistical,observed_reconstruction,mlp/pinn_statistical:kl_entropy/vs_raw,whole_model_comparison,matched,spatial_mlp,raw_spatial_mlp,1391030,497540,v10,m s**-1,6.0,True,1.345338612883252,0.8912217167417976,-0.45411689614145445,-0.5095442442781273,-0.05758674792283802,
mlp,7,raw,pinn_statistical:kl_entropy,joint,pinn_statistical,observed_reconstruction,mlp/pinn_statistical:kl_entropy/vs_raw,whole_model_comparison,matched,spatial_mlp,raw_spatial_mlp,1391030,497540,v10,m s**-1,12.0,True,1.4809973357836765,1.2357584086367146,-0.24523892714696194,-0.19845216138768484,-0.03972725548323319,
mlp,7,raw,pinn_statistical:kl_entropy,joint,pinn_statistical,observed_reconstruction,mlp/pinn_statistical:kl_entropy/vs_raw,whole_model_comparison,matched,spatial_mlp,raw_spatial_mlp,1391030,497540,v10,m s**-1,18.0,True,1.665038366137555,1.495724636709601,-0.16931372942795386,-0.11319846265314037,-0.033691464880675204,
mlp,7,raw,pinn_statistical:kl_entropy,joint,pinn_statistical,observed_reconstruction,mlp/pinn_statistical:kl_entropy/vs_raw,whole_model_comparison,matched,spatial_mlp,raw_spatial_mlp,1391030,497540,v10,m s**-1,24.0,True,1.8327764372205442,1.6933616295524228,-0.13941480766812142,-0.08233020356376586,-0.03241770445911474,
mlp,7,raw,pinn_statistical:kl_entropy,joint,pinn_statistical,observed_reconstruction,mlp/pinn_statistical:kl_entropy/vs_raw,whole_model_comparison,matched,spatial_mlp,raw_spatial_mlp,1391030,497540,v10,m s**-1,30.0,True,2.0042410949283695,1.889963094928474,-0.11427799999989552,-0.060465730948159324,-0.03180783656563724,
mlp,7,raw,pinn_statistical:kl_entropy,joint,pinn_statistical,observed_reconstruction,mlp/pinn_statistical:kl_entropy/vs_raw,whole_model_comparison,matched,spatial_mlp,raw_spatial_mlp,1391030,497540,v10,m s**-1,36.0,True,2.153549294317797,2.054615066816104,-0.09893422750169334,-0.04815219604857912,-0.03198813548434698,
mlp,7,raw,pinn_statistical:kl_entropy,joint,pinn_statistical,observed_reconstruction,mlp/pinn_statistical:kl_entropy/vs_raw,whole_model_comparison,matched,spatial_mlp,raw_spatial_mlp,1391030,497540,v10,m s**-1,42.0,True,2.2789900489401824,2.192477064356688,-0.08651298458349421,-0.039459014641450185,-0.03210826578554615,
mlp,7,raw,pinn_statistical:kl_entropy,joint,pinn_statistical,observed_reconstruction,mlp/pinn_statistical:kl_entropy/vs_raw,whole_model_comparison,matched,spatial_mlp,raw_spatial_mlp,1391030,497540,v10,m s**-1,48.0,True,2.38498314139788,2.303757478977455,-0.08122566242042506,-0.035257905036287784,-0.032804302583861134,
mlp,7,raw,pinn_statistical:kl_entropy,joint,pinn_statistical,observed_reconstruction,mlp/pinn_statistical:kl_entropy/vs_raw,whole_model_comparison,matched,spatial_mlp,raw_spatial_mlp,1391030,497540,v10,m s**-1,54.0,True,2.4778493485206234,2.411122063529057,-0.06672728499156655,-0.027674785113906974,-0.030414925724236763,
mlp,7,raw,pinn_statistical:kl_entropy,joint,pinn_statistical,observed_reconstruction,mlp/pinn_statistical:kl_entropy/vs_raw,whole_model_comparison,matched,spatial_mlp,raw_spatial_mlp,1391030,497540,v10,m s**-1,60.0,True,2.5589411716659605,2.505893864279256,-0.05304730738670438,-0.021169016031715282,-0.026738910755280232,
mlp,7,raw,pinn_statistical:kl_entropy,joint,pinn_statistical,observed_reconstruction,mlp/pinn_statistical:kl_entropy/vs_raw,whole_model_comparison,matched,spatial_mlp,raw_spatial_mlp,1391030,497540,v10,m s**-1,66.0,True,2.626364844390689,2.5860683060834284,-0.040296538307260654,-0.015582163167333185,-0.022684925293072977,
mlp,7,raw,pinn_statistical:kl_entropy,joint,pinn_statistical,observed_reconstruction,mlp/pinn_statistical:kl_entropy/vs_raw,whole_model_comparison,matched,spatial_mlp,raw_spatial_mlp,1391030,497540,v10,m s**-1,72.0,True,2.6836979705110506,2.6481682726196745,-0.035529697891376166,-0.01341670703434139,-0.020522350939205625,
mlp,7,raw,pinn_statistical:kl_entropy,joint,pinn_statistical,observed_reconstruction,mlp/pinn_statistical:kl_entropy/vs_raw,whole_model_comparison,matched,spatial_mlp,raw_spatial_mlp,1391030,497540,v10,m s**-1,78.0,True,2.7313893262333546,2.707578544709475,-0.0238107815238795,-0.008794124022885708,-0.015516253621213949,
mlp,7,raw,pinn_statistical:kl_entropy,joint,pinn_statistical,observed_reconstruction,mlp/pinn_statistical:kl_entropy/vs_raw,whole_model_comparison,matched,spatial_mlp,raw_spatial_mlp,1391030,497540,v10,m s**-1,84.0,True,2.775572883191832,2.7606098741140834,-0.014963009077748612,-0.0054201824089867845,-0.010960998578101622,
mlp,7,raw,pinn_statistical:kl_entropy,joint,pinn_statistical,observed_reconstruction,mlp/pinn_statistical:kl_entropy/vs_raw,whole_model_comparison,matched,spatial_mlp,raw_spatial_mlp,1391030,497540,v10,m s**-1,90.0,True,2.8110379668185033,2.803153555060099,-0.007884411758404486,-0.0028126934909333823,-0.007399660909364281,
mlp,7,raw,pinn_statistical:kl_entropy,joint,pinn_statistical,observed_reconstruction,mlp/pinn_statistical:kl_entropy/vs_raw,whole_model_comparison,matched,spatial_mlp,raw_spatial_mlp,1391030,497540,v10,m s**-1,96.0,True,2.8436731730277875,2.83411351501523,-0.009559658012557648,-0.003373068143498914,-0.007776592220071932,
mlp,7,raw,pinn_statistical:kl_entropy,joint,pinn_statistical,observed_reconstruction,mlp/pinn_statistical:kl_entropy/vs_raw,whole_model_comparison,matched,spatial_mlp,raw_spatial_mlp,1391030,497540,v10,m s**-1,102.0,True,2.867880939891162,2.8655129267648,-0.002368013126362367,-0.0008263836830901816,-0.0040881899508768416,
mlp,7,raw,pinn_statistical:kl_entropy,joint,pinn_statistical,observed_reconstruction,mlp/pinn_statistical:kl_entropy/vs_raw,whole_model_comparison,matched,spatial_mlp,raw_spatial_mlp,1391030,497540,v10,m s**-1,108.0,True,2.8939301563036426,2.8961337726468606,0.0022036163432179734,0.0007608820987589082,-0.0016152036442009798,
mlp,7,raw,pinn_statistical:kl_entropy,joint,pinn_statistical,observed_reconstruction,mlp/pinn_statistical:kl_entropy/vs_raw,whole_model_comparison,matched,spatial_mlp,raw_spatial_mlp,1391030,497540,v10,m s**-1,114.0,True,2.913460566504511,2.9190528629582646,0.005592296453753587,0.0019157914283491895,-0.00015330026888432657,
mlp,7,raw,pinn_statistical:kl_entropy,joint,pinn_statistical,observed_reconstruction,mlp/pinn_statistical:kl_entropy/vs_raw,whole_model_comparison,matched,spatial_mlp,raw_spatial_mlp,1391030,497540,v10,m s**-1,120.0,True,2.9331224442737596,2.9355133503514375,0.00239090607767789,0.0008144763086809226,-0.0021635138777923446,
neural_ode,7,raw,pinn_statistical,joint,pinn_statistical,observed_reconstruction,neural_ode/pinn_statistical/vs_raw,whole_model_comparison,matched,spatial_neural_ode,raw_spatial_neural_ode,1391030,497540,msl,Pa,6.0,True,235.07657234104954,179.5226932522062,-55.55387908884333,-0.3094532400469132,-0.026864621722940463,
neural_ode,7,raw,pinn_statistical,joint,pinn_statistical,observed_reconstruction,neural_ode/pinn_statistical/vs_raw,whole_model_comparison,matched,spatial_neural_ode,raw_spatial_neural_ode,1391030,497540,msl,Pa,12.0,True,252.9033954290552,221.76981519910797,-31.133580229947228,-0.14038691515342183,-0.019856793775485215,
neural_ode,7,raw,pinn_statistical,joint,pinn_statistical,observed_reconstruction,neural_ode/pinn_statistical/vs_raw,whole_model_comparison,matched,spatial_neural_ode,raw_spatial_neural_ode,1391030,497540,msl,Pa,18.0,True,301.86565980627296,289.817859001453,-12.047800804819985,-0.04157024983322222,-0.014572773127718208,
neural_ode,7,raw,pinn_statistical,joint,pinn_statistical,observed_reconstruction,neural_ode/pinn_statistical/vs_raw,whole_model_comparison,matched,spatial_neural_ode,raw_spatial_neural_ode,1391030,497540,msl,Pa,24.0,True,325.42482755003044,318.0938236750846,-7.33100387494585,-0.02304667154566964,-0.012803337096428224,
neural_ode,7,raw,pinn_statistical,joint,pinn_statistical,observed_reconstruction,neural_ode/pinn_statistical/vs_raw,whole_model_comparison,matched,spatial_neural_ode,raw_spatial_neural_ode,1391030,497540,msl,Pa,30.0,True,377.11741512940176,373.5621760675492,-3.5552390618525465,-0.00951712804352467,-0.013672356975479638,
neural_ode,7,raw,pinn_statistical,joint,pinn_statistical,observed_reconstruction,neural_ode/pinn_statistical/vs_raw,whole_model_comparison,matched,spatial_neural_ode,raw_spatial_neural_ode,1391030,497540,msl,Pa,36.0,True,408.2663732166389,402.91115894555713,-5.355214271081763,-0.013291302939081318,-0.017035585404845288,
neural_ode,7,raw,pinn_statistical,joint,pinn_statistical,observed_reconstruction,neural_ode/pinn_statistical/vs_raw,whole_model_comparison,matched,spatial_neural_ode,raw_spatial_neural_ode,1391030,497540,msl,Pa,42.0,True,440.7330730274581,436.8398335951143,-3.893239432343762,-0.008912281190804228,-0.0177569688077156,
neural_ode,7,raw,pinn_statistical,joint,pinn_statistical,observed_reconstruction,neural_ode/pinn_statistical/vs_raw,whole_model_comparison,matched,spatial_neural_ode,raw_spatial_neural_ode,1391030,497540,msl,Pa,48.0,True,457.8411002069268,453.2598518759539,-4.581248330972869,-0.010107333160022769,-0.017744510225847332,
neural_ode,7,raw,pinn_statistical,joint,pinn_statistical,observed_reconstruction,neural_ode/pinn_statistical/vs_raw,whole_model_comparison,matched,spatial_neural_ode,raw_spatial_neural_ode,1391030,497540,msl,Pa,54.0,True,487.6021551366631,485.72111781121316,-1.8810373254499382,-0.0038726694320527777,-0.01634614449973293,
neural_ode,7,raw,pinn_statistical,joint,pinn_statistical,observed_reconstruction,neural_ode/pinn_statistical/vs_raw,whole_model_comparison,matched,spatial_neural_ode,raw_spatial_neural_ode,1391030,497540,msl,Pa,60.0,True,507.70838928103495,504.1234762273543,-3.5849130536806797,-0.007111180539554729,-0.018937944056653833,
neural_ode,7,raw,pinn_statistical,joint,pinn_statistical,observed_reconstruction,neural_ode/pinn_statistical/vs_raw,whole_model_comparison,matched,spatial_neural_ode,raw_spatial_neural_ode,1391030,497540,msl,Pa,66.0,True,526.6201898894282,524.8403318476086,-1.7798580418195797,-0.003391237170272232,-0.016592277282327372,
neural_ode,7,raw,pinn_statistical,joint,pinn_statistical,observed_reconstruction,neural_ode/pinn_statistical/vs_raw,whole_model_comparison,matched,spatial_neural_ode,raw_spatial_neural_ode,1391030,497540,msl,Pa,72.0,True,534.7902501816721,533.0284510892757,-1.7617990923964726,-0.003305262765610495,-0.014323456141589697,
neural_ode,7,raw,pinn_statistical,joint,pinn_statistical,observed_reconstruction,neural_ode/pinn_statistical/vs_raw,whole_model_comparison,matched,spatial_neural_ode,raw_spatial_neural_ode,1391030,497540,msl,Pa,78.0,True,553.5423706063788,554.8872299099266,1.344859303547878,0.0024236623786894063,-0.009577013256917843,
neural_ode,7,raw,pinn_statistical,joint,pinn_statistical,observed_reconstruction,neural_ode/pinn_statistical/vs_raw,whole_model_comparison,matched,spatial_neural_ode,raw_spatial_neural_ode,1391030,497540,msl,Pa,84.0,True,565.2376979926702,566.3245173623844,1.0868193697142488,0.001919075258786318,-0.009312940338669806,
neural_ode,7,raw,pinn_statistical,joint,pinn_statistical,observed_reconstruction,neural_ode/pinn_statistical/vs_raw,whole_model_comparison,matched,spatial_neural_ode,raw_spatial_neural_ode,1391030,497540,msl,Pa,90.0,True,577.9600408475193,579.9440540192077,1.9840131716883889,0.003421042353893511,-0.006944171307730951,
neural_ode,7,raw,pinn_statistical,joint,pinn_statistical,observed_reconstruction,neural_ode/pinn_statistical/vs_raw,whole_model_comparison,matched,spatial_neural_ode,raw_spatial_neural_ode,1391030,497540,msl,Pa,96.0,True,580.7489343764119,582.9127589243974,2.1638245479855414,0.0037120898708380423,-0.004143194444000908,
neural_ode,7,raw,pinn_statistical,joint,pinn_statistical,observed_reconstruction,neural_ode/pinn_statistical/vs_raw,whole_model_comparison,matched,spatial_neural_ode,raw_spatial_neural_ode,1391030,497540,msl,Pa,102.0,True,594.2214667656837,598.958904918704,4.737438153020321,0.007909454411840322,0.0012204246098757032,
neural_ode,7,raw,pinn_statistical,joint,pinn_statistical,observed_reconstruction,neural_ode/pinn_statistical/vs_raw,whole_model_comparison,matched,spatial_neural_ode,raw_spatial_neural_ode,1391030,497540,msl,Pa,108.0,True,601.148772957953,605.9913597828308,4.842586824877799,0.00799118130432297,0.0021220071221217385,
neural_ode,7,raw,pinn_statistical,joint,pinn_statistical,observed_reconstruction,neural_ode/pinn_statistical/vs_raw,whole_model_comparison,matched,spatial_neural_ode,raw_spatial_neural_ode,1391030,497540,msl,Pa,114.0,True,610.0216026129071,615.557448580059,5.535845967151886,0.008993223914228854,0.004431855315920719,
neural_ode,7,raw,pinn_statistical,joint,pinn_statistical,observed_reconstruction,neural_ode/pinn_statistical/vs_raw,whole_model_comparison,matched,spatial_neural_ode,raw_spatial_neural_ode,1391030,497540,msl,Pa,120.0,True,610.1366859098673,615.135007073295,4.998321163427704,0.008125567730584593,0.0053270893780986706,
neural_ode,7,raw,pinn_statistical,joint,pinn_statistical,observed_reconstruction,neural_ode/pinn_statistical/vs_raw,whole_model_comparison,matched,spatial_neural_ode,raw_spatial_neural_ode,1391030,497540,t2m,K,6.0,True,2.6345452221409125,2.2776669237744973,-0.35687829836641516,-0.15668590286019723,-0.043889943393979114,
neural_ode,7,raw,pinn_statistical,joint,pinn_statistical,observed_reconstruction,neural_ode/pinn_statistical/vs_raw,whole_model_comparison,matched,spatial_neural_ode,raw_spatial_neural_ode,1391030,497540,t2m,K,12.0,True,3.0645730210991,2.890378694633407,-0.1741943264656931,-0.06026695629507706,-0.02812216997558925,
neural_ode,7,raw,pinn_statistical,joint,pinn_statistical,observed_reconstruction,neural_ode/pinn_statistical/vs_raw,whole_model_comparison,matched,spatial_neural_ode,raw_spatial_neural_ode,1391030,497540,t2m,K,18.0,True,2.5219590506703002,2.424072302641624,-0.09788674802867625,-0.0403811173132107,-0.018091553343052902,
neural_ode,7,raw,pinn_statistical,joint,pinn_statistical,observed_reconstruction,neural_ode/pinn_statistical/vs_raw,whole_model_comparison,matched,spatial_neural_ode,raw_spatial_neural_ode,1391030,497540,t2m,K,24.0,True,1.7492287917316633,1.6665305962294843,-0.08269819550217905,-0.04962296863272919,-0.014267688236362264,
neural_ode,7,raw,pinn_statistical,joint,pinn_statistical,observed_reconstruction,neural_ode/pinn_statistical/vs_raw,whole_model_comparison,matched,spatial_neural_ode,raw_spatial_neural_ode,1391030,497540,t2m,K,30.0,True,2.540928753749226,2.491484492740299,-0.04944426100892718,-0.019845301527261494,-0.015947207196426616,
neural_ode,7,raw,pinn_statistical,joint,pinn_statistical,observed_reconstruction,neural_ode/pinn_statistical/vs_raw,whole_model_comparison,matched,spatial_neural_ode,raw_spatial_neural_ode,1391030,497540,t2m,K,36.0,True,3.018751438555144,2.9602674575789987,-0.05848398097614549,-0.019756316553902087,-0.016868714360781523,
neural_ode,7,raw,pinn_statistical,joint,pinn_statistical,observed_reconstruction,neural_ode/pinn_statistical/vs_raw,whole_model_comparison,matched,spatial_neural_ode,raw_spatial_neural_ode,1391030,497540,t2m,K,42.0,True,2.5586708412290524,2.57571880382954,0.017047962600487576,0.006618720403462119,-0.008470133902735322,
neural_ode,7,raw,pinn_statistical,joint,pinn_statistical,observed_reconstruction,neural_ode/pinn_statistical/vs_raw,whole_model_comparison,matched,spatial_neural_ode,raw_spatial_neural_ode,1391030,497540,t2m,K,48.0,True,1.913394850171748,1.9627368275860775,0.04934197741432955,0.02513937514231801,-0.00835773628749159,
neural_ode,7,raw,pinn_statistical,joint,pinn_statistical,observed_reconstruction,neural_ode/pinn_statistical/vs_raw,whole_model_comparison,matched,spatial_neural_ode,raw_spatial_neural_ode,1391030,497540,t2m,K,54.0,True,2.6416782749738874,2.664346026595317,0.022667751621429755,0.008507810695443374,-0.012916128678183036,
neural_ode,7,raw,pinn_statistical,joint,pinn_statistical,observed_reconstruction,neural_ode/pinn_statistical/vs_raw,whole_model_comparison,matched,spatial_neural_ode,raw_spatial_neural_ode,1391030,497540,t2m,K,60.0,True,3.0879399057510275,3.085796925647604,-0.0021429801034233975,-0.0006944656939709137,-0.013846088659426603,
neural_ode,7,raw,pinn_statistical,joint,pinn_statistical,observed_reconstruction,neural_ode/pinn_statistical/vs_raw,whole_model_comparison,matched,spatial_neural_ode,raw_spatial_neural_ode,1391030,497540,t2m,K,66.0,True,2.6680592400315204,2.732969162969083,0.06490992293756248,0.023750697160097034,-0.006342167035540358,
neural_ode,7,raw,pinn_statistical,joint,pinn_statistical,observed_reconstruction,neural_ode/pinn_statistical/vs_raw,whole_model_comparison,matched,spatial_neural_ode,raw_spatial_neural_ode,1391030,497540,t2m,K,72.0,True,2.0912330673048407,2.1900226559816045,0.0987895886767638,0.04510893456144849,-0.008004491207006192,
neural_ode,7,raw,pinn_statistical,joint,pinn_statistical,observed_reconstruction,neural_ode/pinn_statistical/vs_raw,whole_model_comparison,matched,spatial_neural_ode,raw_spatial_neural_ode,1391030,497540,t2m,K,78.0,True,2.761531850904245,2.8229446801906493,0.061412829286404236,0.021754882310430768,-0.01238888735246979,
neural_ode,7,raw,pinn_statistical,joint,pinn_statistical,observed_reconstruction,neural_ode/pinn_statistical/vs_raw,whole_model_comparison,matched,spatial_neural_ode,raw_spatial_neural_ode,1391030,497540,t2m,K,84.0,True,3.1791035073997174,3.2088270114200634,0.02972350402034607,0.009263043446892438,-0.01247798245325038,
neural_ode,7,raw,pinn_statistical,joint,pinn_statistical,observed_reconstruction,neural_ode/pinn_statistical/vs_raw,whole_model_comparison,matched,spatial_neural_ode,raw_spatial_neural_ode,1391030,497540,t2m,K,90.0,True,2.7765357750955473,2.8732412457895653,0.09670547069401803,0.033657274980209095,-0.00569938995942576,
neural_ode,7,raw,pinn_statistical,joint,pinn_statistical,observed_reconstruction,neural_ode/pinn_statistical/vs_raw,whole_model_comparison,matched,spatial_neural_ode,raw_spatial_neural_ode,1391030,497540,t2m,K,96.0,True,2.235885667858148,2.3734480580154287,0.13756239015728067,0.057958879568784094,-0.008747906728402755,
neural_ode,7,raw,pinn_statistical,joint,pinn_statistical,observed_reconstruction,neural_ode/pinn_statistical/vs_raw,whole_model_comparison,matched,spatial_neural_ode,raw_spatial_neural_ode,1391030,497540,t2m,K,102.0,True,2.8641675635886044,2.9730158081593934,0.10884824457078901,0.036612063841724884,-0.011087999833915063,
neural_ode,7,raw,pinn_statistical,joint,pinn_statistical,observed_reconstruction,neural_ode/pinn_statistical/vs_raw,whole_model_comparison,matched,spatial_neural_ode,raw_spatial_neural_ode,1391030,497540,t2m,K,108.0,True,3.263635166168683,3.340290918698537,0.07665575252985368,0.02294882523577335,-0.010216153726569921,
neural_ode,7,raw,pinn_statistical,joint,pinn_statistical,observed_reconstruction,neural_ode/pinn_statistical/vs_raw,whole_model_comparison,matched,spatial_neural_ode,raw_spatial_neural_ode,1391030,497540,t2m,K,114.0,True,2.8773906906150604,3.019820469774006,0.14242977915894572,0.047164982350624496,-0.005138349261218256,
neural_ode,7,raw,pinn_statistical,joint,pinn_statistical,observed_reconstruction,neural_ode/pinn_statistical/vs_raw,whole_model_comparison,matched,spatial_neural_ode,raw_spatial_neural_ode,1391030,497540,t2m,K,120.0,True,2.364622609968766,2.5612804792759722,0.1966578693072063,0.0767810752857484,-0.009076670316235491,
neural_ode,7,raw,pinn_statistical,joint,pinn_statistical,observed_reconstruction,neural_ode/pinn_statistical/vs_raw,whole_model_comparison,matched,spatial_neural_ode,raw_spatial_neural_ode,1391030,497540,u10,m s**-1,6.0,True,1.2100871158986524,0.8197488482892756,-0.39033826760937673,-0.4761681195697549,-0.04748683897234951,
neural_ode,7,raw,pinn_statistical,joint,pinn_statistical,observed_reconstruction,neural_ode/pinn_statistical/vs_raw,whole_model_comparison,matched,spatial_neural_ode,raw_spatial_neural_ode,1391030,497540,u10,m s**-1,12.0,True,1.343902348969702,1.1192456672528923,-0.22465668171680964,-0.2007215111837004,-0.03459900385519554,
neural_ode,7,raw,pinn_statistical,joint,pinn_statistical,observed_reconstruction,neural_ode/pinn_statistical/vs_raw,whole_model_comparison,matched,spatial_neural_ode,raw_spatial_neural_ode,1391030,497540,u10,m s**-1,18.0,True,1.5271270533628267,1.3594730077698076,-0.1676540455930191,-0.12332282041263376,-0.03212665815981797,
neural_ode,7,raw,pinn_statistical,joint,pinn_statistical,observed_reconstruction,neural_ode/pinn_statistical/vs_raw,whole_model_comparison,matched,spatial_neural_ode,raw_spatial_neural_ode,1391030,497540,u10,m s**-1,24.0,True,1.6745573087558876,1.5264010297199142,-0.1481562790359734,-0.09706248630031333,-0.03330335202479873,
neural_ode,7,raw,pinn_statistical,joint,pinn_statistical,observed_reconstruction,neural_ode/pinn_statistical/vs_raw,whole_model_comparison,matched,spatial_neural_ode,raw_spatial_neural_ode,1391030,497540,u10,m s**-1,30.0,True,1.8439782210282567,1.726728398334537,-0.11724982269371975,-0.06790287505945325,-0.033315643756367086,
neural_ode,7,raw,pinn_statistical,joint,pinn_statistical,observed_reconstruction,neural_ode/pinn_statistical/vs_raw,whole_model_comparison,matched,spatial_neural_ode,raw_spatial_neural_ode,1391030,497540,u10,m s**-1,36.0,True,1.9789596429480452,1.883802928857881,-0.09515671409016413,-0.0505130938233842,-0.03298397784031326,
neural_ode,7,raw,pinn_statistical,joint,pinn_statistical,observed_reconstruction,neural_ode/pinn_statistical/vs_raw,whole_model_comparison,matched,spatial_neural_ode,raw_spatial_neural_ode,1391030,497540,u10,m s**-1,42.0,True,2.096027324124425,2.0176612743322084,-0.07836604979221651,-0.03884004257263318,-0.03314807358162841,
neural_ode,7,raw,pinn_statistical,joint,pinn_statistical,observed_reconstruction,neural_ode/pinn_statistical/vs_raw,whole_model_comparison,matched,spatial_neural_ode,raw_spatial_neural_ode,1391030,497540,u10,m s**-1,48.0,True,2.1832365514714698,2.117306114159215,-0.06593043731225467,-0.031138831022757385,-0.03270604156378165,
neural_ode,7,raw,pinn_statistical,joint,pinn_statistical,observed_reconstruction,neural_ode/pinn_statistical/vs_raw,whole_model_comparison,matched,spatial_neural_ode,raw_spatial_neural_ode,1391030,497540,u10,m s**-1,54.0,True,2.2742832456076707,2.231433081441988,-0.04285016416568288,-0.019202979700378098,-0.029768540661820442,
neural_ode,7,raw,pinn_statistical,joint,pinn_statistical,observed_reconstruction,neural_ode/pinn_statistical/vs_raw,whole_model_comparison,matched,spatial_neural_ode,raw_spatial_neural_ode,1391030,497540,u10,m s**-1,60.0,True,2.3505090746168427,2.3235549582463224,-0.026954116370520254,-0.011600378237174747,-0.026873394493938774,
neural_ode,7,raw,pinn_statistical,joint,pinn_statistical,observed_reconstruction,neural_ode/pinn_statistical/vs_raw,whole_model_comparison,matched,spatial_neural_ode,raw_spatial_neural_ode,1391030,497540,u10,m s**-1,66.0,True,2.420189703807449,2.405171793913607,-0.015017909893841885,-0.006244007156513964,-0.024736103415799127,
neural_ode,7,raw,pinn_statistical,joint,pinn_statistical,observed_reconstruction,neural_ode/pinn_statistical/vs_raw,whole_model_comparison,matched,spatial_neural_ode,raw_spatial_neural_ode,1391030,497540,u10,m s**-1,72.0,True,2.468291740314864,2.4603145205804355,-0.007977219734428331,-0.0032423577017082206,-0.022921320582948268,
neural_ode,7,raw,pinn_statistical,joint,pinn_statistical,observed_reconstruction,neural_ode/pinn_statistical/vs_raw,whole_model_comparison,matched,spatial_neural_ode,raw_spatial_neural_ode,1391030,497540,u10,m s**-1,78.0,True,2.5226047448078464,2.5300899347231574,0.007485189915310997,0.0029584679234455624,-0.019006903740547143,
neural_ode,7,raw,pinn_statistical,joint,pinn_statistical,observed_reconstruction,neural_ode/pinn_statistical/vs_raw,whole_model_comparison,matched,spatial_neural_ode,raw_spatial_neural_ode,1391030,497540,u10,m s**-1,84.0,True,2.5665255986135613,2.582226772899364,0.015701174285802644,0.006080478465558259,-0.015964557407317392,
neural_ode,7,raw,pinn_statistical,joint,pinn_statistical,observed_reconstruction,neural_ode/pinn_statistical/vs_raw,whole_model_comparison,matched,spatial_neural_ode,raw_spatial_neural_ode,1391030,497540,u10,m s**-1,90.0,True,2.6110014973109594,2.6323509092364423,0.021349411925482897,0.0081103973830281,-0.014006746700218953,
neural_ode,7,raw,pinn_statistical,joint,pinn_statistical,observed_reconstruction,neural_ode/pinn_statistical/vs_raw,whole_model_comparison,matched,spatial_neural_ode,raw_spatial_neural_ode,1391030,497540,u10,m s**-1,96.0,True,2.6362912237130094,2.659552036319593,0.023260812606583414,0.008746139308021483,-0.01290339408748925,
neural_ode,7,raw,pinn_statistical,joint,pinn_statistical,observed_reconstruction,neural_ode/pinn_statistical/vs_raw,whole_model_comparison,matched,spatial_neural_ode,raw_spatial_neural_ode,1391030,497540,u10,m s**-1,102.0,True,2.6711975688683864,2.7039200679892903,0.03272249912090386,0.01210187368639093,-0.009789443889430094,
neural_ode,7,raw,pinn_statistical,joint,pinn_statistical,observed_reconstruction,neural_ode/pinn_statistical/vs_raw,whole_model_comparison,matched,spatial_neural_ode,raw_spatial_neural_ode,1391030,497540,u10,m s**-1,108.0,True,2.6971099315772573,2.733078390935253,0.03596845935799564,0.013160419941591006,-0.00793676980774477,
neural_ode,7,raw,pinn_statistical,joint,pinn_statistical,observed_reconstruction,neural_ode/pinn_statistical/vs_raw,whole_model_comparison,matched,spatial_neural_ode,raw_spatial_neural_ode,1391030,497540,u10,m s**-1,114.0,True,2.727034196143227,2.766055318895968,0.03902112275274083,0.014107137513184487,-0.006389632472910578,
neural_ode,7,raw,pinn_statistical,joint,pinn_statistical,observed_reconstruction,neural_ode/pinn_statistical/vs_raw,whole_model_comparison,matched,spatial_neural_ode,raw_spatial_neural_ode,1391030,497540,u10,m s**-1,120.0,True,2.7404547450139156,2.778573786451891,0.03811904143797529,0.013718923580090192,-0.0066212562379088236,
neural_ode,7,raw,pinn_statistical,joint,pinn_statistical,observed_reconstruction,neural_ode/pinn_statistical/vs_raw,whole_model_comparison,matched,spatial_neural_ode,raw_spatial_neural_ode,1391030,497540,v10,m s**-1,6.0,True,1.3460907441318946,0.9024006748548481,-0.44369006927704646,-0.49167745729846035,-0.05649482501002068,
neural_ode,7,raw,pinn_statistical,joint,pinn_statistical,observed_reconstruction,neural_ode/pinn_statistical/vs_raw,whole_model_comparison,matched,spatial_neural_ode,raw_spatial_neural_ode,1391030,497540,v10,m s**-1,12.0,True,1.4764043602687467,1.2582428687764773,-0.21816149149226938,-0.17338583583979372,-0.03563274652282156,
neural_ode,7,raw,pinn_statistical,joint,pinn_statistical,observed_reconstruction,neural_ode/pinn_statistical/vs_raw,whole_model_comparison,matched,spatial_neural_ode,raw_spatial_neural_ode,1391030,497540,v10,m s**-1,18.0,True,1.6639195814206231,1.519832040406769,-0.14408754101385424,-0.09480491079480768,-0.029347666810199624,
neural_ode,7,raw,pinn_statistical,joint,pinn_statistical,observed_reconstruction,neural_ode/pinn_statistical/vs_raw,whole_model_comparison,matched,spatial_neural_ode,raw_spatial_neural_ode,1391030,497540,v10,m s**-1,24.0,True,1.8327272158518157,1.7170966577525315,-0.11563055809928424,-0.0673407391349945,-0.028150273113925484,
neural_ode,7,raw,pinn_statistical,joint,pinn_statistical,observed_reconstruction,neural_ode/pinn_statistical/vs_raw,whole_model_comparison,matched,spatial_neural_ode,raw_spatial_neural_ode,1391030,497540,v10,m s**-1,30.0,True,2.0072507091521086,1.912967957243018,-0.09428275190909052,-0.04928611143334116,-0.028495295522146025,
neural_ode,7,raw,pinn_statistical,joint,pinn_statistical,observed_reconstruction,neural_ode/pinn_statistical/vs_raw,whole_model_comparison,matched,spatial_neural_ode,raw_spatial_neural_ode,1391030,497540,v10,m s**-1,36.0,True,2.155058378161417,2.0769633086570756,-0.07809506950434164,-0.037600601406308165,-0.028418283133321398,
neural_ode,7,raw,pinn_statistical,joint,pinn_statistical,observed_reconstruction,neural_ode/pinn_statistical/vs_raw,whole_model_comparison,matched,spatial_neural_ode,raw_spatial_neural_ode,1391030,497540,v10,m s**-1,42.0,True,2.281314754329043,2.213822475382898,-0.06749227894614496,-0.03048676201305245,-0.028919813637578562,
neural_ode,7,raw,pinn_statistical,joint,pinn_statistical,observed_reconstruction,neural_ode/pinn_statistical/vs_raw,whole_model_comparison,matched,spatial_neural_ode,raw_spatial_neural_ode,1391030,497540,v10,m s**-1,48.0,True,2.386328645478165,2.3229382191720798,-0.06339042630608516,-0.02728889893967046,-0.029684412269449623,
neural_ode,7,raw,pinn_statistical,joint,pinn_statistical,observed_reconstruction,neural_ode/pinn_statistical/vs_raw,whole_model_comparison,matched,spatial_neural_ode,raw_spatial_neural_ode,1391030,497540,v10,m s**-1,54.0,True,2.48029692834552,2.4258466782776686,-0.054450250067851425,-0.022445874488040918,-0.02908854616166323,
neural_ode,7,raw,pinn_statistical,joint,pinn_statistical,observed_reconstruction,neural_ode/pinn_statistical/vs_raw,whole_model_comparison,matched,spatial_neural_ode,raw_spatial_neural_ode,1391030,497540,v10,m s**-1,60.0,True,2.5600587846146348,2.517633896460906,-0.0424248881537288,-0.016851095075168132,-0.0261019012552669,
neural_ode,7,raw,pinn_statistical,joint,pinn_statistical,observed_reconstruction,neural_ode/pinn_statistical/vs_raw,whole_model_comparison,matched,spatial_neural_ode,raw_spatial_neural_ode,1391030,497540,v10,m s**-1,66.0,True,2.6275177907387914,2.5961734813551622,-0.0313443093836292,-0.01207327230199895,-0.02280867008524068,
neural_ode,7,raw,pinn_statistical,joint,pinn_statistical,observed_reconstruction,neural_ode/pinn_statistical/vs_raw,whole_model_comparison,matched,spatial_neural_ode,raw_spatial_neural_ode,1391030,497540,v10,m s**-1,72.0,True,2.6848585912519627,2.6571135472598546,-0.027745043992108087,-0.010441798402149649,-0.02130195937093271,
neural_ode,7,raw,pinn_statistical,joint,pinn_statistical,observed_reconstruction,neural_ode/pinn_statistical/vs_raw,whole_model_comparison,matched,spatial_neural_ode,raw_spatial_neural_ode,1391030,497540,v10,m s**-1,78.0,True,2.733139646228852,2.714386084224702,-0.018753562004150126,-0.006908951572195621,-0.01777432592629602,
neural_ode,7,raw,pinn_statistical,joint,pinn_statistical,observed_reconstruction,neural_ode/pinn_statistical/vs_raw,whole_model_comparison,matched,spatial_neural_ode,raw_spatial_neural_ode,1391030,497540,v10,m s**-1,84.0,True,2.7771882168648245,2.7667286087566567,-0.010459608108167817,-0.003780496603484451,-0.013935368564043593,
neural_ode,7,raw,pinn_statistical,joint,pinn_statistical,observed_reconstruction,neural_ode/pinn_statistical/vs_raw,whole_model_comparison,matched,spatial_neural_ode,raw_spatial_neural_ode,1391030,497540,v10,m s**-1,90.0,True,2.8132168782621902,2.809665497436947,-0.0035513808252432,-0.0012639870577060286,-0.01048417745130309,
neural_ode,7,raw,pinn_statistical,joint,pinn_statistical,observed_reconstruction,neural_ode/pinn_statistical/vs_raw,whole_model_comparison,matched,spatial_neural_ode,raw_spatial_neural_ode,1391030,497540,v10,m s**-1,96.0,True,2.846750421249483,2.8405002056266033,-0.00625021562287964,-0.0022003925965219384,-0.011270572093716291,
neural_ode,7,raw,pinn_statistical,joint,pinn_statistical,observed_reconstruction,neural_ode/pinn_statistical/vs_raw,whole_model_comparison,matched,spatial_neural_ode,raw_spatial_neural_ode,1391030,497540,v10,m s**-1,102.0,True,2.8718663700198275,2.8705682845809575,-0.0012980854388700003,-0.00045220503753307106,-0.008608260311066429,
neural_ode,7,raw,pinn_statistical,joint,pinn_statistical,observed_reconstruction,neural_ode/pinn_statistical/vs_raw,whole_model_comparison,matched,spatial_neural_ode,raw_spatial_neural_ode,1391030,497540,v10,m s**-1,108.0,True,2.89822808288559,2.900779779174197,0.002551696288607186,0.0008796587410484502,-0.006526566343992457,
neural_ode,7,raw,pinn_statistical,joint,pinn_statistical,observed_reconstruction,neural_ode/pinn_statistical/vs_raw,whole_model_comparison,matched,spatial_neural_ode,raw_spatial_neural_ode,1391030,497540,v10,m s**-1,114.0,True,2.9185443879950506,2.924286670020924,0.0057422820258734575,0.0019636522249141253,-0.004774606603442144,
neural_ode,7,raw,pinn_statistical,joint,pinn_statistical,observed_reconstruction,neural_ode/pinn_statistical/vs_raw,whole_model_comparison,matched,spatial_neural_ode,raw_spatial_neural_ode,1391030,497540,v10,m s**-1,120.0,True,2.939527921863136,2.9406094702024586,0.0010815483393225023,0.0003677973393889644,-0.007287981453323655,
neural_ode,7,raw,pinn_statistical:kl_entropy,joint,pinn_statistical,observed_reconstruction,neural_ode/pinn_statistical:kl_entropy/vs_raw,whole_model_comparison,matched,spatial_neural_ode,raw_spatial_neural_ode,1391030,497540,msl,Pa,6.0,True,236.62917855444857,179.5226932522062,-57.10648530224236,-0.3181017634467811,-0.027396233978961182,
neural_ode,7,raw,pinn_statistical:kl_entropy,joint,pinn_statistical,observed_reconstruction,neural_ode/pinn_statistical:kl_entropy/vs_raw,whole_model_comparison,matched,spatial_neural_ode,raw_spatial_neural_ode,1391030,497540,msl,Pa,12.0,True,255.3048229909876,221.76981519910797,-33.53500779187962,-0.15121538412146585,-0.021048553201818865,
neural_ode,7,raw,pinn_statistical:kl_entropy,joint,pinn_statistical,observed_reconstruction,neural_ode/pinn_statistical:kl_entropy/vs_raw,whole_model_comparison,matched,spatial_neural_ode,raw_spatial_neural_ode,1391030,497540,msl,Pa,18.0,True,305.5683539025427,289.817859001453,-15.750494901089723,-0.05434618472221464,-0.016795962036669554,
neural_ode,7,raw,pinn_statistical:kl_entropy,joint,pinn_statistical,observed_reconstruction,neural_ode/pinn_statistical:kl_entropy/vs_raw,whole_model_comparison,matched,spatial_neural_ode,raw_spatial_neural_ode,1391030,497540,msl,Pa,24.0,True,327.2871739082007,318.0938236750846,-9.19335023311612,-0.028901379243712055,-0.013662567717083296,
neural_ode,7,raw,pinn_statistical:kl_entropy,joint,pinn_statistical,observed_reconstruction,neural_ode/pinn_statistical:kl_entropy/vs_raw,whole_model_comparison,matched,spatial_neural_ode,raw_spatial_neural_ode,1391030,497540,msl,Pa,30.0,True,378.65366976732327,373.5621760675492,-5.091493699774048,-0.013629575010435158,-0.01410910202031801,
neural_ode,7,raw,pinn_statistical:kl_entropy,joint,pinn_statistical,observed_reconstruction,neural_ode/pinn_statistical:kl_entropy/vs_raw,whole_model_comparison,matched,spatial_neural_ode,raw_spatial_neural_ode,1391030,497540,msl,Pa,36.0,True,407.97748452505573,402.91115894555713,-5.066325579498596,-0.01257429948765254,-0.015449039020717925,
neural_ode,7,raw,pinn_statistical:kl_entropy,joint,pinn_statistical,observed_reconstruction,neural_ode/pinn_statistical:kl_entropy/vs_raw,whole_model_comparison,matched,spatial_neural_ode,raw_spatial_neural_ode,1391030,497540,msl,Pa,42.0,True,441.05080545398823,436.8398335951143,-4.210971858873904,-0.009639624262783864,-0.016673150298687656,
neural_ode,7,raw,pinn_statistical:kl_entropy,joint,pinn_statistical,observed_reconstruction,neural_ode/pinn_statistical:kl_entropy/vs_raw,whole_model_comparison,matched,spatial_neural_ode,raw_spatial_neural_ode,1391030,497540,msl,Pa,48.0,True,457.0459321142592,453.2598518759539,-3.78608023830526,-0.008353001534628257,-0.015218162375362554,
neural_ode,7,raw,pinn_statistical:kl_entropy,joint,pinn_statistical,observed_reconstruction,neural_ode/pinn_statistical:kl_entropy/vs_raw,whole_model_comparison,matched,spatial_neural_ode,raw_spatial_neural_ode,1391030,497540,msl,Pa,54.0,True,486.60711592964196,485.72111781121316,-0.8859981184288017,-0.001824088115462974,-0.013546151145868546,
neural_ode,7,raw,pinn_statistical:kl_entropy,joint,pinn_statistical,observed_reconstruction,neural_ode/pinn_statistical:kl_entropy/vs_raw,whole_model_comparison,matched,spatial_neural_ode,raw_spatial_neural_ode,1391030,497540,msl,Pa,60.0,True,505.6522144121418,504.1234762273543,-1.528738184787528,-0.003032467752202228,-0.014697050689043145,
neural_ode,7,raw,pinn_statistical:kl_entropy,joint,pinn_statistical,observed_reconstruction,neural_ode/pinn_statistical:kl_entropy/vs_raw,whole_model_comparison,matched,spatial_neural_ode,raw_spatial_neural_ode,1391030,497540,msl,Pa,66.0,True,525.469250502936,524.8403318476086,-0.6289186553274249,-0.0011983047360584198,-0.013801717135497493,
neural_ode,7,raw,pinn_statistical:kl_entropy,joint,pinn_statistical,observed_reconstruction,neural_ode/pinn_statistical:kl_entropy/vs_raw,whole_model_comparison,matched,spatial_neural_ode,raw_spatial_neural_ode,1391030,497540,msl,Pa,72.0,True,533.7624675259101,533.0284510892757,-0.7340164366344197,-0.0013770680254203693,-0.01189782342831458,
neural_ode,7,raw,pinn_statistical:kl_entropy,joint,pinn_statistical,observed_reconstruction,neural_ode/pinn_statistical:kl_entropy/vs_raw,whole_model_comparison,matched,spatial_neural_ode,raw_spatial_neural_ode,1391030,497540,msl,Pa,78.0,True,552.431237538411,554.8872299099266,2.455992371515663,0.0044261108187952924,-0.007516513908195077,
neural_ode,7,raw,pinn_statistical:kl_entropy,joint,pinn_statistical,observed_reconstruction,neural_ode/pinn_statistical:kl_entropy/vs_raw,whole_model_comparison,matched,spatial_neural_ode,raw_spatial_neural_ode,1391030,497540,msl,Pa,84.0,True,563.8435068934396,566.3245173623844,2.4810104689448735,0.004380898924348231,-0.0071604369498315945,
neural_ode,7,raw,pinn_statistical:kl_entropy,joint,pinn_statistical,observed_reconstruction,neural_ode/pinn_statistical:kl_entropy/vs_raw,whole_model_comparison,matched,spatial_neural_ode,raw_spatial_neural_ode,1391030,497540,msl,Pa,90.0,True,577.1362042231656,579.9440540192077,2.807849796042092,0.004841587350681076,-0.006179048275745225,
neural_ode,7,raw,pinn_statistical:kl_entropy,joint,pinn_statistical,observed_reconstruction,neural_ode/pinn_statistical:kl_entropy/vs_raw,whole_model_comparison,matched,spatial_neural_ode,raw_spatial_neural_ode,1391030,497540,msl,Pa,96.0,True,580.0803065137939,582.9127589243974,2.832452410603537,0.004859136066656111,-0.0038192093395525983,
neural_ode,7,raw,pinn_statistical:kl_entropy,joint,pinn_statistical,observed_reconstruction,neural_ode/pinn_statistical:kl_entropy/vs_raw,whole_model_comparison,matched,spatial_neural_ode,raw_spatial_neural_ode,1391030,497540,msl,Pa,102.0,True,593.1433061248806,598.958904918704,5.815598793823369,0.009709512198691983,0.001542543364663862,
neural_ode,7,raw,pinn_statistical:kl_entropy,joint,pinn_statistical,observed_reconstruction,neural_ode/pinn_statistical:kl_entropy/vs_raw,whole_model_comparison,matched,spatial_neural_ode,raw_spatial_neural_ode,1391030,497540,msl,Pa,108.0,True,599.8835332195107,605.9913597828308,6.107826563320145,0.010079065426789269,0.0023620765083678386,
neural_ode,7,raw,pinn_statistical:kl_entropy,joint,pinn_statistical,observed_reconstruction,neural_ode/pinn_statistical:kl_entropy/vs_raw,whole_model_comparison,matched,spatial_neural_ode,raw_spatial_neural_ode,1391030,497540,msl,Pa,114.0,True,608.7375715868174,615.557448580059,6.819876993241678,0.011079188480252244,0.004161148011729898,
neural_ode,7,raw,pinn_statistical:kl_entropy,joint,pinn_statistical,observed_reconstruction,neural_ode/pinn_statistical:kl_entropy/vs_raw,whole_model_comparison,matched,spatial_neural_ode,raw_spatial_neural_ode,1391030,497540,msl,Pa,120.0,True,608.7552688670905,615.135007073295,6.379738206204479,0.010371281316857828,0.005182606553791325,
neural_ode,7,raw,pinn_statistical:kl_entropy,joint,pinn_statistical,observed_reconstruction,neural_ode/pinn_statistical:kl_entropy/vs_raw,whole_model_comparison,matched,spatial_neural_ode,raw_spatial_neural_ode,1391030,497540,t2m,K,6.0,True,2.674699546320259,2.2776669237744973,-0.3970326225457619,-0.1743154885385123,-0.04538464681392995,
neural_ode,7,raw,pinn_statistical:kl_entropy,joint,pinn_statistical,observed_reconstruction,neural_ode/pinn_statistical:kl_entropy/vs_raw,whole_model_comparison,matched,spatial_neural_ode,raw_spatial_neural_ode,1391030,497540,t2m,K,12.0,True,3.1156888763950534,2.890378694633407,-0.22531018176164652,-0.07795178610331654,-0.03153506143376117,
neural_ode,7,raw,pinn_statistical:kl_entropy,joint,pinn_statistical,observed_reconstruction,neural_ode/pinn_statistical:kl_entropy/vs_raw,whole_model_comparison,matched,spatial_neural_ode,raw_spatial_neural_ode,1391030,497540,t2m,K,18.0,True,2.5524318929066805,2.424072302641624,-0.1283595902650565,-0.05295204690271693,-0.019145585493438144,
neural_ode,7,raw,pinn_statistical:kl_entropy,joint,pinn_statistical,observed_reconstruction,neural_ode/pinn_statistical:kl_entropy/vs_raw,whole_model_comparison,matched,spatial_neural_ode,raw_spatial_neural_ode,1391030,497540,t2m,K,24.0,True,1.782634996810198,1.6665305962294843,-0.1161044005807137,-0.06966832822835611,-0.01455959133365159,
neural_ode,7,raw,pinn_statistical:kl_entropy,joint,pinn_statistical,observed_reconstruction,neural_ode/pinn_statistical:kl_entropy/vs_raw,whole_model_comparison,matched,spatial_neural_ode,raw_spatial_neural_ode,1391030,497540,t2m,K,30.0,True,2.591228717937238,2.491484492740299,-0.09974422519693915,-0.04003405419041317,-0.01989261659358288,
neural_ode,7,raw,pinn_statistical:kl_entropy,joint,pinn_statistical,observed_reconstruction,neural_ode/pinn_statistical:kl_entropy/vs_raw,whole_model_comparison,matched,spatial_neural_ode,raw_spatial_neural_ode,1391030,497540,t2m,K,36.0,True,3.0524871728819205,2.9602674575789987,-0.09221971530292183,-0.031152494368985817,-0.02014631015987811,
neural_ode,7,raw,pinn_statistical:kl_entropy,joint,pinn_statistical,observed_reconstruction,neural_ode/pinn_statistical:kl_entropy/vs_raw,whole_model_comparison,matched,spatial_neural_ode,raw_spatial_neural_ode,1391030,497540,t2m,K,42.0,True,2.5783951751869503,2.57571880382954,-0.0026763713574102788,-0.001039077461961746,-0.009388060350374983,
neural_ode,7,raw,pinn_statistical:kl_entropy,joint,pinn_statistical,observed_reconstruction,neural_ode/pinn_statistical:kl_entropy/vs_raw,whole_model_comparison,matched,spatial_neural_ode,raw_spatial_neural_ode,1391030,497540,t2m,K,48.0,True,1.9497158939604415,1.9627368275860775,0.013020933625635944,0.006634070061063646,-0.00852824608975189,
neural_ode,7,raw,pinn_statistical:kl_entropy,joint,pinn_statistical,observed_reconstruction,neural_ode/pinn_statistical:kl_entropy/vs_raw,whole_model_comparison,matched,spatial_neural_ode,raw_spatial_neural_ode,1391030,497540,t2m,K,54.0,True,2.696734462089656,2.664346026595317,-0.032388435494338896,-0.012156242158878783,-0.017184796663991198,
neural_ode,7,raw,pinn_statistical:kl_entropy,joint,pinn_statistical,observed_reconstruction,neural_ode/pinn_statistical:kl_entropy/vs_raw,whole_model_comparison,matched,spatial_neural_ode,raw_spatial_neural_ode,1391030,497540,t2m,K,60.0,True,3.130756867769349,3.085796925647604,-0.04495994212174503,-0.0145699614086916,-0.017756076789622655,
neural_ode,7,raw,pinn_statistical:kl_entropy,joint,pinn_statistical,observed_reconstruction,neural_ode/pinn_statistical:kl_entropy/vs_raw,whole_model_comparison,matched,spatial_neural_ode,raw_spatial_neural_ode,1391030,497540,t2m,K,66.0,True,2.6978147797198937,2.732969162969083,0.03515438324918918,0.012863073511959255,-0.0074069551125717226,
neural_ode,7,raw,pinn_statistical:kl_entropy,joint,pinn_statistical,observed_reconstruction,neural_ode/pinn_statistical:kl_entropy/vs_raw,whole_model_comparison,matched,spatial_neural_ode,raw_spatial_neural_ode,1391030,497540,t2m,K,72.0,True,2.1255591764661013,2.1900226559816045,0.06446347951550324,0.029435074262558092,-0.006885014247921983,
neural_ode,7,raw,pinn_statistical:kl_entropy,joint,pinn_statistical,observed_reconstruction,neural_ode/pinn_statistical:kl_entropy/vs_raw,whole_model_comparison,matched,spatial_neural_ode,raw_spatial_neural_ode,1391030,497540,t2m,K,78.0,True,2.8133815233155492,2.8229446801906493,0.00956315687510001,0.0033876529505545427,-0.01605572126641064,
neural_ode,7,raw,pinn_statistical:kl_entropy,joint,pinn_statistical,observed_reconstruction,neural_ode/pinn_statistical:kl_entropy/vs_raw,whole_model_comparison,matched,spatial_neural_ode,raw_spatial_neural_ode,1391030,497540,t2m,K,84.0,True,3.2159115019115636,3.2088270114200634,-0.007084490491500173,-0.0022078131561118486,-0.015934703861511967,
neural_ode,7,raw,pinn_statistical:kl_entropy,joint,pinn_statistical,observed_reconstruction,neural_ode/pinn_statistical:kl_entropy/vs_raw,whole_model_comparison,matched,spatial_neural_ode,raw_spatial_neural_ode,1391030,497540,t2m,K,90.0,True,2.7896307090903454,2.8732412457895653,0.08361053669921992,0.029099727292910882,-0.005090388274482938,
neural_ode,7,raw,pinn_statistical:kl_entropy,joint,pinn_statistical,observed_reconstruction,neural_ode/pinn_statistical:kl_entropy/vs_raw,whole_model_comparison,matched,spatial_neural_ode,raw_spatial_neural_ode,1391030,497540,t2m,K,96.0,True,2.2345102014502363,2.3734480580154287,0.13893785656519242,0.058538402007990875,-0.0044150328371280745,
neural_ode,7,raw,pinn_statistical:kl_entropy,joint,pinn_statistical,observed_reconstruction,neural_ode/pinn_statistical:kl_entropy/vs_raw,whole_model_comparison,matched,spatial_neural_ode,raw_spatial_neural_ode,1391030,497540,t2m,K,102.0,True,2.8900065579622605,2.9730158081593934,0.0830092501971329,0.02792089095837147,-0.01276276885764327,
neural_ode,7,raw,pinn_statistical:kl_entropy,joint,pinn_statistical,observed_reconstruction,neural_ode/pinn_statistical:kl_entropy/vs_raw,whole_model_comparison,matched,spatial_neural_ode,raw_spatial_neural_ode,1391030,497540,t2m,K,108.0,True,3.2730699801358845,3.340290918698537,0.06722093856265232,0.020124276656969586,-0.011677674389771409,
neural_ode,7,raw,pinn_statistical:kl_entropy,joint,pinn_statistical,observed_reconstruction,neural_ode/pinn_statistical:kl_entropy/vs_raw,whole_model_comparison,matched,spatial_neural_ode,raw_spatial_neural_ode,1391030,497540,t2m,K,114.0,True,2.8506584155453387,3.019820469774006,0.16916205422866737,0.056017255304361524,-0.0009720979524024953,
neural_ode,7,raw,pinn_statistical:kl_entropy,joint,pinn_statistical,observed_reconstruction,neural_ode/pinn_statistical:kl_entropy/vs_raw,whole_model_comparison,matched,spatial_neural_ode,raw_spatial_neural_ode,1391030,497540,t2m,K,120.0,True,2.3075596355849313,2.5612804792759722,0.253720843691041,0.0990601559430786,6.322406640202338e-05,
neural_ode,7,raw,pinn_statistical:kl_entropy,joint,pinn_statistical,observed_reconstruction,neural_ode/pinn_statistical:kl_entropy/vs_raw,whole_model_comparison,matched,spatial_neural_ode,raw_spatial_neural_ode,1391030,497540,u10,m s**-1,6.0,True,1.22486973801466,0.8197488482892756,-0.4051208897253844,-0.4942012307438144,-0.04919449269251763,
neural_ode,7,raw,pinn_statistical:kl_entropy,joint,pinn_statistical,observed_reconstruction,neural_ode/pinn_statistical:kl_entropy/vs_raw,whole_model_comparison,matched,spatial_neural_ode,raw_spatial_neural_ode,1391030,497540,u10,m s**-1,12.0,True,1.362782809825611,1.1192456672528923,-0.24353714257271863,-0.21759042692607689,-0.037206542034534995,
neural_ode,7,raw,pinn_statistical:kl_entropy,joint,pinn_statistical,observed_reconstruction,neural_ode/pinn_statistical:kl_entropy/vs_raw,whole_model_comparison,matched,spatial_neural_ode,raw_spatial_neural_ode,1391030,497540,u10,m s**-1,18.0,True,1.54136470958712,1.3594730077698076,-0.1818917018173123,-0.13379574348129397,-0.03455380442916245,
neural_ode,7,raw,pinn_statistical:kl_entropy,joint,pinn_statistical,observed_reconstruction,neural_ode/pinn_statistical:kl_entropy/vs_raw,whole_model_comparison,matched,spatial_neural_ode,raw_spatial_neural_ode,1391030,497540,u10,m s**-1,24.0,True,1.6847958420285367,1.5264010297199142,-0.1583948123086225,-0.10377011625685761,-0.03533046599566114,
neural_ode,7,raw,pinn_statistical:kl_entropy,joint,pinn_statistical,observed_reconstruction,neural_ode/pinn_statistical:kl_entropy/vs_raw,whole_model_comparison,matched,spatial_neural_ode,raw_spatial_neural_ode,1391030,497540,u10,m s**-1,30.0,True,1.8492037589072605,1.726728398334537,-0.12247536057272357,-0.07092914015363005,-0.03449811983500373,
neural_ode,7,raw,pinn_statistical:kl_entropy,joint,pinn_statistical,observed_reconstruction,neural_ode/pinn_statistical:kl_entropy/vs_raw,whole_model_comparison,matched,spatial_neural_ode,raw_spatial_neural_ode,1391030,497540,u10,m s**-1,36.0,True,1.9808809326126566,1.883802928857881,-0.0970780037547756,-0.05153299332305017,-0.03333332184033144,
neural_ode,7,raw,pinn_statistical:kl_entropy,joint,pinn_statistical,observed_reconstruction,neural_ode/pinn_statistical:kl_entropy/vs_raw,whole_model_comparison,matched,spatial_neural_ode,raw_spatial_neural_ode,1391030,497540,u10,m s**-1,42.0,True,2.0956590434607767,2.0176612743322084,-0.07799776912856826,-0.0386575140836678,-0.03291235878799004,
neural_ode,7,raw,pinn_statistical:kl_entropy,joint,pinn_statistical,observed_reconstruction,neural_ode/pinn_statistical:kl_entropy/vs_raw,whole_model_comparison,matched,spatial_neural_ode,raw_spatial_neural_ode,1391030,497540,u10,m s**-1,48.0,True,2.1827075829038045,2.117306114159215,-0.06540146874458941,-0.03088900008705653,-0.03249435760925323,
neural_ode,7,raw,pinn_statistical:kl_entropy,joint,pinn_statistical,observed_reconstruction,neural_ode/pinn_statistical:kl_entropy/vs_raw,whole_model_comparison,matched,spatial_neural_ode,raw_spatial_neural_ode,1391030,497540,u10,m s**-1,54.0,True,2.2724219774881522,2.231433081441988,-0.0409888960461644,-0.018368866351876845,-0.02934394766331172,
neural_ode,7,raw,pinn_statistical:kl_entropy,joint,pinn_statistical,observed_reconstruction,neural_ode/pinn_statistical:kl_entropy/vs_raw,whole_model_comparison,matched,spatial_neural_ode,raw_spatial_neural_ode,1391030,497540,u10,m s**-1,60.0,True,2.3481970573261637,2.3235549582463224,-0.024642099079841273,-0.010605343761027175,-0.026421948038900633,
neural_ode,7,raw,pinn_statistical:kl_entropy,joint,pinn_statistical,observed_reconstruction,neural_ode/pinn_statistical:kl_entropy/vs_raw,whole_model_comparison,matched,spatial_neural_ode,raw_spatial_neural_ode,1391030,497540,u10,m s**-1,66.0,True,2.418435285710807,2.405171793913607,-0.0132634917972001,-0.005514571487477138,-0.024845853121587158,
neural_ode,7,raw,pinn_statistical:kl_entropy,joint,pinn_statistical,observed_reconstruction,neural_ode/pinn_statistical:kl_entropy/vs_raw,whole_model_comparison,matched,spatial_neural_ode,raw_spatial_neural_ode,1391030,497540,u10,m s**-1,72.0,True,2.468280730122657,2.4603145205804355,-0.007966209542221492,-0.003237882585980234,-0.024129756985016404,
neural_ode,7,raw,pinn_statistical:kl_entropy,joint,pinn_statistical,observed_reconstruction,neural_ode/pinn_statistical:kl_entropy/vs_raw,whole_model_comparison,matched,spatial_neural_ode,raw_spatial_neural_ode,1391030,497540,u10,m s**-1,78.0,True,2.521537181099709,2.5300899347231574,0.008552753623448428,0.0033804148643373777,-0.02037627146746246,
neural_ode,7,raw,pinn_statistical:kl_entropy,joint,pinn_statistical,observed_reconstruction,neural_ode/pinn_statistical:kl_entropy/vs_raw,whole_model_comparison,matched,spatial_neural_ode,raw_spatial_neural_ode,1391030,497540,u10,m s**-1,84.0,True,2.564468873991126,2.582226772899364,0.01775789890823809,0.006876971106724028,-0.017346053251211857,
neural_ode,7,raw,pinn_statistical:kl_entropy,joint,pinn_statistical,observed_reconstruction,neural_ode/pinn_statistical:kl_entropy/vs_raw,whole_model_comparison,matched,spatial_neural_ode,raw_spatial_neural_ode,1391030,497540,u10,m s**-1,90.0,True,2.60893241171279,2.6323509092364423,0.023418497523652437,0.008896419334322503,-0.01605384962133738,
neural_ode,7,raw,pinn_statistical:kl_entropy,joint,pinn_statistical,observed_reconstruction,neural_ode/pinn_statistical:kl_entropy/vs_raw,whole_model_comparison,matched,spatial_neural_ode,raw_spatial_neural_ode,1391030,497540,u10,m s**-1,96.0,True,2.6352042608161628,2.659552036319593,0.024347775503430036,0.009154840804364794,-0.015946974295305616,
neural_ode,7,raw,pinn_statistical:kl_entropy,joint,pinn_statistical,observed_reconstruction,neural_ode/pinn_statistical:kl_entropy/vs_raw,whole_model_comparison,matched,spatial_neural_ode,raw_spatial_neural_ode,1391030,497540,u10,m s**-1,102.0,True,2.6672474140582927,2.7039200679892903,0.03667265393099761,0.013562772940351131,-0.012223105094412434,
neural_ode,7,raw,pinn_statistical:kl_entropy,joint,pinn_statistical,observed_reconstruction,neural_ode/pinn_statistical:kl_entropy/vs_raw,whole_model_comparison,matched,spatial_neural_ode,raw_spatial_neural_ode,1391030,497540,u10,m s**-1,108.0,True,2.691101157678142,2.733078390935253,0.04197723325711111,0.015358956916982747,-0.009768127825202477,
neural_ode,7,raw,pinn_statistical:kl_entropy,joint,pinn_statistical,observed_reconstruction,neural_ode/pinn_statistical:kl_entropy/vs_raw,whole_model_comparison,matched,spatial_neural_ode,raw_spatial_neural_ode,1391030,497540,u10,m s**-1,114.0,True,2.719838230504725,2.766055318895968,0.046217088391243166,0.016708663805642954,-0.008317073231192629,
neural_ode,7,raw,pinn_statistical:kl_entropy,joint,pinn_statistical,observed_reconstruction,neural_ode/pinn_statistical:kl_entropy/vs_raw,whole_model_comparison,matched,spatial_neural_ode,raw_spatial_neural_ode,1391030,497540,u10,m s**-1,120.0,True,2.733767821103771,2.778573786451891,0.04480596534811987,0.016125526544081836,-0.009272131978672882,
neural_ode,7,raw,pinn_statistical:kl_entropy,joint,pinn_statistical,observed_reconstruction,neural_ode/pinn_statistical:kl_entropy/vs_raw,whole_model_comparison,matched,spatial_neural_ode,raw_spatial_neural_ode,1391030,497540,v10,m s**-1,6.0,True,1.347034596762303,0.9024006748548481,-0.4446339219074549,-0.49272339249854236,-0.05631752895477682,
neural_ode,7,raw,pinn_statistical:kl_entropy,joint,pinn_statistical,observed_reconstruction,neural_ode/pinn_statistical:kl_entropy/vs_raw,whole_model_comparison,matched,spatial_neural_ode,raw_spatial_neural_ode,1391030,497540,v10,m s**-1,12.0,True,1.4788051236690465,1.2582428687764773,-0.2205622548925692,-0.17529386445642658,-0.03592696056810474,
neural_ode,7,raw,pinn_statistical:kl_entropy,joint,pinn_statistical,observed_reconstruction,neural_ode/pinn_statistical:kl_entropy/vs_raw,whole_model_comparison,matched,spatial_neural_ode,raw_spatial_neural_ode,1391030,497540,v10,m s**-1,18.0,True,1.6645330063642811,1.519832040406769,-0.14470096595751225,-0.09520852443588734,-0.0295536645200547,
neural_ode,7,raw,pinn_statistical:kl_entropy,joint,pinn_statistical,observed_reconstruction,neural_ode/pinn_statistical:kl_entropy/vs_raw,whole_model_comparison,matched,spatial_neural_ode,raw_spatial_neural_ode,1391030,497540,v10,m s**-1,24.0,True,1.8308097976835278,1.7170966577525315,-0.1137131399309963,-0.06622407621469195,-0.027850727750004967,
neural_ode,7,raw,pinn_statistical:kl_entropy,joint,pinn_statistical,observed_reconstruction,neural_ode/pinn_statistical:kl_entropy/vs_raw,whole_model_comparison,matched,spatial_neural_ode,raw_spatial_neural_ode,1391030,497540,v10,m s**-1,30.0,True,2.002488029150277,1.912967957243018,-0.08952007190725886,-0.04679643042023329,-0.027347983646038077,
neural_ode,7,raw,pinn_statistical:kl_entropy,joint,pinn_statistical,observed_reconstruction,neural_ode/pinn_statistical:kl_entropy/vs_raw,whole_model_comparison,matched,spatial_neural_ode,raw_spatial_neural_ode,1391030,497540,v10,m s**-1,36.0,True,2.1504642382559958,2.0769633086570756,-0.07350092959892018,-0.03538865096583943,-0.027118839626113944,
neural_ode,7,raw,pinn_statistical:kl_entropy,joint,pinn_statistical,observed_reconstruction,neural_ode/pinn_statistical:kl_entropy/vs_raw,whole_model_comparison,matched,spatial_neural_ode,raw_spatial_neural_ode,1391030,497540,v10,m s**-1,42.0,True,2.2761169574588034,2.213822475382898,-0.06229448207590549,-0.02813887868995968,-0.02737505834399523,
neural_ode,7,raw,pinn_statistical:kl_entropy,joint,pinn_statistical,observed_reconstruction,neural_ode/pinn_statistical:kl_entropy/vs_raw,whole_model_comparison,matched,spatial_neural_ode,raw_spatial_neural_ode,1391030,497540,v10,m s**-1,48.0,True,2.380657687538526,2.3229382191720798,-0.05771946836644615,-0.024847612342879355,-0.027950489557382663,
neural_ode,7,raw,pinn_statistical:kl_entropy,joint,pinn_statistical,observed_reconstruction,neural_ode/pinn_statistical:kl_entropy/vs_raw,whole_model_comparison,matched,spatial_neural_ode,raw_spatial_neural_ode,1391030,497540,v10,m s**-1,54.0,True,2.4733874614231284,2.4258466782776686,-0.04754078314545973,-0.01959760423903356,-0.026970390457336846,
neural_ode,7,raw,pinn_statistical:kl_entropy,joint,pinn_statistical,observed_reconstruction,neural_ode/pinn_statistical:kl_entropy/vs_raw,whole_model_comparison,matched,spatial_neural_ode,raw_spatial_neural_ode,1391030,497540,v10,m s**-1,60.0,True,2.5539971385580875,2.517633896460906,-0.03636324209718156,-0.014443419334438712,-0.02441880815478248,
neural_ode,7,raw,pinn_statistical:kl_entropy,joint,pinn_statistical,observed_reconstruction,neural_ode/pinn_statistical:kl_entropy/vs_raw,whole_model_comparison,matched,spatial_neural_ode,raw_spatial_neural_ode,1391030,497540,v10,m s**-1,66.0,True,2.621253816125687,2.5961734813551622,-0.025080334770524626,-0.009660500328904531,-0.02130063571540597,
neural_ode,7,raw,pinn_statistical:kl_entropy,joint,pinn_statistical,observed_reconstruction,neural_ode/pinn_statistical:kl_entropy/vs_raw,whole_model_comparison,matched,spatial_neural_ode,raw_spatial_neural_ode,1391030,497540,v10,m s**-1,72.0,True,2.67748344081853,2.6571135472598546,-0.020369893558675578,-0.007666173536197585,-0.019473583571282926,
neural_ode,7,raw,pinn_statistical:kl_entropy,joint,pinn_statistical,observed_reconstruction,neural_ode/pinn_statistical:kl_entropy/vs_raw,whole_model_comparison,matched,spatial_neural_ode,raw_spatial_neural_ode,1391030,497540,v10,m s**-1,78.0,True,2.7250309675128452,2.714386084224702,-0.01064488328814317,-0.003921654089670046,-0.015927344557201684,
neural_ode,7,raw,pinn_statistical:kl_entropy,joint,pinn_statistical,observed_reconstruction,neural_ode/pinn_statistical:kl_entropy/vs_raw,whole_model_comparison,matched,spatial_neural_ode,raw_spatial_neural_ode,1391030,497540,v10,m s**-1,84.0,True,2.7687867080170663,2.7667286087566567,-0.0020580992604095627,-0.000743874644551612,-0.012253878290989784,
neural_ode,7,raw,pinn_statistical:kl_entropy,joint,pinn_statistical,observed_reconstruction,neural_ode/pinn_statistical:kl_entropy/vs_raw,whole_model_comparison,matched,spatial_neural_ode,raw_spatial_neural_ode,1391030,497540,v10,m s**-1,90.0,True,2.8039920247004413,2.809665497436947,0.005673472736505758,0.002019269817592595,-0.008871888428067298,
neural_ode,7,raw,pinn_statistical:kl_entropy,joint,pinn_statistical,observed_reconstruction,neural_ode/pinn_statistical:kl_entropy/vs_raw,whole_model_comparison,matched,spatial_neural_ode,raw_spatial_neural_ode,1391030,497540,v10,m s**-1,96.0,True,2.834926828999216,2.8405002056266033,0.0055733766273871055,0.0019621109748019228,-0.008624349525054031,
neural_ode,7,raw,pinn_statistical:kl_entropy,joint,pinn_statistical,observed_reconstruction,neural_ode/pinn_statistical:kl_entropy/vs_raw,whole_model_comparison,matched,spatial_neural_ode,raw_spatial_neural_ode,1391030,497540,v10,m s**-1,102.0,True,2.8583969766116897,2.8705682845809575,0.012171307969267797,0.004240034293782502,-0.005429327198914591,
neural_ode,7,raw,pinn_statistical:kl_entropy,joint,pinn_statistical,observed_reconstruction,neural_ode/pinn_statistical:kl_entropy/vs_raw,whole_model_comparison,matched,spatial_neural_ode,raw_spatial_neural_ode,1391030,497540,v10,m s**-1,108.0,True,2.8829687480779853,2.900779779174197,0.01781103109621185,0.006140083857479994,-0.002667533384525911,
neural_ode,7,raw,pinn_statistical:kl_entropy,joint,pinn_statistical,observed_reconstruction,neural_ode/pinn_statistical:kl_entropy/vs_raw,whole_model_comparison,matched,spatial_neural_ode,raw_spatial_neural_ode,1391030,497540,v10,m s**-1,114.0,True,2.901631410009964,2.924286670020924,0.022655260010960188,0.0077472773935662875,-0.00027075155745126533,
neural_ode,7,raw,pinn_statistical:kl_entropy,joint,pinn_statistical,observed_reconstruction,neural_ode/pinn_statistical:kl_entropy/vs_raw,whole_model_comparison,matched,spatial_neural_ode,raw_spatial_neural_ode,1391030,497540,v10,m s**-1,120.0,True,2.9199812801988787,2.9406094702024586,0.02062819000357985,0.0070149369416808716,-0.0013933816114738429,
climode,7,raw,pinn_statistical,joint,pinn_statistical,observed_reconstruction,climode/pinn_statistical/vs_raw,whole_model_comparison,matched,latent_climode_transport_adaptation_v1,raw_climode_transport_adaptation_v1,1216918,248080,msl,Pa,6.0,True,229.5091722074231,200.58421199898237,-28.924960208440723,-0.14420357375179393,-0.01485857702259974,
climode,7,raw,pinn_statistical,joint,pinn_statistical,observed_reconstruction,climode/pinn_statistical/vs_raw,whole_model_comparison,matched,latent_climode_transport_adaptation_v1,raw_climode_transport_adaptation_v1,1216918,248080,msl,Pa,12.0,True,242.32414111328927,252.72656113423173,10.402420020942458,0.04116077065369228,0.006269138088451198,
climode,7,raw,pinn_statistical,joint,pinn_statistical,observed_reconstruction,climode/pinn_statistical/vs_raw,whole_model_comparison,matched,latent_climode_transport_adaptation_v1,raw_climode_transport_adaptation_v1,1216918,248080,msl,Pa,18.0,True,293.77937511050175,333.7742141986874,39.99483908818564,0.11982603025282745,0.03108213428275064,
climode,7,raw,pinn_statistical,joint,pinn_statistical,observed_reconstruction,climode/pinn_statistical/vs_raw,whole_model_comparison,matched,latent_climode_transport_adaptation_v1,raw_climode_transport_adaptation_v1,1216918,248080,msl,Pa,24.0,True,314.07584426716846,363.99271848203307,49.916874214864606,0.13713701313321336,0.0426035687331523,
climode,7,raw,pinn_statistical,joint,pinn_statistical,observed_reconstruction,climode/pinn_statistical/vs_raw,whole_model_comparison,matched,latent_climode_transport_adaptation_v1,raw_climode_transport_adaptation_v1,1216918,248080,msl,Pa,30.0,True,355.94633127028897,426.32332273849084,70.37699146820188,0.16507891479202874,0.0714561327965546,
climode,7,raw,pinn_statistical,joint,pinn_statistical,observed_reconstruction,climode/pinn_statistical/vs_raw,whole_model_comparison,matched,latent_climode_transport_adaptation_v1,raw_climode_transport_adaptation_v1,1216918,248080,msl,Pa,36.0,True,384.1091713138598,455.227636340254,71.11846502639418,0.15622615884690627,0.08042397559575187,
climode,7,raw,pinn_statistical,joint,pinn_statistical,observed_reconstruction,climode/pinn_statistical/vs_raw,whole_model_comparison,matched,latent_climode_transport_adaptation_v1,raw_climode_transport_adaptation_v1,1216918,248080,msl,Pa,42.0,True,420.4435910500806,492.9056396241449,72.46204857406428,0.14700998071216786,0.09352888319582942,
climode,7,raw,pinn_statistical,joint,pinn_statistical,observed_reconstruction,climode/pinn_statistical/vs_raw,whole_model_comparison,matched,latent_climode_transport_adaptation_v1,raw_climode_transport_adaptation_v1,1216918,248080,msl,Pa,48.0,True,441.9550293194074,506.5855998075925,64.63057048818507,0.1275807494582013,0.08971813014879793,
climode,7,raw,pinn_statistical,joint,pinn_statistical,observed_reconstruction,climode/pinn_statistical/vs_raw,whole_model_comparison,matched,latent_climode_transport_adaptation_v1,raw_climode_transport_adaptation_v1,1216918,248080,msl,Pa,54.0,True,470.580036765378,537.6154643070524,67.03542754167444,0.12469028886302269,0.10352395722314944,
climode,7,raw,pinn_statistical,joint,pinn_statistical,observed_reconstruction,climode/pinn_statistical/vs_raw,whole_model_comparison,matched,latent_climode_transport_adaptation_v1,raw_climode_transport_adaptation_v1,1216918,248080,msl,Pa,60.0,True,493.3264035282876,551.5523659849441,58.22596245665653,0.10556742396105678,0.09788543831651231,
climode,7,raw,pinn_statistical,joint,pinn_statistical,observed_reconstruction,climode/pinn_statistical/vs_raw,whole_model_comparison,matched,latent_climode_transport_adaptation_v1,raw_climode_transport_adaptation_v1,1216918,248080,msl,Pa,66.0,True,519.3148756082022,571.1943373477362,51.87946173953401,0.09082628861558617,0.09742040432053067,
climode,7,raw,pinn_statistical,joint,pinn_statistical,observed_reconstruction,climode/pinn_statistical/vs_raw,whole_model_comparison,matched,latent_climode_transport_adaptation_v1,raw_climode_transport_adaptation_v1,1216918,248080,msl,Pa,72.0,True,534.8297147088388,576.7410963524325,41.9113816435937,0.07266931714882108,0.08581074263041033,
climode,7,raw,pinn_statistical,joint,pinn_statistical,observed_reconstruction,climode/pinn_statistical/vs_raw,whole_model_comparison,matched,latent_climode_transport_adaptation_v1,raw_climode_transport_adaptation_v1,1216918,248080,msl,Pa,78.0,True,554.8937653003725,595.0988370943453,40.20507179397282,0.06756032660100597,0.09075446668526455,
climode,7,raw,pinn_statistical,joint,pinn_statistical,observed_reconstruction,climode/pinn_statistical/vs_raw,whole_model_comparison,matched,latent_climode_transport_adaptation_v1,raw_climode_transport_adaptation_v1,1216918,248080,msl,Pa,84.0,True,568.8576862727194,602.9307031940808,34.073016921361386,0.05651232677463003,0.08450832054475566,
climode,7,raw,pinn_statistical,joint,pinn_statistical,observed_reconstruction,climode/pinn_statistical/vs_raw,whole_model_comparison,matched,latent_climode_transport_adaptation_v1,raw_climode_transport_adaptation_v1,1216918,248080,msl,Pa,90.0,True,587.3173443464348,614.875802972391,27.55845862595629,0.04481955297758511,0.07965474862802835,
climode,7,raw,pinn_statistical,joint,pinn_statistical,observed_reconstruction,climode/pinn_statistical/vs_raw,whole_model_comparison,matched,latent_climode_transport_adaptation_v1,raw_climode_transport_adaptation_v1,1216918,248080,msl,Pa,96.0,True,595.8481477364616,617.1793556949192,21.33120795845764,0.034562413278453774,0.07088985913325963,
climode,7,raw,pinn_statistical,joint,pinn_statistical,observed_reconstruction,climode/pinn_statistical/vs_raw,whole_model_comparison,matched,latent_climode_transport_adaptation_v1,raw_climode_transport_adaptation_v1,1216918,248080,msl,Pa,102.0,True,609.6445242469131,629.5459074450768,19.90138319816367,0.03161228269901817,0.0738869141981851,
climode,7,raw,pinn_statistical,joint,pinn_statistical,observed_reconstruction,climode/pinn_statistical/vs_raw,whole_model_comparison,matched,latent_climode_transport_adaptation_v1,raw_climode_transport_adaptation_v1,1216918,248080,msl,Pa,108.0,True,617.8941070144986,634.2766585948522,16.382551580353606,0.02582871584246338,0.06933320840010626,
climode,7,raw,pinn_statistical,joint,pinn_statistical,observed_reconstruction,climode/pinn_statistical/vs_raw,whole_model_comparison,matched,latent_climode_transport_adaptation_v1,raw_climode_transport_adaptation_v1,1216918,248080,msl,Pa,114.0,True,630.3629591661809,642.0037572665448,11.640798100363895,0.018131978152163497,0.06413530340241469,
climode,7,raw,pinn_statistical,joint,pinn_statistical,observed_reconstruction,climode/pinn_statistical/vs_raw,whole_model_comparison,matched,latent_climode_transport_adaptation_v1,raw_climode_transport_adaptation_v1,1216918,248080,msl,Pa,120.0,True,635.2498062178414,642.5306686872959,7.280862469454519,0.011331540771943982,0.05589762937649512,
climode,7,raw,pinn_statistical,joint,pinn_statistical,observed_reconstruction,climode/pinn_statistical/vs_raw,whole_model_comparison,matched,latent_climode_transport_adaptation_v1,raw_climode_transport_adaptation_v1,1216918,248080,t2m,K,6.0,True,2.327772322406342,2.3894490461537465,0.061676723747404516,0.02581211089087021,-0.0024162923378652224,
climode,7,raw,pinn_statistical,joint,pinn_statistical,observed_reconstruction,climode/pinn_statistical/vs_raw,whole_model_comparison,matched,latent_climode_transport_adaptation_v1,raw_climode_transport_adaptation_v1,1216918,248080,t2m,K,12.0,True,2.584125373854202,3.2053175050940514,0.6211921312398494,0.1938004987813593,0.07852806817987479,
climode,7,raw,pinn_statistical,joint,pinn_statistical,observed_reconstruction,climode/pinn_statistical/vs_raw,whole_model_comparison,matched,latent_climode_transport_adaptation_v1,raw_climode_transport_adaptation_v1,1216918,248080,t2m,K,18.0,True,2.573037054557805,2.628467963025881,0.055430908468075746,0.021088675703037296,0.04332951302905663,
climode,7,raw,pinn_statistical,joint,pinn_statistical,observed_reconstruction,climode/pinn_statistical/vs_raw,whole_model_comparison,matched,latent_climode_transport_adaptation_v1,raw_climode_transport_adaptation_v1,1216918,248080,t2m,K,24.0,True,2.3069491894561995,1.7324349965690795,-0.57451419288712,-0.33162236622146857,-0.03241873329321854,
climode,7,raw,pinn_statistical,joint,pinn_statistical,observed_reconstruction,climode/pinn_statistical/vs_raw,whole_model_comparison,matched,latent_climode_transport_adaptation_v1,raw_climode_transport_adaptation_v1,1216918,248080,t2m,K,30.0,True,2.383243532446151,2.707321266203011,0.3240777337568601,0.11970420274922733,0.04532776037365771,
climode,7,raw,pinn_statistical,joint,pinn_statistical,observed_reconstruction,climode/pinn_statistical/vs_raw,whole_model_comparison,matched,latent_climode_transport_adaptation_v1,raw_climode_transport_adaptation_v1,1216918,248080,t2m,K,36.0,True,2.413158990896944,3.294263305905999,0.881104315009055,0.2674662688405628,0.11729817549277255,
climode,7,raw,pinn_statistical,joint,pinn_statistical,observed_reconstruction,climode/pinn_statistical/vs_raw,whole_model_comparison,matched,latent_climode_transport_adaptation_v1,raw_climode_transport_adaptation_v1,1216918,248080,t2m,K,42.0,True,2.217284153320506,2.807822010424854,0.5905378571043483,0.21031883606290036,0.07962215228355307,
climode,7,raw,pinn_statistical,joint,pinn_statistical,observed_reconstruction,climode/pinn_statistical/vs_raw,whole_model_comparison,matched,latent_climode_transport_adaptation_v1,raw_climode_transport_adaptation_v1,1216918,248080,t2m,K,48.0,True,1.950610688514375,2.06707583546821,0.11646514695383514,0.05634294831154796,0.015004450523359525,
climode,7,raw,pinn_statistical,joint,pinn_statistical,observed_reconstruction,climode/pinn_statistical/vs_raw,whole_model_comparison,matched,latent_climode_transport_adaptation_v1,raw_climode_transport_adaptation_v1,1216918,248080,t2m,K,54.0,True,2.165080302801567,2.8364777012783033,0.6713973984767363,0.2367011022770108,0.08557546892167844,
climode,7,raw,pinn_statistical,joint,pinn_statistical,observed_reconstruction,climode/pinn_statistical/vs_raw,whole_model_comparison,matched,latent_climode_transport_adaptation_v1,raw_climode_transport_adaptation_v1,1216918,248080,t2m,K,60.0,True,2.3339644754669964,3.363313388523815,1.0293489130568187,0.3060520368304448,0.14492483776879694,
climode,7,raw,pinn_statistical,joint,pinn_statistical,observed_reconstruction,climode/pinn_statistical/vs_raw,whole_model_comparison,matched,latent_climode_transport_adaptation_v1,raw_climode_transport_adaptation_v1,1216918,248080,t2m,K,66.0,True,2.263126304282874,2.9399877516345296,0.6768614473516554,0.23022594123915796,0.09543421538086005,
climode,7,raw,pinn_statistical,joint,pinn_statistical,observed_reconstruction,climode/pinn_statistical/vs_raw,whole_model_comparison,matched,latent_climode_transport_adaptation_v1,raw_climode_transport_adaptation_v1,1216918,248080,t2m,K,72.0,True,2.1206652538073563,2.283224528637078,0.16255927482972155,0.07119723565984892,0.02339627008277745,
climode,7,raw,pinn_statistical,joint,pinn_statistical,observed_reconstruction,climode/pinn_statistical/vs_raw,whole_model_comparison,matched,latent_climode_transport_adaptation_v1,raw_climode_transport_adaptation_v1,1216918,248080,t2m,K,78.0,True,2.3275446618272992,2.94418014677292,0.6166354849456206,0.20944217208362992,0.08822401174738403,
climode,7,raw,pinn_statistical,joint,pinn_statistical,observed_reconstruction,climode/pinn_statistical/vs_raw,whole_model_comparison,matched,latent_climode_transport_adaptation_v1,raw_climode_transport_adaptation_v1,1216918,248080,t2m,K,84.0,True,2.4755365300051517,3.4247628158215253,0.9492262858163736,0.27716555477395155,0.14358845409945342,
climode,7,raw,pinn_statistical,joint,pinn_statistical,observed_reconstruction,climode/pinn_statistical/vs_raw,whole_model_comparison,matched,latent_climode_transport_adaptation_v1,raw_climode_transport_adaptation_v1,1216918,248080,t2m,K,90.0,True,2.388644047733155,3.0380583796254315,0.6494143318922765,0.21375966184439954,0.09738260003507526,
climode,7,raw,pinn_statistical,joint,pinn_statistical,observed_reconstruction,climode/pinn_statistical/vs_raw,whole_model_comparison,matched,latent_climode_transport_adaptation_v1,raw_climode_transport_adaptation_v1,1216918,248080,t2m,K,96.0,True,2.2592556310696628,2.435394843081698,0.17613921201203508,0.07232470435436755,0.02680644880684835,
climode,7,raw,pinn_statistical,joint,pinn_statistical,observed_reconstruction,climode/pinn_statistical/vs_raw,whole_model_comparison,matched,latent_climode_transport_adaptation_v1,raw_climode_transport_adaptation_v1,1216918,248080,t2m,K,102.0,True,2.442647519454893,3.029005488113407,0.5863579686585143,0.19358101890522583,0.0894923614838874,
climode,7,raw,pinn_statistical,joint,pinn_statistical,observed_reconstruction,climode/pinn_statistical/vs_raw,whole_model_comparison,matched,latent_climode_transport_adaptation_v1,raw_climode_transport_adaptation_v1,1216918,248080,t2m,K,108.0,True,2.5770005707619426,3.476518137863882,0.8995175671019395,0.25874093890234695,0.1418866983389745,
climode,7,raw,pinn_statistical,joint,pinn_statistical,observed_reconstruction,climode/pinn_statistical/vs_raw,whole_model_comparison,matched,latent_climode_transport_adaptation_v1,raw_climode_transport_adaptation_v1,1216918,248080,t2m,K,114.0,True,2.477972071536104,3.1155548997497133,0.6375828282136093,0.20464503073427764,0.09802974519599317,
climode,7,raw,pinn_statistical,joint,pinn_statistical,observed_reconstruction,climode/pinn_statistical/vs_raw,whole_model_comparison,matched,latent_climode_transport_adaptation_v1,raw_climode_transport_adaptation_v1,1216918,248080,t2m,K,120.0,True,2.3575124686733133,2.554908999653792,0.1973965309804786,0.07726166803092682,0.028660701631621932,
climode,7,raw,pinn_statistical,joint,pinn_statistical,observed_reconstruction,climode/pinn_statistical/vs_raw,whole_model_comparison,matched,latent_climode_transport_adaptation_v1,raw_climode_transport_adaptation_v1,1216918,248080,u10,m s**-1,6.0,True,1.1272651728156244,0.9364116436699864,-0.19085352914563802,-0.2038137078236708,-0.023786919826187414,
climode,7,raw,pinn_statistical,joint,pinn_statistical,observed_reconstruction,climode/pinn_statistical/vs_raw,whole_model_comparison,matched,latent_climode_transport_adaptation_v1,raw_climode_transport_adaptation_v1,1216918,248080,u10,m s**-1,12.0,True,1.2649176759177072,1.3115525850960112,0.04663490917830404,0.03555702585488796,0.006963284907232636,
climode,7,raw,pinn_statistical,joint,pinn_statistical,observed_reconstruction,climode/pinn_statistical/vs_raw,whole_model_comparison,matched,latent_climode_transport_adaptation_v1,raw_climode_transport_adaptation_v1,1216918,248080,u10,m s**-1,18.0,True,1.4574042823753113,1.6036203335801091,0.14621605120479786,0.09117872113679681,0.028831939756376324,
climode,7,raw,pinn_statistical,joint,pinn_statistical,observed_reconstruction,climode/pinn_statistical/vs_raw,whole_model_comparison,matched,latent_climode_transport_adaptation_v1,raw_climode_transport_adaptation_v1,1216918,248080,u10,m s**-1,24.0,True,1.6151117266419355,1.7830547877599359,0.1679430611180004,0.09418839077232644,0.03857306004485517,
climode,7,raw,pinn_statistical,joint,pinn_statistical,observed_reconstruction,climode/pinn_statistical/vs_raw,whole_model_comparison,matched,latent_climode_transport_adaptation_v1,raw_climode_transport_adaptation_v1,1216918,248080,u10,m s**-1,30.0,True,1.7774905656557523,2.0009594292791344,0.22346886362338214,0.11168085686969131,0.061742918700530725,
climode,7,raw,pinn_statistical,joint,pinn_statistical,observed_reconstruction,climode/pinn_statistical/vs_raw,whole_model_comparison,matched,latent_climode_transport_adaptation_v1,raw_climode_transport_adaptation_v1,1216918,248080,u10,m s**-1,36.0,True,1.9196239504424133,2.145378491722609,0.22575454128019556,0.10522830453983356,0.07165767088974884,
climode,7,raw,pinn_statistical,joint,pinn_statistical,observed_reconstruction,climode/pinn_statistical/vs_raw,whole_model_comparison,matched,latent_climode_transport_adaptation_v1,raw_climode_transport_adaptation_v1,1216918,248080,u10,m s**-1,42.0,True,2.0446688712116483,2.266248813538307,0.22157994232665867,0.09777388122741237,0.07946747685029432,
climode,7,raw,pinn_statistical,joint,pinn_statistical,observed_reconstruction,climode/pinn_statistical/vs_raw,whole_model_comparison,matched,latent_climode_transport_adaptation_v1,raw_climode_transport_adaptation_v1,1216918,248080,u10,m s**-1,48.0,True,2.1502239077837864,2.3404046241254703,0.190180716341684,0.08125975926609186,0.07586858629600401,
climode,7,raw,pinn_statistical,joint,pinn_statistical,observed_reconstruction,climode/pinn_statistical/vs_raw,whole_model_comparison,matched,latent_climode_transport_adaptation_v1,raw_climode_transport_adaptation_v1,1216918,248080,u10,m s**-1,54.0,True,2.2532528290763767,2.437972913320297,0.18472008424392028,0.07576789850070498,0.08346668858726558,
climode,7,raw,pinn_statistical,joint,pinn_statistical,observed_reconstruction,climode/pinn_statistical/vs_raw,whole_model_comparison,matched,latent_climode_transport_adaptation_v1,raw_climode_transport_adaptation_v1,1216918,248080,u10,m s**-1,60.0,True,2.346050262870925,2.5021164654183696,0.15606620254744463,0.062373676327392436,0.08004878094775747,
climode,7,raw,pinn_statistical,joint,pinn_statistical,observed_reconstruction,climode/pinn_statistical/vs_raw,whole_model_comparison,matched,latent_climode_transport_adaptation_v1,raw_climode_transport_adaptation_v1,1216918,248080,u10,m s**-1,66.0,True,2.432989974217323,2.5617728600386407,0.1287828858213178,0.050271000926825016,0.07647363128832929,
climode,7,raw,pinn_statistical,joint,pinn_statistical,observed_reconstruction,climode/pinn_statistical/vs_raw,whole_model_comparison,matched,latent_climode_transport_adaptation_v1,raw_climode_transport_adaptation_v1,1216918,248080,u10,m s**-1,72.0,True,2.5028401616950937,2.595716554952979,0.09287639325788533,0.0357806375586982,0.06665243216553413,
climode,7,raw,pinn_statistical,joint,pinn_statistical,observed_reconstruction,climode/pinn_statistical/vs_raw,whole_model_comparison,matched,latent_climode_transport_adaptation_v1,raw_climode_transport_adaptation_v1,1216918,248080,u10,m s**-1,78.0,True,2.5718930206828956,2.648850823546433,0.0769578028635376,0.029053279323786985,0.06751575191330883,
climode,7,raw,pinn_statistical,joint,pinn_statistical,observed_reconstruction,climode/pinn_statistical/vs_raw,whole_model_comparison,matched,latent_climode_transport_adaptation_v1,raw_climode_transport_adaptation_v1,1216918,248080,u10,m s**-1,84.0,True,2.6290312494322983,2.6813710284488077,0.052339779016509436,0.019519782402806163,0.061568413028052715,
climode,7,raw,pinn_statistical,joint,pinn_statistical,observed_reconstruction,climode/pinn_statistical/vs_raw,whole_model_comparison,matched,latent_climode_transport_adaptation_v1,raw_climode_transport_adaptation_v1,1216918,248080,u10,m s**-1,90.0,True,2.6872835247582514,2.71501925114034,0.027735726382088544,0.0102156647215077,0.055564780961688764,
climode,7,raw,pinn_statistical,joint,pinn_statistical,observed_reconstruction,climode/pinn_statistical/vs_raw,whole_model_comparison,matched,latent_climode_transport_adaptation_v1,raw_climode_transport_adaptation_v1,1216918,248080,u10,m s**-1,96.0,True,2.725877531274817,2.730498400337993,0.004620869063175714,0.0016923170739099325,0.04760005835903969,
climode,7,raw,pinn_statistical,joint,pinn_statistical,observed_reconstruction,climode/pinn_statistical/vs_raw,whole_model_comparison,matched,latent_climode_transport_adaptation_v1,raw_climode_transport_adaptation_v1,1216918,248080,u10,m s**-1,102.0,True,2.767989435679091,2.762038493553502,-0.005950942125588998,-0.0021545471359210033,0.048041204392397896,
climode,7,raw,pinn_statistical,joint,pinn_statistical,observed_reconstruction,climode/pinn_statistical/vs_raw,whole_model_comparison,matched,latent_climode_transport_adaptation_v1,raw_climode_transport_adaptation_v1,1216918,248080,u10,m s**-1,108.0,True,2.799427342344507,2.779082784668264,-0.020344557676243102,-0.007320601526690895,0.04315845547008679,
climode,7,raw,pinn_statistical,joint,pinn_statistical,observed_reconstruction,climode/pinn_statistical/vs_raw,whole_model_comparison,matched,latent_climode_transport_adaptation_v1,raw_climode_transport_adaptation_v1,1216918,248080,u10,m s**-1,114.0,True,2.8356551795134535,2.799687694112083,-0.035967485401370514,-0.01284696342274616,0.03783849694198138,
climode,7,raw,pinn_statistical,joint,pinn_statistical,observed_reconstruction,climode/pinn_statistical/vs_raw,whole_model_comparison,matched,latent_climode_transport_adaptation_v1,raw_climode_transport_adaptation_v1,1216918,248080,u10,m s**-1,120.0,True,2.8569753258096102,2.8061286202824025,-0.050846705527207714,-0.018119877029047382,0.030278219001494244,
climode,7,raw,pinn_statistical,joint,pinn_statistical,observed_reconstruction,climode/pinn_statistical/vs_raw,whole_model_comparison,matched,latent_climode_transport_adaptation_v1,raw_climode_transport_adaptation_v1,1216918,248080,v10,m s**-1,6.0,True,1.2588656458892848,1.0682913613495992,-0.1905742845396856,-0.17839167425160896,-0.02632668685626227,
climode,7,raw,pinn_statistical,joint,pinn_statistical,observed_reconstruction,climode/pinn_statistical/vs_raw,whole_model_comparison,matched,latent_climode_transport_adaptation_v1,raw_climode_transport_adaptation_v1,1216918,248080,v10,m s**-1,12.0,True,1.402007364933594,1.5368341350508725,0.1348267701172785,0.08773020265639497,0.02271692217673127,
climode,7,raw,pinn_statistical,joint,pinn_statistical,observed_reconstruction,climode/pinn_statistical/vs_raw,whole_model_comparison,matched,latent_climode_transport_adaptation_v1,raw_climode_transport_adaptation_v1,1216918,248080,v10,m s**-1,18.0,True,1.6071427008169992,1.8667186386944001,0.25957593787740096,0.13905466656665022,0.0571447136368044,
climode,7,raw,pinn_statistical,joint,pinn_statistical,observed_reconstruction,climode/pinn_statistical/vs_raw,whole_model_comparison,matched,latent_climode_transport_adaptation_v1,raw_climode_transport_adaptation_v1,1216918,248080,v10,m s**-1,24.0,True,1.7755944404231092,2.0775607432056606,0.30196630278255143,0.14534655786603845,0.07801379298375621,
climode,7,raw,pinn_statistical,joint,pinn_statistical,observed_reconstruction,climode/pinn_statistical/vs_raw,whole_model_comparison,matched,latent_climode_transport_adaptation_v1,raw_climode_transport_adaptation_v1,1216918,248080,v10,m s**-1,30.0,True,1.938601802460259,2.288363204085819,0.3497614016255599,0.1528434826259525,0.10706285437410623,
climode,7,raw,pinn_statistical,joint,pinn_statistical,observed_reconstruction,climode/pinn_statistical/vs_raw,whole_model_comparison,matched,latent_climode_transport_adaptation_v1,raw_climode_transport_adaptation_v1,1216918,248080,v10,m s**-1,36.0,True,2.086553537478594,2.43592464456566,0.349371107087066,0.1434244314028692,0.12352314524866181,
climode,7,raw,pinn_statistical,joint,pinn_statistical,observed_reconstruction,climode/pinn_statistical/vs_raw,whole_model_comparison,matched,latent_climode_transport_adaptation_v1,raw_climode_transport_adaptation_v1,1216918,248080,v10,m s**-1,42.0,True,2.2209685554787955,2.5522889923311056,0.33132043685231016,0.12981305716078106,0.13345521702316043,
climode,7,raw,pinn_statistical,joint,pinn_statistical,observed_reconstruction,climode/pinn_statistical/vs_raw,whole_model_comparison,matched,latent_climode_transport_adaptation_v1,raw_climode_transport_adaptation_v1,1216918,248080,v10,m s**-1,48.0,True,2.341495120919928,2.630545918531976,0.289050797612048,0.10988243754868876,0.13102199403537418,
climode,7,raw,pinn_statistical,joint,pinn_statistical,observed_reconstruction,climode/pinn_statistical/vs_raw,whole_model_comparison,matched,latent_climode_transport_adaptation_v1,raw_climode_transport_adaptation_v1,1216918,248080,v10,m s**-1,54.0,True,2.451220373830954,2.7149468759676583,0.26372650213670434,0.09713873389979588,0.13642157256557969,
climode,7,raw,pinn_statistical,joint,pinn_statistical,observed_reconstruction,climode/pinn_statistical/vs_raw,whole_model_comparison,matched,latent_climode_transport_adaptation_v1,raw_climode_transport_adaptation_v1,1216918,248080,v10,m s**-1,60.0,True,2.5500829096986575,2.7721358544510175,0.22205294475236004,0.08010175417479115,0.13158670346559154,
climode,7,raw,pinn_statistical,joint,pinn_statistical,observed_reconstruction,climode/pinn_statistical/vs_raw,whole_model_comparison,matched,latent_climode_transport_adaptation_v1,raw_climode_transport_adaptation_v1,1216918,248080,v10,m s**-1,66.0,True,2.6370940813374872,2.8195080854742876,0.1824140041368003,0.0646971026884341,0.12489551851084657,
climode,7,raw,pinn_statistical,joint,pinn_statistical,observed_reconstruction,climode/pinn_statistical/vs_raw,whole_model_comparison,matched,latent_climode_transport_adaptation_v1,raw_climode_transport_adaptation_v1,1216918,248080,v10,m s**-1,72.0,True,2.7163722988988535,2.8493534787400123,0.13298117984115887,0.04667065031887985,0.10993799511405239,
climode,7,raw,pinn_statistical,joint,pinn_statistical,observed_reconstruction,climode/pinn_statistical/vs_raw,whole_model_comparison,matched,latent_climode_transport_adaptation_v1,raw_climode_transport_adaptation_v1,1216918,248080,v10,m s**-1,78.0,True,2.7806967668045965,2.8877682775774507,0.10707151077285415,0.037077597812895324,0.10735505985234062,
climode,7,raw,pinn_statistical,joint,pinn_statistical,observed_reconstruction,climode/pinn_statistical/vs_raw,whole_model_comparison,matched,latent_climode_transport_adaptation_v1,raw_climode_transport_adaptation_v1,1216918,248080,v10,m s**-1,84.0,True,2.8403185144582612,2.911040049553258,0.07072153509499657,0.02429425012749309,0.09609425966891089,
climode,7,raw,pinn_statistical,joint,pinn_statistical,observed_reconstruction,climode/pinn_statistical/vs_raw,whole_model_comparison,matched,latent_climode_transport_adaptation_v1,raw_climode_transport_adaptation_v1,1216918,248080,v10,m s**-1,90.0,True,2.8875885310847638,2.931386733212421,0.04379820212765706,0.014941120402649832,0.08725394569569855,
climode,7,raw,pinn_statistical,joint,pinn_statistical,observed_reconstruction,climode/pinn_statistical/vs_raw,whole_model_comparison,matched,latent_climode_transport_adaptation_v1,raw_climode_transport_adaptation_v1,1216918,248080,v10,m s**-1,96.0,True,2.9341092984790813,2.9423014949471735,0.008192196468092217,0.0027842817883078075,0.07097980028729861,
climode,7,raw,pinn_statistical,joint,pinn_statistical,observed_reconstruction,climode/pinn_statistical/vs_raw,whole_model_comparison,matched,latent_climode_transport_adaptation_v1,raw_climode_transport_adaptation_v1,1216918,248080,v10,m s**-1,102.0,True,2.9672715396084857,2.9624726463531785,-0.004798893255307135,-0.00161989453682021,0.06888193605201065,
climode,7,raw,pinn_statistical,joint,pinn_statistical,observed_reconstruction,climode/pinn_statistical/vs_raw,whole_model_comparison,matched,latent_climode_transport_adaptation_v1,raw_climode_transport_adaptation_v1,1216918,248080,v10,m s**-1,108.0,True,3.0010656796564756,2.9723872770981306,-0.028678402558345084,-0.00964827254486944,0.05737446012131969,
climode,7,raw,pinn_statistical,joint,pinn_statistical,observed_reconstruction,climode/pinn_statistical/vs_raw,whole_model_comparison,matched,latent_climode_transport_adaptation_v1,raw_climode_transport_adaptation_v1,1216918,248080,v10,m s**-1,114.0,True,3.025185704708958,2.9823176709749535,-0.042868033734004385,-0.014374066904814464,0.04954369216433874,
climode,7,raw,pinn_statistical,joint,pinn_statistical,observed_reconstruction,climode/pinn_statistical/vs_raw,whole_model_comparison,matched,latent_climode_transport_adaptation_v1,raw_climode_transport_adaptation_v1,1216918,248080,v10,m s**-1,120.0,True,3.0514413854940217,2.9857421613339272,-0.06569922416009444,-0.022004319398679195,0.03465134647421203,
climode,7,raw,pinn_statistical:kl_entropy,joint,pinn_statistical,observed_reconstruction,climode/pinn_statistical:kl_entropy/vs_raw,whole_model_comparison,matched,latent_climode_transport_adaptation_v1,raw_climode_transport_adaptation_v1,1216918,248080,msl,Pa,6.0,True,227.06958776966226,200.58421199898237,-26.485375770679894,-0.13204117864876763,-0.013475620134553723,
climode,7,raw,pinn_statistical:kl_entropy,joint,pinn_statistical,observed_reconstruction,climode/pinn_statistical:kl_entropy/vs_raw,whole_model_comparison,matched,latent_climode_transport_adaptation_v1,raw_climode_transport_adaptation_v1,1216918,248080,msl,Pa,12.0,True,244.23399263782812,252.72656113423173,8.492568496403607,0.03360378291181243,0.005150589966069763,
climode,7,raw,pinn_statistical:kl_entropy,joint,pinn_statistical,observed_reconstruction,climode/pinn_statistical:kl_entropy/vs_raw,whole_model_comparison,matched,latent_climode_transport_adaptation_v1,raw_climode_transport_adaptation_v1,1216918,248080,msl,Pa,18.0,True,295.8491450017323,333.7742141986874,37.925069196955064,0.11362492242848699,0.029480492607065756,
climode,7,raw,pinn_statistical:kl_entropy,joint,pinn_statistical,observed_reconstruction,climode/pinn_statistical:kl_entropy/vs_raw,whole_model_comparison,matched,latent_climode_transport_adaptation_v1,raw_climode_transport_adaptation_v1,1216918,248080,msl,Pa,24.0,True,316.9396922151674,363.99271848203307,47.053026266865686,0.1292691416001176,0.04032475411540415,
climode,7,raw,pinn_statistical:kl_entropy,joint,pinn_statistical,observed_reconstruction,climode/pinn_statistical:kl_entropy/vs_raw,whole_model_comparison,matched,latent_climode_transport_adaptation_v1,raw_climode_transport_adaptation_v1,1216918,248080,msl,Pa,30.0,True,358.4622573033463,426.32332273849084,67.86106543514455,0.15917746418196999,0.06949279391879148,
climode,7,raw,pinn_statistical:kl_entropy,joint,pinn_statistical,observed_reconstruction,climode/pinn_statistical:kl_entropy/vs_raw,whole_model_comparison,matched,latent_climode_transport_adaptation_v1,raw_climode_transport_adaptation_v1,1216918,248080,msl,Pa,36.0,True,387.78074304750197,455.227636340254,67.44689329275201,0.1481608055147594,0.07746917448688562,
climode,7,raw,pinn_statistical:kl_entropy,joint,pinn_statistical,observed_reconstruction,climode/pinn_statistical:kl_entropy/vs_raw,whole_model_comparison,matched,latent_climode_transport_adaptation_v1,raw_climode_transport_adaptation_v1,1216918,248080,msl,Pa,42.0,True,422.5037290288277,492.9056396241449,70.40191059531719,0.1428304018777321,0.0932274370686067,
climode,7,raw,pinn_statistical:kl_entropy,joint,pinn_statistical,observed_reconstruction,climode/pinn_statistical:kl_entropy/vs_raw,whole_model_comparison,matched,latent_climode_transport_adaptation_v1,raw_climode_transport_adaptation_v1,1216918,248080,msl,Pa,48.0,True,443.87843320231366,506.5855998075925,62.707166605278815,0.12378395009470422,0.08992378164675685,
climode,7,raw,pinn_statistical:kl_entropy,joint,pinn_statistical,observed_reconstruction,climode/pinn_statistical:kl_entropy/vs_raw,whole_model_comparison,matched,latent_climode_transport_adaptation_v1,raw_climode_transport_adaptation_v1,1216918,248080,msl,Pa,54.0,True,470.6479338391532,537.6154643070524,66.96753046789922,0.12456399585569133,0.10628582324852542,
climode,7,raw,pinn_statistical:kl_entropy,joint,pinn_statistical,observed_reconstruction,climode/pinn_statistical:kl_entropy/vs_raw,whole_model_comparison,matched,latent_climode_transport_adaptation_v1,raw_climode_transport_adaptation_v1,1216918,248080,msl,Pa,60.0,True,493.69560613575936,551.5523659849441,57.856759849184755,0.10489803582995438,0.10099195202834998,
climode,7,raw,pinn_statistical:kl_entropy,joint,pinn_statistical,observed_reconstruction,climode/pinn_statistical:kl_entropy/vs_raw,whole_model_comparison,matched,latent_climode_transport_adaptation_v1,raw_climode_transport_adaptation_v1,1216918,248080,msl,Pa,66.0,True,517.785476247254,571.1943373477362,53.40886110048223,0.09350383504934423,0.10449472133780013,
climode,7,raw,pinn_statistical:kl_entropy,joint,pinn_statistical,observed_reconstruction,climode/pinn_statistical:kl_entropy/vs_raw,whole_model_comparison,matched,latent_climode_transport_adaptation_v1,raw_climode_transport_adaptation_v1,1216918,248080,msl,Pa,72.0,True,532.7864418196737,576.7410963524325,43.95465453275881,0.0762121076697111,0.09407953324314722,
climode,7,raw,pinn_statistical:kl_entropy,joint,pinn_statistical,observed_reconstruction,climode/pinn_statistical:kl_entropy/vs_raw,whole_model_comparison,matched,latent_climode_transport_adaptation_v1,raw_climode_transport_adaptation_v1,1216918,248080,msl,Pa,78.0,True,550.9934343567431,595.0988370943453,44.10540273760216,0.07411441593963297,0.10240667059247865,
climode,7,raw,pinn_statistical:kl_entropy,joint,pinn_statistical,observed_reconstruction,climode/pinn_statistical:kl_entropy/vs_raw,whole_model_comparison,matched,latent_climode_transport_adaptation_v1,raw_climode_transport_adaptation_v1,1216918,248080,msl,Pa,84.0,True,564.8134412787776,602.9307031940808,38.117261915303175,0.06321997157114989,0.09709129639736047,
climode,7,raw,pinn_statistical:kl_entropy,joint,pinn_statistical,observed_reconstruction,climode/pinn_statistical:kl_entropy/vs_raw,whole_model_comparison,matched,latent_climode_transport_adaptation_v1,raw_climode_transport_adaptation_v1,1216918,248080,msl,Pa,90.0,True,581.933081363638,614.875802972391,32.942721608753004,0.05357622051396971,0.09566526556453503,
climode,7,raw,pinn_statistical:kl_entropy,joint,pinn_statistical,observed_reconstruction,climode/pinn_statistical:kl_entropy/vs_raw,whole_model_comparison,matched,latent_climode_transport_adaptation_v1,raw_climode_transport_adaptation_v1,1216918,248080,msl,Pa,96.0,True,590.6485782608825,617.1793556949192,26.530777434036736,0.04298714334695164,0.08639451050507974,
climode,7,raw,pinn_statistical:kl_entropy,joint,pinn_statistical,observed_reconstruction,climode/pinn_statistical:kl_entropy/vs_raw,whole_model_comparison,matched,latent_climode_transport_adaptation_v1,raw_climode_transport_adaptation_v1,1216918,248080,msl,Pa,102.0,True,603.682839600808,629.5459074450768,25.8630678442687,0.04108209987295497,0.0908782145572346,
climode,7,raw,pinn_statistical:kl_entropy,joint,pinn_statistical,observed_reconstruction,climode/pinn_statistical:kl_entropy/vs_raw,whole_model_comparison,matched,latent_climode_transport_adaptation_v1,raw_climode_transport_adaptation_v1,1216918,248080,msl,Pa,108.0,True,612.4878729535498,634.2766585948522,21.78878564130241,0.034352179519852255,0.08554113076555309,
climode,7,raw,pinn_statistical:kl_entropy,joint,pinn_statistical,observed_reconstruction,climode/pinn_statistical:kl_entropy/vs_raw,whole_model_comparison,matched,latent_climode_transport_adaptation_v1,raw_climode_transport_adaptation_v1,1216918,248080,msl,Pa,114.0,True,624.2920388263857,642.0037572665448,17.711718440159075,0.027588185021798273,0.08259257456259872,
climode,7,raw,pinn_statistical:kl_entropy,joint,pinn_statistical,observed_reconstruction,climode/pinn_statistical:kl_entropy/vs_raw,whole_model_comparison,matched,latent_climode_transport_adaptation_v1,raw_climode_transport_adaptation_v1,1216918,248080,msl,Pa,120.0,True,630.3693765753646,642.5306686872959,12.161292111931289,0.018927177650176708,0.0717489998225152,
climode,7,raw,pinn_statistical:kl_entropy,joint,pinn_statistical,observed_reconstruction,climode/pinn_statistical:kl_entropy/vs_raw,whole_model_comparison,matched,latent_climode_transport_adaptation_v1,raw_climode_transport_adaptation_v1,1216918,248080,t2m,K,6.0,True,2.4261168005371654,2.3894490461537465,-0.03666775438341885,-0.015345694206136073,-0.011371595274068391,
climode,7,raw,pinn_statistical:kl_entropy,joint,pinn_statistical,observed_reconstruction,climode/pinn_statistical:kl_entropy/vs_raw,whole_model_comparison,matched,latent_climode_transport_adaptation_v1,raw_climode_transport_adaptation_v1,1216918,248080,t2m,K,12.0,True,2.7987712224036474,3.2053175050940514,0.40654628269040405,0.12683494912572635,0.0627494100411844,
climode,7,raw,pinn_statistical:kl_entropy,joint,pinn_statistical,observed_reconstruction,climode/pinn_statistical:kl_entropy/vs_raw,whole_model_comparison,matched,latent_climode_transport_adaptation_v1,raw_climode_transport_adaptation_v1,1216918,248080,t2m,K,18.0,True,2.7876817678360046,2.628467963025881,-0.1592138048101237,-0.060572853483379596,0.03073045283682796,
climode,7,raw,pinn_statistical:kl_entropy,joint,pinn_statistical,observed_reconstruction,climode/pinn_statistical:kl_entropy/vs_raw,whole_model_comparison,matched,latent_climode_transport_adaptation_v1,raw_climode_transport_adaptation_v1,1216918,248080,t2m,K,24.0,True,2.57217532919326,1.7324349965690795,-0.8397403326241804,-0.484716791271941,-0.04846937377808547,
climode,7,raw,pinn_statistical:kl_entropy,joint,pinn_statistical,observed_reconstruction,climode/pinn_statistical:kl_entropy/vs_raw,whole_model_comparison,matched,latent_climode_transport_adaptation_v1,raw_climode_transport_adaptation_v1,1216918,248080,t2m,K,30.0,True,2.6648527938039837,2.707321266203011,0.0424684723990274,0.01568652857316377,0.018334295475536888,
climode,7,raw,pinn_statistical:kl_entropy,joint,pinn_statistical,observed_reconstruction,climode/pinn_statistical:kl_entropy/vs_raw,whole_model_comparison,matched,latent_climode_transport_adaptation_v1,raw_climode_transport_adaptation_v1,1216918,248080,t2m,K,36.0,True,2.6599628457982454,3.294263305905999,0.6343004601077538,0.19254698280206428,0.08800777655544201,
climode,7,raw,pinn_statistical:kl_entropy,joint,pinn_statistical,observed_reconstruction,climode/pinn_statistical:kl_entropy/vs_raw,whole_model_comparison,matched,latent_climode_transport_adaptation_v1,raw_climode_transport_adaptation_v1,1216918,248080,t2m,K,42.0,True,2.428472691980263,2.807822010424854,0.3793493184445911,0.13510447494041522,0.05818842881614705,
climode,7,raw,pinn_statistical:kl_entropy,joint,pinn_statistical,observed_reconstruction,climode/pinn_statistical:kl_entropy/vs_raw,whole_model_comparison,matched,latent_climode_transport_adaptation_v1,raw_climode_transport_adaptation_v1,1216918,248080,t2m,K,48.0,True,2.1529798731402687,2.06707583546821,-0.08590403767205856,-0.04155824193677948,0.0015813789225781472,
climode,7,raw,pinn_statistical:kl_entropy,joint,pinn_statistical,observed_reconstruction,climode/pinn_statistical:kl_entropy/vs_raw,whole_model_comparison,matched,latent_climode_transport_adaptation_v1,raw_climode_transport_adaptation_v1,1216918,248080,t2m,K,54.0,True,2.3800811467936547,2.8364777012783033,0.45639655448464866,0.16090257091708016,0.06291503728381331,
climode,7,raw,pinn_statistical:kl_entropy,joint,pinn_statistical,observed_reconstruction,climode/pinn_statistical:kl_entropy/vs_raw,whole_model_comparison,matched,latent_climode_transport_adaptation_v1,raw_climode_transport_adaptation_v1,1216918,248080,t2m,K,60.0,True,2.51912901929823,3.363313388523815,0.844184369225585,0.2509978321098719,0.11841505275767616,
climode,7,raw,pinn_statistical:kl_entropy,joint,pinn_statistical,observed_reconstruction,climode/pinn_statistical:kl_entropy/vs_raw,whole_model_comparison,matched,latent_climode_transport_adaptation_v1,raw_climode_transport_adaptation_v1,1216918,248080,t2m,K,66.0,True,2.4420382875374487,2.9399877516345296,0.49794946409708096,0.1693712716388831,0.07269069654410953,
climode,7,raw,pinn_statistical:kl_entropy,joint,pinn_statistical,observed_reconstruction,climode/pinn_statistical:kl_entropy/vs_raw,whole_model_comparison,matched,latent_climode_transport_adaptation_v1,raw_climode_transport_adaptation_v1,1216918,248080,t2m,K,72.0,True,2.296282696447205,2.283224528637078,-0.013058167810127141,-0.005719178138788639,0.008823027645689319,
climode,7,raw,pinn_statistical:kl_entropy,joint,pinn_statistical,observed_reconstruction,climode/pinn_statistical:kl_entropy/vs_raw,whole_model_comparison,matched,latent_climode_transport_adaptation_v1,raw_climode_transport_adaptation_v1,1216918,248080,t2m,K,78.0,True,2.527628316516982,2.94418014677292,0.4165518302559379,0.14148313265155166,0.0636634544533502,
climode,7,raw,pinn_statistical:kl_entropy,joint,pinn_statistical,observed_reconstruction,climode/pinn_statistical:kl_entropy/vs_raw,whole_model_comparison,matched,latent_climode_transport_adaptation_v1,raw_climode_transport_adaptation_v1,1216918,248080,t2m,K,84.0,True,2.644024278048009,3.4247628158215253,0.7807385377735163,0.22796864476766232,0.11599735194410243,
climode,7,raw,pinn_statistical:kl_entropy,joint,pinn_statistical,observed_reconstruction,climode/pinn_statistical:kl_entropy/vs_raw,whole_model_comparison,matched,latent_climode_transport_adaptation_v1,raw_climode_transport_adaptation_v1,1216918,248080,t2m,K,90.0,True,2.5748339574237256,3.0380583796254315,0.4632244222017059,0.15247383832657546,0.07266403810643285,
climode,7,raw,pinn_statistical:kl_entropy,joint,pinn_statistical,observed_reconstruction,climode/pinn_statistical:kl_entropy/vs_raw,whole_model_comparison,matched,latent_climode_transport_adaptation_v1,raw_climode_transport_adaptation_v1,1216918,248080,t2m,K,96.0,True,2.4437827846993234,2.435394843081698,-0.008387941617625572,-0.0034441813989438685,0.00969334803918609,
climode,7,raw,pinn_statistical:kl_entropy,joint,pinn_statistical,observed_reconstruction,climode/pinn_statistical:kl_entropy/vs_raw,whole_model_comparison,matched,latent_climode_transport_adaptation_v1,raw_climode_transport_adaptation_v1,1216918,248080,t2m,K,102.0,True,2.6341858677345478,3.029005488113407,0.3948196203788594,0.13034628756145628,0.06405268436020262,
climode,7,raw,pinn_statistical:kl_entropy,joint,pinn_statistical,observed_reconstruction,climode/pinn_statistical:kl_entropy/vs_raw,whole_model_comparison,matched,latent_climode_transport_adaptation_v1,raw_climode_transport_adaptation_v1,1216918,248080,t2m,K,108.0,True,2.7253743000463087,3.476518137863882,0.7511438378175734,0.2160621081295746,0.11542981543680009,
climode,7,raw,pinn_statistical:kl_entropy,joint,pinn_statistical,observed_reconstruction,climode/pinn_statistical:kl_entropy/vs_raw,whole_model_comparison,matched,latent_climode_transport_adaptation_v1,raw_climode_transport_adaptation_v1,1216918,248080,t2m,K,114.0,True,2.6231403541530796,3.1155548997497133,0.4924145455966338,0.15805035104218246,0.07587806787794849,
climode,7,raw,pinn_statistical:kl_entropy,joint,pinn_statistical,observed_reconstruction,climode/pinn_statistical:kl_entropy/vs_raw,whole_model_comparison,matched,latent_climode_transport_adaptation_v1,raw_climode_transport_adaptation_v1,1216918,248080,t2m,K,120.0,True,2.497786861724618,2.554908999653792,0.05712213792917398,0.0223577974545921,0.013524508359228693,
climode,7,raw,pinn_statistical:kl_entropy,joint,pinn_statistical,observed_reconstruction,climode/pinn_statistical:kl_entropy/vs_raw,whole_model_comparison,matched,latent_climode_transport_adaptation_v1,raw_climode_transport_adaptation_v1,1216918,248080,u10,m s**-1,6.0,True,1.13960180413477,0.9364116436699864,-0.20319016046478355,-0.21698807553101362,-0.025461767352736975,
climode,7,raw,pinn_statistical:kl_entropy,joint,pinn_statistical,observed_reconstruction,climode/pinn_statistical:kl_entropy/vs_raw,whole_model_comparison,matched,latent_climode_transport_adaptation_v1,raw_climode_transport_adaptation_v1,1216918,248080,u10,m s**-1,12.0,True,1.2710142086704084,1.3115525850960112,0.04053837642560287,0.03090869316736944,0.006048508323262314,
climode,7,raw,pinn_statistical:kl_entropy,joint,pinn_statistical,observed_reconstruction,climode/pinn_statistical:kl_entropy/vs_raw,whole_model_comparison,matched,latent_climode_transport_adaptation_v1,raw_climode_transport_adaptation_v1,1216918,248080,u10,m s**-1,18.0,True,1.459766890553039,1.6036203335801091,0.14385344302707015,0.08970542466614584,0.028392676420883944,
climode,7,raw,pinn_statistical:kl_entropy,joint,pinn_statistical,observed_reconstruction,climode/pinn_statistical:kl_entropy/vs_raw,whole_model_comparison,matched,latent_climode_transport_adaptation_v1,raw_climode_transport_adaptation_v1,1216918,248080,u10,m s**-1,24.0,True,1.6159090300416168,1.7830547877599359,0.16714575771831908,0.09374123491084951,0.038326262833075164,
climode,7,raw,pinn_statistical:kl_entropy,joint,pinn_statistical,observed_reconstruction,climode/pinn_statistical:kl_entropy/vs_raw,whole_model_comparison,matched,latent_climode_transport_adaptation_v1,raw_climode_transport_adaptation_v1,1216918,248080,u10,m s**-1,30.0,True,1.7734808051651312,2.0009594292791344,0.22747862411400321,0.11368477580575165,0.06271892548336777,
climode,7,raw,pinn_statistical:kl_entropy,joint,pinn_statistical,observed_reconstruction,climode/pinn_statistical:kl_entropy/vs_raw,whole_model_comparison,matched,latent_climode_transport_adaptation_v1,raw_climode_transport_adaptation_v1,1216918,248080,u10,m s**-1,36.0,True,1.9142096287180919,2.145378491722609,0.231168863004517,0.10775201853492178,0.07336870316250688,
climode,7,raw,pinn_statistical:kl_entropy,joint,pinn_statistical,observed_reconstruction,climode/pinn_statistical:kl_entropy/vs_raw,whole_model_comparison,matched,latent_climode_transport_adaptation_v1,raw_climode_transport_adaptation_v1,1216918,248080,u10,m s**-1,42.0,True,2.038911209838259,2.266248813538307,0.22733760370004807,0.10031449430528527,0.08178485890740239,
climode,7,raw,pinn_statistical:kl_entropy,joint,pinn_statistical,observed_reconstruction,climode/pinn_statistical:kl_entropy/vs_raw,whole_model_comparison,matched,latent_climode_transport_adaptation_v1,raw_climode_transport_adaptation_v1,1216918,248080,u10,m s**-1,48.0,True,2.1454122594419425,2.3404046241254703,0.19499236468352787,0.08331566374185828,0.0784357806750482,
climode,7,raw,pinn_statistical:kl_entropy,joint,pinn_statistical,observed_reconstruction,climode/pinn_statistical:kl_entropy/vs_raw,whole_model_comparison,matched,latent_climode_transport_adaptation_v1,raw_climode_transport_adaptation_v1,1216918,248080,u10,m s**-1,54.0,True,2.244911847972288,2.437972913320297,0.19306106534800893,0.07918917568492478,0.0876489360472722,
climode,7,raw,pinn_statistical:kl_entropy,joint,pinn_statistical,observed_reconstruction,climode/pinn_statistical:kl_entropy/vs_raw,whole_model_comparison,matched,latent_climode_transport_adaptation_v1,raw_climode_transport_adaptation_v1,1216918,248080,u10,m s**-1,60.0,True,2.3366424383889273,2.5021164654183696,0.16547402702944236,0.0661336230013474,0.08520540847005775,
climode,7,raw,pinn_statistical:kl_entropy,joint,pinn_statistical,observed_reconstruction,climode/pinn_statistical:kl_entropy/vs_raw,whole_model_comparison,matched,latent_climode_transport_adaptation_v1,raw_climode_transport_adaptation_v1,1216918,248080,u10,m s**-1,66.0,True,2.419672699880428,2.5617728600386407,0.14210016015821259,0.055469461159046385,0.08370432816933415,
climode,7,raw,pinn_statistical:kl_entropy,joint,pinn_statistical,observed_reconstruction,climode/pinn_statistical:kl_entropy/vs_raw,whole_model_comparison,matched,latent_climode_transport_adaptation_v1,raw_climode_transport_adaptation_v1,1216918,248080,u10,m s**-1,72.0,True,2.487019153158247,2.595716554952979,0.10869740179473197,0.04187568229948779,0.07543659732145974,
climode,7,raw,pinn_statistical:kl_entropy,joint,pinn_statistical,observed_reconstruction,climode/pinn_statistical:kl_entropy/vs_raw,whole_model_comparison,matched,latent_climode_transport_adaptation_v1,raw_climode_transport_adaptation_v1,1216918,248080,u10,m s**-1,78.0,True,2.5504708534551526,2.648850823546433,0.09837997009128063,0.03714062310219646,0.07885848838440213,
climode,7,raw,pinn_statistical:kl_entropy,joint,pinn_statistical,observed_reconstruction,climode/pinn_statistical:kl_entropy/vs_raw,whole_model_comparison,matched,latent_climode_transport_adaptation_v1,raw_climode_transport_adaptation_v1,1216918,248080,u10,m s**-1,84.0,True,2.605255799418744,2.6813710284488077,0.07611522903006351,0.028386682865778834,0.07430799230170892,
climode,7,raw,pinn_statistical:kl_entropy,joint,pinn_statistical,observed_reconstruction,climode/pinn_statistical:kl_entropy/vs_raw,whole_model_comparison,matched,latent_climode_transport_adaptation_v1,raw_climode_transport_adaptation_v1,1216918,248080,u10,m s**-1,90.0,True,2.6591690062943294,2.71501925114034,0.05585024484601053,0.020570846715931346,0.07062017489453276,
climode,7,raw,pinn_statistical:kl_entropy,joint,pinn_statistical,observed_reconstruction,climode/pinn_statistical:kl_entropy/vs_raw,whole_model_comparison,matched,latent_climode_transport_adaptation_v1,raw_climode_transport_adaptation_v1,1216918,248080,u10,m s**-1,96.0,True,2.6984334216016057,2.730498400337993,0.03206497873638714,0.011743269555630542,0.06246275042870658,
climode,7,raw,pinn_statistical:kl_entropy,joint,pinn_statistical,observed_reconstruction,climode/pinn_statistical:kl_entropy/vs_raw,whole_model_comparison,matched,latent_climode_transport_adaptation_v1,raw_climode_transport_adaptation_v1,1216918,248080,u10,m s**-1,102.0,True,2.73769218764453,2.762038493553502,0.02434630590897191,0.008814614990267255,0.06389833051475552,
climode,7,raw,pinn_statistical:kl_entropy,joint,pinn_statistical,observed_reconstruction,climode/pinn_statistical:kl_entropy/vs_raw,whole_model_comparison,matched,latent_climode_transport_adaptation_v1,raw_climode_transport_adaptation_v1,1216918,248080,u10,m s**-1,108.0,True,2.7702897800992146,2.779082784668264,0.008793004569049412,0.003163995192068003,0.05851112962738442,
climode,7,raw,pinn_statistical:kl_entropy,joint,pinn_statistical,observed_reconstruction,climode/pinn_statistical:kl_entropy/vs_raw,whole_model_comparison,matched,latent_climode_transport_adaptation_v1,raw_climode_transport_adaptation_v1,1216918,248080,u10,m s**-1,114.0,True,2.8041141534061267,2.799687694112083,-0.0044264592940437275,-0.0015810546666876757,0.05479074761998637,
climode,7,raw,pinn_statistical:kl_entropy,joint,pinn_statistical,observed_reconstruction,climode/pinn_statistical:kl_entropy/vs_raw,whole_model_comparison,matched,latent_climode_transport_adaptation_v1,raw_climode_transport_adaptation_v1,1216918,248080,u10,m s**-1,120.0,True,2.8291256462757803,2.8061286202824025,-0.02299702599337783,-0.008195285785247863,0.04550741013676557,
climode,7,raw,pinn_statistical:kl_entropy,joint,pinn_statistical,observed_reconstruction,climode/pinn_statistical:kl_entropy/vs_raw,whole_model_comparison,matched,latent_climode_transport_adaptation_v1,raw_climode_transport_adaptation_v1,1216918,248080,v10,m s**-1,6.0,True,1.2563363198940123,1.0682913613495992,-0.18804495854441305,-0.17602403740010697,-0.025724352113709603,
climode,7,raw,pinn_statistical:kl_entropy,joint,pinn_statistical,observed_reconstruction,climode/pinn_statistical:kl_entropy/vs_raw,whole_model_comparison,matched,latent_climode_transport_adaptation_v1,raw_climode_transport_adaptation_v1,1216918,248080,v10,m s**-1,12.0,True,1.3980492368545567,1.5368341350508725,0.1387848981963158,0.09030571031123125,0.022815880493241125,
climode,7,raw,pinn_statistical:kl_entropy,joint,pinn_statistical,observed_reconstruction,climode/pinn_statistical:kl_entropy/vs_raw,whole_model_comparison,matched,latent_climode_transport_adaptation_v1,raw_climode_transport_adaptation_v1,1216918,248080,v10,m s**-1,18.0,True,1.6001501660289454,1.8667186386944001,0.2665684726654547,0.14280056305212396,0.057680795665774554,
climode,7,raw,pinn_statistical:kl_entropy,joint,pinn_statistical,observed_reconstruction,climode/pinn_statistical:kl_entropy/vs_raw,whole_model_comparison,matched,latent_climode_transport_adaptation_v1,raw_climode_transport_adaptation_v1,1216918,248080,v10,m s**-1,24.0,True,1.7692939884943266,2.0775607432056606,0.308266754711334,0.14837917770610198,0.07860196996557312,
climode,7,raw,pinn_statistical:kl_entropy,joint,pinn_statistical,observed_reconstruction,climode/pinn_statistical:kl_entropy/vs_raw,whole_model_comparison,matched,latent_climode_transport_adaptation_v1,raw_climode_transport_adaptation_v1,1216918,248080,v10,m s**-1,30.0,True,1.9345427006858253,2.288363204085819,0.3538205033999935,0.15461728399069485,0.10783993161017502,
climode,7,raw,pinn_statistical:kl_entropy,joint,pinn_statistical,observed_reconstruction,climode/pinn_statistical:kl_entropy/vs_raw,whole_model_comparison,matched,latent_climode_transport_adaptation_v1,raw_climode_transport_adaptation_v1,1216918,248080,v10,m s**-1,36.0,True,2.07951759984962,2.43592464456566,0.3564070447160401,0.14631283669269235,0.12598581173922785,
climode,7,raw,pinn_statistical:kl_entropy,joint,pinn_statistical,observed_reconstruction,climode/pinn_statistical:kl_entropy/vs_raw,whole_model_comparison,matched,latent_climode_transport_adaptation_v1,raw_climode_transport_adaptation_v1,1216918,248080,v10,m s**-1,42.0,True,2.214391396680157,2.5522889923311056,0.33789759565094846,0.132390021923941,0.13711816049029513,
climode,7,raw,pinn_statistical:kl_entropy,joint,pinn_statistical,observed_reconstruction,climode/pinn_statistical:kl_entropy/vs_raw,whole_model_comparison,matched,latent_climode_transport_adaptation_v1,raw_climode_transport_adaptation_v1,1216918,248080,v10,m s**-1,48.0,True,2.3325652199788163,2.630545918531976,0.2979806985531597,0.11327713249706484,0.13681566206342077,
climode,7,raw,pinn_statistical:kl_entropy,joint,pinn_statistical,observed_reconstruction,climode/pinn_statistical:kl_entropy/vs_raw,whole_model_comparison,matched,latent_climode_transport_adaptation_v1,raw_climode_transport_adaptation_v1,1216918,248080,v10,m s**-1,54.0,True,2.4443035958248474,2.7149468759676583,0.2706432801428109,0.09968639995813866,0.1428955463231138,
climode,7,raw,pinn_statistical:kl_entropy,joint,pinn_statistical,observed_reconstruction,climode/pinn_statistical:kl_entropy/vs_raw,whole_model_comparison,matched,latent_climode_transport_adaptation_v1,raw_climode_transport_adaptation_v1,1216918,248080,v10,m s**-1,60.0,True,2.5410789701444467,2.7721358544510175,0.2310568843065708,0.08334976943340622,0.14020798742171037,
climode,7,raw,pinn_statistical:kl_entropy,joint,pinn_statistical,observed_reconstruction,climode/pinn_statistical:kl_entropy/vs_raw,whole_model_comparison,matched,latent_climode_transport_adaptation_v1,raw_climode_transport_adaptation_v1,1216918,248080,v10,m s**-1,66.0,True,2.627921553190345,2.8195080854742876,0.19158653228394273,0.06795033973159004,0.13506120033216296,
climode,7,raw,pinn_statistical:kl_entropy,joint,pinn_statistical,observed_reconstruction,climode/pinn_statistical:kl_entropy/vs_raw,whole_model_comparison,matched,latent_climode_transport_adaptation_v1,raw_climode_transport_adaptation_v1,1216918,248080,v10,m s**-1,72.0,True,2.7031112643551025,2.8493534787400123,0.1462422143849098,0.051324700664930556,0.12325441033337259,
climode,7,raw,pinn_statistical:kl_entropy,joint,pinn_statistical,observed_reconstruction,climode/pinn_statistical:kl_entropy/vs_raw,whole_model_comparison,matched,latent_climode_transport_adaptation_v1,raw_climode_transport_adaptation_v1,1216918,248080,v10,m s**-1,78.0,True,2.7689757741442245,2.8877682775774507,0.11879250343322623,0.04113643894339103,0.12094855911314678,
climode,7,raw,pinn_statistical:kl_entropy,joint,pinn_statistical,observed_reconstruction,climode/pinn_statistical:kl_entropy/vs_raw,whole_model_comparison,matched,latent_climode_transport_adaptation_v1,raw_climode_transport_adaptation_v1,1216918,248080,v10,m s**-1,84.0,True,2.82726647051859,2.911040049553258,0.08377357903466764,0.02877788611926657,0.11117881224033199,
climode,7,raw,pinn_statistical:kl_entropy,joint,pinn_statistical,observed_reconstruction,climode/pinn_statistical:kl_entropy/vs_raw,whole_model_comparison,matched,latent_climode_transport_adaptation_v1,raw_climode_transport_adaptation_v1,1216918,248080,v10,m s**-1,90.0,True,2.876484288141896,2.931386733212421,0.054902445070524664,0.018729171572103964,0.10231749062845458,
climode,7,raw,pinn_statistical:kl_entropy,joint,pinn_statistical,observed_reconstruction,climode/pinn_statistical:kl_entropy/vs_raw,whole_model_comparison,matched,latent_climode_transport_adaptation_v1,raw_climode_transport_adaptation_v1,1216918,248080,v10,m s**-1,96.0,True,2.9207098332978325,2.9423014949471735,0.02159166164934101,0.007338357978072807,0.08812050741688182,
climode,7,raw,pinn_statistical:kl_entropy,joint,pinn_statistical,observed_reconstruction,climode/pinn_statistical:kl_entropy/vs_raw,whole_model_comparison,matched,latent_climode_transport_adaptation_v1,raw_climode_transport_adaptation_v1,1216918,248080,v10,m s**-1,102.0,True,2.9557474992056068,2.9624726463531785,0.006725147147571775,0.002270112824788617,0.08508200163767732,
climode,7,raw,pinn_statistical:kl_entropy,joint,pinn_statistical,observed_reconstruction,climode/pinn_statistical:kl_entropy/vs_raw,whole_model_comparison,matched,latent_climode_transport_adaptation_v1,raw_climode_transport_adaptation_v1,1216918,248080,v10,m s**-1,108.0,True,2.9894733223449736,2.9723872770981306,-0.017086045246843096,-0.0057482567559379305,0.07381943424315096,
climode,7,raw,pinn_statistical:kl_entropy,joint,pinn_statistical,observed_reconstruction,climode/pinn_statistical:kl_entropy/vs_raw,whole_model_comparison,matched,latent_climode_transport_adaptation_v1,raw_climode_transport_adaptation_v1,1216918,248080,v10,m s**-1,114.0,True,3.01613796913242,2.9823176709749535,-0.03382029815746668,-0.011340273535116241,0.06505867299312496,
climode,7,raw,pinn_statistical:kl_entropy,joint,pinn_statistical,observed_reconstruction,climode/pinn_statistical:kl_entropy/vs_raw,whole_model_comparison,matched,latent_climode_transport_adaptation_v1,raw_climode_transport_adaptation_v1,1216918,248080,v10,m s**-1,120.0,True,3.0406445648002935,2.9857421613339272,-0.05490240346636632,-0.018388193119072804,0.05148925760834283,
convlstm,7,raw,pinn_statistical,joint,pinn_statistical,observed_reconstruction,convlstm/pinn_statistical/vs_raw,whole_model_comparison,matched,convlstm_time_conditioned_adaptation_v1,convlstm_time_conditioned_adaptation_v1,1604278,855940,msl,Pa,6.0,True,233.21737750558066,172.0598390612939,-61.15753844428676,-0.3554434246709963,-0.02744320229564068,
convlstm,7,raw,pinn_statistical,joint,pinn_statistical,observed_reconstruction,convlstm/pinn_statistical/vs_raw,whole_model_comparison,matched,convlstm_time_conditioned_adaptation_v1,convlstm_time_conditioned_adaptation_v1,1604278,855940,msl,Pa,12.0,True,253.66437176553364,220.15130522160592,-33.51306654392772,-0.15222742608858586,-0.01894437806258953,
convlstm,7,raw,pinn_statistical,joint,pinn_statistical,observed_reconstruction,convlstm/pinn_statistical/vs_raw,whole_model_comparison,matched,convlstm_time_conditioned_adaptation_v1,convlstm_time_conditioned_adaptation_v1,1604278,855940,msl,Pa,18.0,True,305.4707277562446,278.9779013794803,-26.492826376764356,-0.09496388870144745,-0.020213338069948072,
convlstm,7,raw,pinn_statistical,joint,pinn_statistical,observed_reconstruction,convlstm/pinn_statistical/vs_raw,whole_model_comparison,matched,convlstm_time_conditioned_adaptation_v1,convlstm_time_conditioned_adaptation_v1,1604278,855940,msl,Pa,24.0,True,333.96223415719794,305.30787240763027,-28.65436174956767,-0.09385398916707244,-0.023916330925503604,
convlstm,7,raw,pinn_statistical,joint,pinn_statistical,observed_reconstruction,convlstm/pinn_statistical/vs_raw,whole_model_comparison,matched,convlstm_time_conditioned_adaptation_v1,convlstm_time_conditioned_adaptation_v1,1604278,855940,msl,Pa,30.0,True,376.545630241319,347.0896398036825,-29.4559904376365,-0.08486565733940399,-0.02935599531940125,
convlstm,7,raw,pinn_statistical,joint,pinn_statistical,observed_reconstruction,convlstm/pinn_statistical/vs_raw,whole_model_comparison,matched,convlstm_time_conditioned_adaptation_v1,convlstm_time_conditioned_adaptation_v1,1604278,855940,msl,Pa,36.0,True,407.50870590671707,377.0325688716261,-30.47613703509097,-0.08083157676881658,-0.03525325249869915,
convlstm,7,raw,pinn_statistical,joint,pinn_statistical,observed_reconstruction,convlstm/pinn_statistical/vs_raw,whole_model_comparison,matched,convlstm_time_conditioned_adaptation_v1,convlstm_time_conditioned_adaptation_v1,1604278,855940,msl,Pa,42.0,True,437.7890225148655,404.82502001360547,-32.96400250126004,-0.08142777958771474,-0.04262968025115066,
convlstm,7,raw,pinn_statistical,joint,pinn_statistical,observed_reconstruction,convlstm/pinn_statistical/vs_raw,whole_model_comparison,matched,convlstm_time_conditioned_adaptation_v1,convlstm_time_conditioned_adaptation_v1,1604278,855940,msl,Pa,48.0,True,459.1339126477414,420.22919246587566,-38.90472018186574,-0.09257976570731685,-0.05144776682753638,
convlstm,7,raw,pinn_statistical,joint,pinn_statistical,observed_reconstruction,convlstm/pinn_statistical/vs_raw,whole_model_comparison,matched,convlstm_time_conditioned_adaptation_v1,convlstm_time_conditioned_adaptation_v1,1604278,855940,msl,Pa,54.0,True,481.72020190190926,443.9907848251947,-37.72941707671458,-0.08497792829544681,-0.05491579629147658,
convlstm,7,raw,pinn_statistical,joint,pinn_statistical,observed_reconstruction,convlstm/pinn_statistical/vs_raw,whole_model_comparison,matched,convlstm_time_conditioned_adaptation_v1,convlstm_time_conditioned_adaptation_v1,1604278,855940,msl,Pa,60.0,True,500.0765009960043,462.7036215366646,-37.372879459339686,-0.0807706655401188,-0.05985693796373026,
convlstm,7,raw,pinn_statistical,joint,pinn_statistical,observed_reconstruction,convlstm/pinn_statistical/vs_raw,whole_model_comparison,matched,convlstm_time_conditioned_adaptation_v1,convlstm_time_conditioned_adaptation_v1,1604278,855940,msl,Pa,66.0,True,518.0311331911572,482.2633572481185,-35.767775943038714,-0.07416648062821118,-0.06261032808683009,
convlstm,7,raw,pinn_statistical,joint,pinn_statistical,observed_reconstruction,convlstm/pinn_statistical/vs_raw,whole_model_comparison,matched,convlstm_time_conditioned_adaptation_v1,convlstm_time_conditioned_adaptation_v1,1604278,855940,msl,Pa,72.0,True,531.3357700958298,491.88970289413083,-39.44606720169901,-0.0801929110725641,-0.069291688448885,
convlstm,7,raw,pinn_statistical,joint,pinn_statistical,observed_reconstruction,convlstm/pinn_statistical/vs_raw,whole_model_comparison,matched,convlstm_time_conditioned_adaptation_v1,convlstm_time_conditioned_adaptation_v1,1604278,855940,msl,Pa,78.0,True,544.2918906341125,510.48236379682737,-33.80952683728515,-0.06623054827167629,-0.06612206793341846,
convlstm,7,raw,pinn_statistical,joint,pinn_statistical,observed_reconstruction,convlstm/pinn_statistical/vs_raw,whole_model_comparison,matched,convlstm_time_conditioned_adaptation_v1,convlstm_time_conditioned_adaptation_v1,1604278,855940,msl,Pa,84.0,True,555.9116031691846,522.0921324061113,-33.81947076307324,-0.06477682513086913,-0.06990536400107406,
convlstm,7,raw,pinn_statistical,joint,pinn_statistical,observed_reconstruction,convlstm/pinn_statistical/vs_raw,whole_model_comparison,matched,convlstm_time_conditioned_adaptation_v1,convlstm_time_conditioned_adaptation_v1,1604278,855940,msl,Pa,90.0,True,566.9923390944032,537.2175712946557,-29.77476779974745,-0.05542403932915363,-0.06740342622111117,
convlstm,7,raw,pinn_statistical,joint,pinn_statistical,observed_reconstruction,convlstm/pinn_statistical/vs_raw,whole_model_comparison,matched,convlstm_time_conditioned_adaptation_v1,convlstm_time_conditioned_adaptation_v1,1604278,855940,msl,Pa,96.0,True,575.5194336635153,543.6238425839254,-31.895591079589963,-0.05867217105119127,-0.07134408427298056,
convlstm,7,raw,pinn_statistical,joint,pinn_statistical,observed_reconstruction,convlstm/pinn_statistical/vs_raw,whole_model_comparison,matched,convlstm_time_conditioned_adaptation_v1,convlstm_time_conditioned_adaptation_v1,1604278,855940,msl,Pa,102.0,True,583.6437875601047,558.0627500934393,-25.581037466665407,-0.04583899832479821,-0.06469084925825097,
convlstm,7,raw,pinn_statistical,joint,pinn_statistical,observed_reconstruction,convlstm/pinn_statistical/vs_raw,whole_model_comparison,matched,convlstm_time_conditioned_adaptation_v1,convlstm_time_conditioned_adaptation_v1,1604278,855940,msl,Pa,108.0,True,591.112194245802,566.0135598598374,-25.0986343859646,-0.04434281467069412,-0.06601348628051429,
convlstm,7,raw,pinn_statistical,joint,pinn_statistical,observed_reconstruction,convlstm/pinn_statistical/vs_raw,whole_model_comparison,matched,convlstm_time_conditioned_adaptation_v1,convlstm_time_conditioned_adaptation_v1,1604278,855940,msl,Pa,114.0,True,598.8093703378104,576.0882200707149,-22.72115026709548,-0.03944040075026445,-0.06355798387082423,
convlstm,7,raw,pinn_statistical,joint,pinn_statistical,observed_reconstruction,convlstm/pinn_statistical/vs_raw,whole_model_comparison,matched,convlstm_time_conditioned_adaptation_v1,convlstm_time_conditioned_adaptation_v1,1604278,855940,msl,Pa,120.0,True,604.5320965418206,580.7780782258076,-23.754018316013003,-0.04090033561283524,-0.06516516972142727,
convlstm,7,raw,pinn_statistical,joint,pinn_statistical,observed_reconstruction,convlstm/pinn_statistical/vs_raw,whole_model_comparison,matched,convlstm_time_conditioned_adaptation_v1,convlstm_time_conditioned_adaptation_v1,1604278,855940,t2m,K,6.0,True,2.1464627979406763,1.736033118571066,-0.4104296793696103,-0.23641811609414232,-0.03927679764747671,
convlstm,7,raw,pinn_statistical,joint,pinn_statistical,observed_reconstruction,convlstm/pinn_statistical/vs_raw,whole_model_comparison,matched,convlstm_time_conditioned_adaptation_v1,convlstm_time_conditioned_adaptation_v1,1604278,855940,t2m,K,12.0,True,2.4448081274943116,2.3491248332838746,-0.09568329421043709,-0.04073146426904861,-0.017724158751199925,
convlstm,7,raw,pinn_statistical,joint,pinn_statistical,observed_reconstruction,convlstm/pinn_statistical/vs_raw,whole_model_comparison,matched,convlstm_time_conditioned_adaptation_v1,convlstm_time_conditioned_adaptation_v1,1604278,855940,t2m,K,18.0,True,2.169626558332353,1.9791655978887326,-0.19046096044362026,-0.09623295829656375,-0.014941444598711162,
convlstm,7,raw,pinn_statistical,joint,pinn_statistical,observed_reconstruction,convlstm/pinn_statistical/vs_raw,whole_model_comparison,matched,convlstm_time_conditioned_adaptation_v1,convlstm_time_conditioned_adaptation_v1,1604278,855940,t2m,K,24.0,True,1.5961459867259165,1.1938505192084754,-0.40229546751744105,-0.3369730640852453,-0.02307156912008923,
convlstm,7,raw,pinn_statistical,joint,pinn_statistical,observed_reconstruction,convlstm/pinn_statistical/vs_raw,whole_model_comparison,matched,convlstm_time_conditioned_adaptation_v1,convlstm_time_conditioned_adaptation_v1,1604278,855940,t2m,K,30.0,True,1.9620479436586735,1.9374319466009897,-0.024615997057683803,-0.012705477010880317,-0.003707817464430385,
convlstm,7,raw,pinn_statistical,joint,pinn_statistical,observed_reconstruction,convlstm/pinn_statistical/vs_raw,whole_model_comparison,matched,convlstm_time_conditioned_adaptation_v1,convlstm_time_conditioned_adaptation_v1,1604278,855940,t2m,K,36.0,True,2.2442239774669837,2.330881454015585,0.08665747654860123,0.037177985349409304,0.0028289771526244234,
convlstm,7,raw,pinn_statistical,joint,pinn_statistical,observed_reconstruction,convlstm/pinn_statistical/vs_raw,whole_model_comparison,matched,convlstm_time_conditioned_adaptation_v1,convlstm_time_conditioned_adaptation_v1,1604278,855940,t2m,K,42.0,True,2.1731342801054034,2.035635720794737,-0.13749855931066657,-0.06754575875539537,-0.008360076132612693,
convlstm,7,raw,pinn_statistical,joint,pinn_statistical,observed_reconstruction,convlstm/pinn_statistical/vs_raw,whole_model_comparison,matched,convlstm_time_conditioned_adaptation_v1,convlstm_time_conditioned_adaptation_v1,1604278,855940,t2m,K,48.0,True,1.8758936300873157,1.5651454209195343,-0.31074820916778134,-0.19854270728736156,-0.019235674982824857,
convlstm,7,raw,pinn_statistical,joint,pinn_statistical,observed_reconstruction,convlstm/pinn_statistical/vs_raw,whole_model_comparison,matched,convlstm_time_conditioned_adaptation_v1,convlstm_time_conditioned_adaptation_v1,1604278,855940,t2m,K,54.0,True,2.058212989865647,2.0656883338330565,0.0074753439674095645,0.003618815019174937,0.002634913678504769,
convlstm,7,raw,pinn_statistical,joint,pinn_statistical,observed_reconstruction,convlstm/pinn_statistical/vs_raw,whole_model_comparison,matched,convlstm_time_conditioned_adaptation_v1,convlstm_time_conditioned_adaptation_v1,1604278,855940,t2m,K,60.0,True,2.244790447017668,2.2936283883360633,0.04883794131839547,0.02129287445462147,0.0015677978363225487,
convlstm,7,raw,pinn_statistical,joint,pinn_statistical,observed_reconstruction,convlstm/pinn_statistical/vs_raw,whole_model_comparison,matched,convlstm_time_conditioned_adaptation_v1,convlstm_time_conditioned_adaptation_v1,1604278,855940,t2m,K,66.0,True,2.2208716626919123,2.0885908518834837,-0.13228081080842857,-0.06333495652781318,-0.009323306417958754,
convlstm,7,raw,pinn_statistical,joint,pinn_statistical,observed_reconstruction,convlstm/pinn_statistical/vs_raw,whole_model_comparison,matched,convlstm_time_conditioned_adaptation_v1,convlstm_time_conditioned_adaptation_v1,1604278,855940,t2m,K,72.0,True,2.071421113852079,1.7997267594595179,-0.27169435439256095,-0.1509642244104623,-0.01723622243137568,
convlstm,7,raw,pinn_statistical,joint,pinn_statistical,observed_reconstruction,convlstm/pinn_statistical/vs_raw,whole_model_comparison,matched,convlstm_time_conditioned_adaptation_v1,convlstm_time_conditioned_adaptation_v1,1604278,855940,t2m,K,78.0,True,2.164813241713245,2.1549418964351856,-0.00987134527805944,-0.0045807941710118705,0.0015017473487530797,
convlstm,7,raw,pinn_statistical,joint,pinn_statistical,observed_reconstruction,convlstm/pinn_statistical/vs_raw,whole_model_comparison,matched,convlstm_time_conditioned_adaptation_v1,convlstm_time_conditioned_adaptation_v1,1604278,855940,t2m,K,84.0,True,2.275162445836932,2.279881865541256,0.0047194197043238795,0.002070028178062455,-0.0018404746977082054,
convlstm,7,raw,pinn_statistical,joint,pinn_statistical,observed_reconstruction,convlstm/pinn_statistical/vs_raw,whole_model_comparison,matched,convlstm_time_conditioned_adaptation_v1,convlstm_time_conditioned_adaptation_v1,1604278,855940,t2m,K,90.0,True,2.2685107008627647,2.136564049787581,-0.13194665107518366,-0.06175646879778873,-0.010473483921105808,
convlstm,7,raw,pinn_statistical,joint,pinn_statistical,observed_reconstruction,convlstm/pinn_statistical/vs_raw,whole_model_comparison,matched,convlstm_time_conditioned_adaptation_v1,convlstm_time_conditioned_adaptation_v1,1604278,855940,t2m,K,96.0,True,2.1894835439905243,1.970484253277292,-0.21899929071323232,-0.11113983293649499,-0.01373197254204006,
convlstm,7,raw,pinn_statistical,joint,pinn_statistical,observed_reconstruction,convlstm/pinn_statistical/vs_raw,whole_model_comparison,matched,convlstm_time_conditioned_adaptation_v1,convlstm_time_conditioned_adaptation_v1,1604278,855940,t2m,K,102.0,True,2.2549621123315866,2.2200160695737616,-0.03494604275782498,-0.015741346757248698,-0.002790992298530859,
convlstm,7,raw,pinn_statistical,joint,pinn_statistical,observed_reconstruction,convlstm/pinn_statistical/vs_raw,whole_model_comparison,matched,convlstm_time_conditioned_adaptation_v1,convlstm_time_conditioned_adaptation_v1,1604278,855940,t2m,K,108.0,True,2.323933559154536,2.2802267797588467,-0.04370677939568912,-0.019167733570917722,-0.00771390950571349,
convlstm,7,raw,pinn_statistical,joint,pinn_statistical,observed_reconstruction,convlstm/pinn_statistical/vs_raw,whole_model_comparison,matched,convlstm_time_conditioned_adaptation_v1,convlstm_time_conditioned_adaptation_v1,1604278,855940,t2m,K,114.0,True,2.311310561831024,2.192172739946585,-0.119137821884439,-0.05434691332186792,-0.010887794450108679,
convlstm,7,raw,pinn_statistical,joint,pinn_statistical,observed_reconstruction,convlstm/pinn_statistical/vs_raw,whole_model_comparison,matched,convlstm_time_conditioned_adaptation_v1,convlstm_time_conditioned_adaptation_v1,1604278,855940,t2m,K,120.0,True,2.2571059775958826,2.102212031907265,-0.15489394568861758,-0.07368140955224556,-0.009774308949864863,
convlstm,7,raw,pinn_statistical,joint,pinn_statistical,observed_reconstruction,convlstm/pinn_statistical/vs_raw,whole_model_comparison,matched,convlstm_time_conditioned_adaptation_v1,convlstm_time_conditioned_adaptation_v1,1604278,855940,u10,m s**-1,6.0,True,1.2409963474131702,0.84162829258874,-0.3993680548244303,-0.47451833349853967,-0.04958836871275463,
convlstm,7,raw,pinn_statistical,joint,pinn_statistical,observed_reconstruction,convlstm/pinn_statistical/vs_raw,whole_model_comparison,matched,convlstm_time_conditioned_adaptation_v1,convlstm_time_conditioned_adaptation_v1,1604278,855940,u10,m s**-1,12.0,True,1.381231029211658,1.1347561385148905,-0.24647489069676753,-0.2172051618238795,-0.038253298916631984,
convlstm,7,raw,pinn_statistical,joint,pinn_statistical,observed_reconstruction,convlstm/pinn_statistical/vs_raw,whole_model_comparison,matched,convlstm_time_conditioned_adaptation_v1,convlstm_time_conditioned_adaptation_v1,1604278,855940,u10,m s**-1,18.0,True,1.5622772094790778,1.343049583105515,-0.21922762637356286,-0.16323122327818007,-0.04105251857955694,
convlstm,7,raw,pinn_statistical,joint,pinn_statistical,observed_reconstruction,convlstm/pinn_statistical/vs_raw,whole_model_comparison,matched,convlstm_time_conditioned_adaptation_v1,convlstm_time_conditioned_adaptation_v1,1604278,855940,u10,m s**-1,24.0,True,1.7101155224479194,1.491893878104453,-0.21822164434346636,-0.14627155962375227,-0.04692496973506233,
convlstm,7,raw,pinn_statistical,joint,pinn_statistical,observed_reconstruction,convlstm/pinn_statistical/vs_raw,whole_model_comparison,matched,convlstm_time_conditioned_adaptation_v1,convlstm_time_conditioned_adaptation_v1,1604278,855940,u10,m s**-1,30.0,True,1.8636359811813146,1.6509146286268288,-0.21272135255448577,-0.12885060733359643,-0.05267366288708153,
convlstm,7,raw,pinn_statistical,joint,pinn_statistical,observed_reconstruction,convlstm/pinn_statistical/vs_raw,whole_model_comparison,matched,convlstm_time_conditioned_adaptation_v1,convlstm_time_conditioned_adaptation_v1,1604278,855940,u10,m s**-1,36.0,True,1.9917842115892035,1.7888280861298673,-0.20295612545933617,-0.11345759105249287,-0.05726753627751002,
convlstm,7,raw,pinn_statistical,joint,pinn_statistical,observed_reconstruction,convlstm/pinn_statistical/vs_raw,whole_model_comparison,matched,convlstm_time_conditioned_adaptation_v1,convlstm_time_conditioned_adaptation_v1,1604278,855940,u10,m s**-1,42.0,True,2.1001257387365277,1.9062594480100903,-0.19386629072643746,-0.10169984517522579,-0.06096338813886171,
convlstm,7,raw,pinn_statistical,joint,pinn_statistical,observed_reconstruction,convlstm/pinn_statistical/vs_raw,whole_model_comparison,matched,convlstm_time_conditioned_adaptation_v1,convlstm_time_conditioned_adaptation_v1,1604278,855940,u10,m s**-1,48.0,True,2.19068548224602,2.0029613659280465,-0.1877241163179737,-0.09372328368949545,-0.06497910307443422,
convlstm,7,raw,pinn_statistical,joint,pinn_statistical,observed_reconstruction,convlstm/pinn_statistical/vs_raw,whole_model_comparison,matched,convlstm_time_conditioned_adaptation_v1,convlstm_time_conditioned_adaptation_v1,1604278,855940,u10,m s**-1,54.0,True,2.2735460171111397,2.095206798972499,-0.17833921813864073,-0.0851177164116208,-0.06784636629773821,
convlstm,7,raw,pinn_statistical,joint,pinn_statistical,observed_reconstruction,convlstm/pinn_statistical/vs_raw,whole_model_comparison,matched,convlstm_time_conditioned_adaptation_v1,convlstm_time_conditioned_adaptation_v1,1604278,855940,u10,m s**-1,60.0,True,2.347044719017409,2.182349269484604,-0.16469544953280524,-0.07546704454493702,-0.0688014123784384,
convlstm,7,raw,pinn_statistical,joint,pinn_statistical,observed_reconstruction,convlstm/pinn_statistical/vs_raw,whole_model_comparison,matched,convlstm_time_conditioned_adaptation_v1,convlstm_time_conditioned_adaptation_v1,1604278,855940,u10,m s**-1,66.0,True,2.4103122384528324,2.261119228981578,-0.14919300947125436,-0.06598192946174342,-0.06815762219616062,
convlstm,7,raw,pinn_statistical,joint,pinn_statistical,observed_reconstruction,convlstm/pinn_statistical/vs_raw,whole_model_comparison,matched,convlstm_time_conditioned_adaptation_v1,convlstm_time_conditioned_adaptation_v1,1604278,855940,u10,m s**-1,72.0,True,2.4650838693166013,2.3233504274923056,-0.1417334418242957,-0.061003902014589606,-0.07032223248734626,
convlstm,7,raw,pinn_statistical,joint,pinn_statistical,observed_reconstruction,convlstm/pinn_statistical/vs_raw,whole_model_comparison,matched,convlstm_time_conditioned_adaptation_v1,convlstm_time_conditioned_adaptation_v1,1604278,855940,u10,m s**-1,78.0,True,2.5111799394319183,2.3845702085710148,-0.12660973086090355,-0.05309540914577471,-0.06889717306637966,
convlstm,7,raw,pinn_statistical,joint,pinn_statistical,observed_reconstruction,convlstm/pinn_statistical/vs_raw,whole_model_comparison,matched,convlstm_time_conditioned_adaptation_v1,convlstm_time_conditioned_adaptation_v1,1604278,855940,u10,m s**-1,84.0,True,2.553109862188182,2.441456107900418,-0.1116537542877638,-0.04573244381762942,-0.06696011005176006,
convlstm,7,raw,pinn_statistical,joint,pinn_statistical,observed_reconstruction,convlstm/pinn_statistical/vs_raw,whole_model_comparison,matched,convlstm_time_conditioned_adaptation_v1,convlstm_time_conditioned_adaptation_v1,1604278,855940,u10,m s**-1,90.0,True,2.590404082543385,2.4947441569230797,-0.09565992562030523,-0.03834458349359893,-0.0635470342777481,
convlstm,7,raw,pinn_statistical,joint,pinn_statistical,observed_reconstruction,convlstm/pinn_statistical/vs_raw,whole_model_comparison,matched,convlstm_time_conditioned_adaptation_v1,convlstm_time_conditioned_adaptation_v1,1604278,855940,u10,m s**-1,96.0,True,2.623498870358784,2.535033370261171,-0.08846550009761289,-0.03489717379479651,-0.0638601720822699,
convlstm,7,raw,pinn_statistical,joint,pinn_statistical,observed_reconstruction,convlstm/pinn_statistical/vs_raw,whole_model_comparison,matched,convlstm_time_conditioned_adaptation_v1,convlstm_time_conditioned_adaptation_v1,1604278,855940,u10,m s**-1,102.0,True,2.650413269640739,2.5749667078993173,-0.07544656174142172,-0.029300014446777656,-0.06077120342372255,
convlstm,7,raw,pinn_statistical,joint,pinn_statistical,observed_reconstruction,convlstm/pinn_statistical/vs_raw,whole_model_comparison,matched,convlstm_time_conditioned_adaptation_v1,convlstm_time_conditioned_adaptation_v1,1604278,855940,u10,m s**-1,108.0,True,2.6757834363481825,2.610969018938409,-0.06481441740977356,-0.02482389371135718,-0.0580105077201013,
convlstm,7,raw,pinn_statistical,joint,pinn_statistical,observed_reconstruction,convlstm/pinn_statistical/vs_raw,whole_model_comparison,matched,convlstm_time_conditioned_adaptation_v1,convlstm_time_conditioned_adaptation_v1,1604278,855940,u10,m s**-1,114.0,True,2.7001261838501476,2.64423250125641,-0.055893682593737726,-0.021137960662377386,-0.055345155188685935,
convlstm,7,raw,pinn_statistical,joint,pinn_statistical,observed_reconstruction,convlstm/pinn_statistical/vs_raw,whole_model_comparison,matched,convlstm_time_conditioned_adaptation_v1,convlstm_time_conditioned_adaptation_v1,1604278,855940,u10,m s**-1,120.0,True,2.7223094948888873,2.669453394121941,-0.052856100766946135,-0.01980034597469804,-0.055703706139922426,
convlstm,7,raw,pinn_statistical,joint,pinn_statistical,observed_reconstruction,convlstm/pinn_statistical/vs_raw,whole_model_comparison,matched,convlstm_time_conditioned_adaptation_v1,convlstm_time_conditioned_adaptation_v1,1604278,855940,v10,m s**-1,6.0,True,1.3811997506909082,0.9533513946772838,-0.42784835601362436,-0.44878347942046504,-0.05651810965740367,
convlstm,7,raw,pinn_statistical,joint,pinn_statistical,observed_reconstruction,convlstm/pinn_statistical/vs_raw,whole_model_comparison,matched,convlstm_time_conditioned_adaptation_v1,convlstm_time_conditioned_adaptation_v1,1604278,855940,v10,m s**-1,12.0,True,1.5355780594189676,1.2851135762907628,-0.2504644831282048,-0.19489676846393844,-0.04128375131615725,
convlstm,7,raw,pinn_statistical,joint,pinn_statistical,observed_reconstruction,convlstm/pinn_statistical/vs_raw,whole_model_comparison,matched,convlstm_time_conditioned_adaptation_v1,convlstm_time_conditioned_adaptation_v1,1604278,855940,v10,m s**-1,18.0,True,1.7252343587054677,1.502271666999462,-0.2229626917060057,-0.14841702509862054,-0.044299666914325964,
convlstm,7,raw,pinn_statistical,joint,pinn_statistical,observed_reconstruction,convlstm/pinn_statistical/vs_raw,whole_model_comparison,matched,convlstm_time_conditioned_adaptation_v1,convlstm_time_conditioned_adaptation_v1,1604278,855940,v10,m s**-1,24.0,True,1.8853327218997054,1.6593222239615182,-0.22601049793818717,-0.13620651533166517,-0.05224449640727036,
convlstm,7,raw,pinn_statistical,joint,pinn_statistical,observed_reconstruction,convlstm/pinn_statistical/vs_raw,whole_model_comparison,matched,convlstm_time_conditioned_adaptation_v1,convlstm_time_conditioned_adaptation_v1,1604278,855940,v10,m s**-1,30.0,True,2.0454619338419744,1.8241473967881559,-0.22131453705381854,-0.12132492003853157,-0.058780107815053384,
convlstm,7,raw,pinn_statistical,joint,pinn_statistical,observed_reconstruction,convlstm/pinn_statistical/vs_raw,whole_model_comparison,matched,convlstm_time_conditioned_adaptation_v1,convlstm_time_conditioned_adaptation_v1,1604278,855940,v10,m s**-1,36.0,True,2.179959147087697,1.965864225461705,-0.21409492162599197,-0.10890626059167907,-0.06492991088414624,
convlstm,7,raw,pinn_statistical,joint,pinn_statistical,observed_reconstruction,convlstm/pinn_statistical/vs_raw,whole_model_comparison,matched,convlstm_time_conditioned_adaptation_v1,convlstm_time_conditioned_adaptation_v1,1604278,855940,v10,m s**-1,42.0,True,2.2959090910117346,2.0922272708282006,-0.20368182018353398,-0.09735167064470351,-0.06884775300041901,
convlstm,7,raw,pinn_statistical,joint,pinn_statistical,observed_reconstruction,convlstm/pinn_statistical/vs_raw,whole_model_comparison,matched,convlstm_time_conditioned_adaptation_v1,convlstm_time_conditioned_adaptation_v1,1604278,855940,v10,m s**-1,48.0,True,2.394850813477601,2.20016711319278,-0.19468370028482118,-0.08848586960392524,-0.0729113003303602,
convlstm,7,raw,pinn_statistical,joint,pinn_statistical,observed_reconstruction,convlstm/pinn_statistical/vs_raw,whole_model_comparison,matched,convlstm_time_conditioned_adaptation_v1,convlstm_time_conditioned_adaptation_v1,1604278,855940,v10,m s**-1,54.0,True,2.4844977649265236,2.3014276210376123,-0.1830701438889113,-0.07954633993936899,-0.07555270770785993,
convlstm,7,raw,pinn_statistical,joint,pinn_statistical,observed_reconstruction,convlstm/pinn_statistical/vs_raw,whole_model_comparison,matched,convlstm_time_conditioned_adaptation_v1,convlstm_time_conditioned_adaptation_v1,1604278,855940,v10,m s**-1,60.0,True,2.5597863796164977,2.3928169971349704,-0.16696938248152726,-0.06977942010669747,-0.0764514436063728,
convlstm,7,raw,pinn_statistical,joint,pinn_statistical,observed_reconstruction,convlstm/pinn_statistical/vs_raw,whole_model_comparison,matched,convlstm_time_conditioned_adaptation_v1,convlstm_time_conditioned_adaptation_v1,1604278,855940,v10,m s**-1,66.0,True,2.6243305664041747,2.4728157829870745,-0.15151478341710023,-0.061272167728594784,-0.07565509627824463,
convlstm,7,raw,pinn_statistical,joint,pinn_statistical,observed_reconstruction,convlstm/pinn_statistical/vs_raw,whole_model_comparison,matched,convlstm_time_conditioned_adaptation_v1,convlstm_time_conditioned_adaptation_v1,1604278,855940,v10,m s**-1,72.0,True,2.6795216243838196,2.54326202685821,-0.1362595975256098,-0.053576704282388254,-0.07502156463749499,
convlstm,7,raw,pinn_statistical,joint,pinn_statistical,observed_reconstruction,convlstm/pinn_statistical/vs_raw,whole_model_comparison,matched,convlstm_time_conditioned_adaptation_v1,convlstm_time_conditioned_adaptation_v1,1604278,855940,v10,m s**-1,78.0,True,2.7267652975916334,2.603601863629219,-0.12316343396241436,-0.04730501836050083,-0.07434259568771417,
convlstm,7,raw,pinn_statistical,joint,pinn_statistical,observed_reconstruction,convlstm/pinn_statistical/vs_raw,whole_model_comparison,matched,convlstm_time_conditioned_adaptation_v1,convlstm_time_conditioned_adaptation_v1,1604278,855940,v10,m s**-1,84.0,True,2.766824594254789,2.6596275689084754,-0.1071970253463137,-0.04030527679870155,-0.07234634368544662,
convlstm,7,raw,pinn_statistical,joint,pinn_statistical,observed_reconstruction,convlstm/pinn_statistical/vs_raw,whole_model_comparison,matched,convlstm_time_conditioned_adaptation_v1,convlstm_time_conditioned_adaptation_v1,1604278,855940,v10,m s**-1,90.0,True,2.801141191944967,2.7047976009505144,-0.09634359099445255,-0.03561951953839193,-0.06992734403489836,
convlstm,7,raw,pinn_statistical,joint,pinn_statistical,observed_reconstruction,convlstm/pinn_statistical/vs_raw,whole_model_comparison,matched,convlstm_time_conditioned_adaptation_v1,convlstm_time_conditioned_adaptation_v1,1604278,855940,v10,m s**-1,96.0,True,2.831623544024761,2.74736410782042,-0.08425943620434095,-0.030669191595134704,-0.06757264671458202,
convlstm,7,raw,pinn_statistical,joint,pinn_statistical,observed_reconstruction,convlstm/pinn_statistical/vs_raw,whole_model_comparison,matched,convlstm_time_conditioned_adaptation_v1,convlstm_time_conditioned_adaptation_v1,1604278,855940,v10,m s**-1,102.0,True,2.8568351796956777,2.7812971921897804,-0.07553798750589724,-0.027159265006996502,-0.0658785891220991,
convlstm,7,raw,pinn_statistical,joint,pinn_statistical,observed_reconstruction,convlstm/pinn_statistical/vs_raw,whole_model_comparison,matched,convlstm_time_conditioned_adaptation_v1,convlstm_time_conditioned_adaptation_v1,1604278,855940,v10,m s**-1,108.0,True,2.8794669834905395,2.814873312982138,-0.06459367050840159,-0.022947274468977596,-0.06330709475010748,
convlstm,7,raw,pinn_statistical,joint,pinn_statistical,observed_reconstruction,convlstm/pinn_statistical/vs_raw,whole_model_comparison,matched,convlstm_time_conditioned_adaptation_v1,convlstm_time_conditioned_adaptation_v1,1604278,855940,v10,m s**-1,114.0,True,2.8986982754948647,2.840796357596808,-0.057901917898056876,-0.020382283912472765,-0.060098214419160634,
convlstm,7,raw,pinn_statistical,joint,pinn_statistical,observed_reconstruction,convlstm/pinn_statistical/vs_raw,whole_model_comparison,matched,convlstm_time_conditioned_adaptation_v1,convlstm_time_conditioned_adaptation_v1,1604278,855940,v10,m s**-1,120.0,True,2.916572322017039,2.8670227645035915,-0.049549557513447695,-0.01728258251971959,-0.057058825908473,
convlstm,7,raw,pinn_statistical:kl_entropy,joint,pinn_statistical,observed_reconstruction,convlstm/pinn_statistical:kl_entropy/vs_raw,whole_model_comparison,matched,convlstm_time_conditioned_adaptation_v1,convlstm_time_conditioned_adaptation_v1,1604278,855940,msl,Pa,6.0,True,233.92095090017494,172.0598390612939,-61.861111838881044,-0.3595325450516311,-0.027474209128519056,
convlstm,7,raw,pinn_statistical:kl_entropy,joint,pinn_statistical,observed_reconstruction,convlstm/pinn_statistical:kl_entropy/vs_raw,whole_model_comparison,matched,convlstm_time_conditioned_adaptation_v1,convlstm_time_conditioned_adaptation_v1,1604278,855940,msl,Pa,12.0,True,255.12957335447845,220.15130522160592,-34.97826813287253,-0.15888285603241448,-0.01973587124294196,
convlstm,7,raw,pinn_statistical:kl_entropy,joint,pinn_statistical,observed_reconstruction,convlstm/pinn_statistical:kl_entropy/vs_raw,whole_model_comparison,matched,convlstm_time_conditioned_adaptation_v1,convlstm_time_conditioned_adaptation_v1,1604278,855940,msl,Pa,18.0,True,305.0594211866431,278.9779013794803,-26.081519807162806,-0.09348955482923849,-0.019369448503031683,
convlstm,7,raw,pinn_statistical:kl_entropy,joint,pinn_statistical,observed_reconstruction,convlstm/pinn_statistical:kl_entropy/vs_raw,whole_model_comparison,matched,convlstm_time_conditioned_adaptation_v1,convlstm_time_conditioned_adaptation_v1,1604278,855940,msl,Pa,24.0,True,333.1377264135769,305.30787240763027,-27.82985400594663,-0.09115341110100728,-0.02249244539057138,
convlstm,7,raw,pinn_statistical:kl_entropy,joint,pinn_statistical,observed_reconstruction,convlstm/pinn_statistical:kl_entropy/vs_raw,whole_model_comparison,matched,convlstm_time_conditioned_adaptation_v1,convlstm_time_conditioned_adaptation_v1,1604278,855940,msl,Pa,30.0,True,374.5270762564913,347.0896398036825,-27.43743645280881,-0.07905000122829287,-0.02693314803103164,
convlstm,7,raw,pinn_statistical:kl_entropy,joint,pinn_statistical,observed_reconstruction,convlstm/pinn_statistical:kl_entropy/vs_raw,whole_model_comparison,matched,convlstm_time_conditioned_adaptation_v1,convlstm_time_conditioned_adaptation_v1,1604278,855940,msl,Pa,36.0,True,405.9930753451319,377.0325688716261,-28.960506473505802,-0.07681168382927273,-0.033318080244756465,
convlstm,7,raw,pinn_statistical:kl_entropy,joint,pinn_statistical,observed_reconstruction,convlstm/pinn_statistical:kl_entropy/vs_raw,whole_model_comparison,matched,convlstm_time_conditioned_adaptation_v1,convlstm_time_conditioned_adaptation_v1,1604278,855940,msl,Pa,42.0,True,436.0654469175532,404.82502001360547,-31.240426903947707,-0.07717019788672586,-0.03985979248443039,
convlstm,7,raw,pinn_statistical:kl_entropy,joint,pinn_statistical,observed_reconstruction,convlstm/pinn_statistical:kl_entropy/vs_raw,whole_model_comparison,matched,convlstm_time_conditioned_adaptation_v1,convlstm_time_conditioned_adaptation_v1,1604278,855940,msl,Pa,48.0,True,456.41387170343353,420.22919246587566,-36.18467923755787,-0.0861070099038781,-0.04715549166399002,
convlstm,7,raw,pinn_statistical:kl_entropy,joint,pinn_statistical,observed_reconstruction,convlstm/pinn_statistical:kl_entropy/vs_raw,whole_model_comparison,matched,convlstm_time_conditioned_adaptation_v1,convlstm_time_conditioned_adaptation_v1,1604278,855940,msl,Pa,54.0,True,478.767707506495,443.9907848251947,-34.776922681300334,-0.07832802812561179,-0.04993409756665301,
convlstm,7,raw,pinn_statistical:kl_entropy,joint,pinn_statistical,observed_reconstruction,convlstm/pinn_statistical:kl_entropy/vs_raw,whole_model_comparison,matched,convlstm_time_conditioned_adaptation_v1,convlstm_time_conditioned_adaptation_v1,1604278,855940,msl,Pa,60.0,True,496.3083741461867,462.7036215366646,-33.60475260952205,-0.07262694961824323,-0.05359171754861358,
convlstm,7,raw,pinn_statistical:kl_entropy,joint,pinn_statistical,observed_reconstruction,convlstm/pinn_statistical:kl_entropy/vs_raw,whole_model_comparison,matched,convlstm_time_conditioned_adaptation_v1,convlstm_time_conditioned_adaptation_v1,1604278,855940,msl,Pa,66.0,True,515.057382445298,482.2633572481185,-32.79402519717951,-0.06800024240760916,-0.056736750522621726,
convlstm,7,raw,pinn_statistical:kl_entropy,joint,pinn_statistical,observed_reconstruction,convlstm/pinn_statistical:kl_entropy/vs_raw,whole_model_comparison,matched,convlstm_time_conditioned_adaptation_v1,convlstm_time_conditioned_adaptation_v1,1604278,855940,msl,Pa,72.0,True,527.4386036819523,491.88970289413083,-35.548900787821424,-0.07227006497322952,-0.061936735525640496,
convlstm,7,raw,pinn_statistical:kl_entropy,joint,pinn_statistical,observed_reconstruction,convlstm/pinn_statistical:kl_entropy/vs_raw,whole_model_comparison,matched,convlstm_time_conditioned_adaptation_v1,convlstm_time_conditioned_adaptation_v1,1604278,855940,msl,Pa,78.0,True,541.0696447994784,510.48236379682737,-30.587281002651025,-0.05991838929586368,-0.059503213411274514,
convlstm,7,raw,pinn_statistical:kl_entropy,joint,pinn_statistical,observed_reconstruction,convlstm/pinn_statistical:kl_entropy/vs_raw,whole_model_comparison,matched,convlstm_time_conditioned_adaptation_v1,convlstm_time_conditioned_adaptation_v1,1604278,855940,msl,Pa,84.0,True,552.173051549252,522.0921324061113,-30.080919143140704,-0.05761611270506983,-0.06217545942146163,
convlstm,7,raw,pinn_statistical:kl_entropy,joint,pinn_statistical,observed_reconstruction,convlstm/pinn_statistical:kl_entropy/vs_raw,whole_model_comparison,matched,convlstm_time_conditioned_adaptation_v1,convlstm_time_conditioned_adaptation_v1,1604278,855940,msl,Pa,90.0,True,564.0739210308939,537.2175712946557,-26.856349736238144,-0.0499915698429525,-0.06042414032481702,
convlstm,7,raw,pinn_statistical:kl_entropy,joint,pinn_statistical,observed_reconstruction,convlstm/pinn_statistical:kl_entropy/vs_raw,whole_model_comparison,matched,convlstm_time_conditioned_adaptation_v1,convlstm_time_conditioned_adaptation_v1,1604278,855940,msl,Pa,96.0,True,572.0995540158508,543.6238425839254,-28.475711431925447,-0.052381277643335444,-0.06305371268169724,
convlstm,7,raw,pinn_statistical:kl_entropy,joint,pinn_statistical,observed_reconstruction,convlstm/pinn_statistical:kl_entropy/vs_raw,whole_model_comparison,matched,convlstm_time_conditioned_adaptation_v1,convlstm_time_conditioned_adaptation_v1,1604278,855940,msl,Pa,102.0,True,580.410314054159,558.0627500934393,-22.347563960719754,-0.040044894515855134,-0.05669476777493032,
convlstm,7,raw,pinn_statistical:kl_entropy,joint,pinn_statistical,observed_reconstruction,convlstm/pinn_statistical:kl_entropy/vs_raw,whole_model_comparison,matched,convlstm_time_conditioned_adaptation_v1,convlstm_time_conditioned_adaptation_v1,1604278,855940,msl,Pa,108.0,True,587.5072020524393,566.0135598598374,-21.493642192601897,-0.03797372309936242,-0.05686022025112891,
convlstm,7,raw,pinn_statistical:kl_entropy,joint,pinn_statistical,observed_reconstruction,convlstm/pinn_statistical:kl_entropy/vs_raw,whole_model_comparison,matched,convlstm_time_conditioned_adaptation_v1,convlstm_time_conditioned_adaptation_v1,1604278,855940,msl,Pa,114.0,True,595.511982993335,576.0882200707149,-19.423762922620085,-0.03371664659318285,-0.05427423300728407,
convlstm,7,raw,pinn_statistical:kl_entropy,joint,pinn_statistical,observed_reconstruction,convlstm/pinn_statistical:kl_entropy/vs_raw,whole_model_comparison,matched,convlstm_time_conditioned_adaptation_v1,convlstm_time_conditioned_adaptation_v1,1604278,855940,msl,Pa,120.0,True,600.3761816885684,580.7780782258076,-19.598103462760832,-0.03374456474429999,-0.05368514241225564,
convlstm,7,raw,pinn_statistical:kl_entropy,joint,pinn_statistical,observed_reconstruction,convlstm/pinn_statistical:kl_entropy/vs_raw,whole_model_comparison,matched,convlstm_time_conditioned_adaptation_v1,convlstm_time_conditioned_adaptation_v1,1604278,855940,t2m,K,6.0,True,2.1943821938904233,1.736033118571066,-0.4583490753193573,-0.26402092818173073,-0.04103114340107905,
convlstm,7,raw,pinn_statistical:kl_entropy,joint,pinn_statistical,observed_reconstruction,convlstm/pinn_statistical:kl_entropy/vs_raw,whole_model_comparison,matched,convlstm_time_conditioned_adaptation_v1,convlstm_time_conditioned_adaptation_v1,1604278,855940,t2m,K,12.0,True,2.4351691525196695,2.3491248332838746,-0.08604431923579492,-0.03662824470486403,-0.017642143806355426,
convlstm,7,raw,pinn_statistical:kl_entropy,joint,pinn_statistical,observed_reconstruction,convlstm/pinn_statistical:kl_entropy/vs_raw,whole_model_comparison,matched,convlstm_time_conditioned_adaptation_v1,convlstm_time_conditioned_adaptation_v1,1604278,855940,t2m,K,18.0,True,2.1161037615279485,1.9791655978887326,-0.13693816363921596,-0.06918984636015013,-0.01422838805944282,
convlstm,7,raw,pinn_statistical:kl_entropy,joint,pinn_statistical,observed_reconstruction,convlstm/pinn_statistical:kl_entropy/vs_raw,whole_model_comparison,matched,convlstm_time_conditioned_adaptation_v1,convlstm_time_conditioned_adaptation_v1,1604278,855940,t2m,K,24.0,True,1.5517359623614935,1.1938505192084754,-0.35788544315301807,-0.2997740817588257,-0.020022547496144516,
convlstm,7,raw,pinn_statistical:kl_entropy,joint,pinn_statistical,observed_reconstruction,convlstm/pinn_statistical:kl_entropy/vs_raw,whole_model_comparison,matched,convlstm_time_conditioned_adaptation_v1,convlstm_time_conditioned_adaptation_v1,1604278,855940,t2m,K,30.0,True,2.0471929012390766,1.9374319466009897,-0.10976095463808688,-0.0566528051891837,-0.008548201958772927,
convlstm,7,raw,pinn_statistical:kl_entropy,joint,pinn_statistical,observed_reconstruction,convlstm/pinn_statistical:kl_entropy/vs_raw,whole_model_comparison,matched,convlstm_time_conditioned_adaptation_v1,convlstm_time_conditioned_adaptation_v1,1604278,855940,t2m,K,36.0,True,2.241147033319882,2.330881454015585,0.0897344206957027,0.038498062842754366,0.00528529160951241,
convlstm,7,raw,pinn_statistical:kl_entropy,joint,pinn_statistical,observed_reconstruction,convlstm/pinn_statistical:kl_entropy/vs_raw,whole_model_comparison,matched,convlstm_time_conditioned_adaptation_v1,convlstm_time_conditioned_adaptation_v1,1604278,855940,t2m,K,42.0,True,2.198862930640075,2.035635720794737,-0.163227209845338,-0.08018488189115303,-0.015369456318066632,
convlstm,7,raw,pinn_statistical:kl_entropy,joint,pinn_statistical,observed_reconstruction,convlstm/pinn_statistical:kl_entropy/vs_raw,whole_model_comparison,matched,convlstm_time_conditioned_adaptation_v1,convlstm_time_conditioned_adaptation_v1,1604278,855940,t2m,K,48.0,True,1.9255755377835744,1.5651454209195343,-0.36043011686404003,-0.23028538565591217,-0.020884417600838256,
convlstm,7,raw,pinn_statistical:kl_entropy,joint,pinn_statistical,observed_reconstruction,convlstm/pinn_statistical:kl_entropy/vs_raw,whole_model_comparison,matched,convlstm_time_conditioned_adaptation_v1,convlstm_time_conditioned_adaptation_v1,1604278,855940,t2m,K,54.0,True,2.1104910063103453,2.0656883338330565,-0.04480267247728875,-0.021688979766930183,0.0013028876185059435,
convlstm,7,raw,pinn_statistical:kl_entropy,joint,pinn_statistical,observed_reconstruction,convlstm/pinn_statistical:kl_entropy/vs_raw,whole_model_comparison,matched,convlstm_time_conditioned_adaptation_v1,convlstm_time_conditioned_adaptation_v1,1604278,855940,t2m,K,60.0,True,2.255908114868738,2.2936283883360633,0.03772027346732543,0.016445677799920344,0.002552556538278128,
convlstm,7,raw,pinn_statistical:kl_entropy,joint,pinn_statistical,observed_reconstruction,convlstm/pinn_statistical:kl_entropy/vs_raw,whole_model_comparison,matched,convlstm_time_conditioned_adaptation_v1,convlstm_time_conditioned_adaptation_v1,1604278,855940,t2m,K,66.0,True,2.2784382531775904,2.0885908518834837,-0.1898474012941067,-0.09089736322597752,-0.01572381123124844,
convlstm,7,raw,pinn_statistical:kl_entropy,joint,pinn_statistical,observed_reconstruction,convlstm/pinn_statistical:kl_entropy/vs_raw,whole_model_comparison,matched,convlstm_time_conditioned_adaptation_v1,convlstm_time_conditioned_adaptation_v1,1604278,855940,t2m,K,72.0,True,2.1326607497571715,1.7997267594595179,-0.3329339902976536,-0.18499140969467942,-0.019205350344945527,
convlstm,7,raw,pinn_statistical:kl_entropy,joint,pinn_statistical,observed_reconstruction,convlstm/pinn_statistical:kl_entropy/vs_raw,whole_model_comparison,matched,convlstm_time_conditioned_adaptation_v1,convlstm_time_conditioned_adaptation_v1,1604278,855940,t2m,K,78.0,True,2.2063385818749777,2.1549418964351856,-0.051396685439792034,-0.02385061310693115,0.0014149484441553506,
convlstm,7,raw,pinn_statistical:kl_entropy,joint,pinn_statistical,observed_reconstruction,convlstm/pinn_statistical:kl_entropy/vs_raw,whole_model_comparison,matched,convlstm_time_conditioned_adaptation_v1,convlstm_time_conditioned_adaptation_v1,1604278,855940,t2m,K,84.0,True,2.3103627951030536,2.279881865541256,-0.0304809295617976,-0.013369521474991597,-0.0035363702307557032,
convlstm,7,raw,pinn_statistical:kl_entropy,joint,pinn_statistical,observed_reconstruction,convlstm/pinn_statistical:kl_entropy/vs_raw,whole_model_comparison,matched,convlstm_time_conditioned_adaptation_v1,convlstm_time_conditioned_adaptation_v1,1604278,855940,t2m,K,90.0,True,2.342785608646879,2.136564049787581,-0.20622155885929772,-0.09652018570648524,-0.016609704380320167,
convlstm,7,raw,pinn_statistical:kl_entropy,joint,pinn_statistical,observed_reconstruction,convlstm/pinn_statistical:kl_entropy/vs_raw,whole_model_comparison,matched,convlstm_time_conditioned_adaptation_v1,convlstm_time_conditioned_adaptation_v1,1604278,855940,t2m,K,96.0,True,2.2541625725475143,1.970484253277292,-0.28367831927022236,-0.14396375855245291,-0.015674377850315002,
convlstm,7,raw,pinn_statistical:kl_entropy,joint,pinn_statistical,observed_reconstruction,convlstm/pinn_statistical:kl_entropy/vs_raw,whole_model_comparison,matched,convlstm_time_conditioned_adaptation_v1,convlstm_time_conditioned_adaptation_v1,1604278,855940,t2m,K,102.0,True,2.293790655316457,2.2200160695737616,-0.07377458574269546,-0.0332315548314297,-0.001966559982485294,
convlstm,7,raw,pinn_statistical:kl_entropy,joint,pinn_statistical,observed_reconstruction,convlstm/pinn_statistical:kl_entropy/vs_raw,whole_model_comparison,matched,convlstm_time_conditioned_adaptation_v1,convlstm_time_conditioned_adaptation_v1,1604278,855940,t2m,K,108.0,True,2.3637280821947773,2.2802267797588467,-0.08350130243593057,-0.03661973588642864,-0.009458898910485458,
convlstm,7,raw,pinn_statistical:kl_entropy,joint,pinn_statistical,observed_reconstruction,convlstm/pinn_statistical:kl_entropy/vs_raw,whole_model_comparison,matched,convlstm_time_conditioned_adaptation_v1,convlstm_time_conditioned_adaptation_v1,1604278,855940,t2m,K,114.0,True,2.3889216114942307,2.192172739946585,-0.19674887154764553,-0.08975062410110968,-0.01649350457617249,
convlstm,7,raw,pinn_statistical:kl_entropy,joint,pinn_statistical,observed_reconstruction,convlstm/pinn_statistical:kl_entropy/vs_raw,whole_model_comparison,matched,convlstm_time_conditioned_adaptation_v1,convlstm_time_conditioned_adaptation_v1,1604278,855940,t2m,K,120.0,True,2.3264400743714497,2.102212031907265,-0.2242280424641847,-0.10666290510227472,-0.011701042107953308,
convlstm,7,raw,pinn_statistical:kl_entropy,joint,pinn_statistical,observed_reconstruction,convlstm/pinn_statistical:kl_entropy/vs_raw,whole_model_comparison,matched,convlstm_time_conditioned_adaptation_v1,convlstm_time_conditioned_adaptation_v1,1604278,855940,u10,m s**-1,6.0,True,1.2507223181016602,0.84162829258874,-0.4090940255129203,-0.4860744691158134,-0.05149025309701205,
convlstm,7,raw,pinn_statistical:kl_entropy,joint,pinn_statistical,observed_reconstruction,convlstm/pinn_statistical:kl_entropy/vs_raw,whole_model_comparison,matched,convlstm_time_conditioned_adaptation_v1,convlstm_time_conditioned_adaptation_v1,1604278,855940,u10,m s**-1,12.0,True,1.3899537923404015,1.1347561385148905,-0.25519765382551096,-0.2248920672590502,-0.04045977187368621,
convlstm,7,raw,pinn_statistical:kl_entropy,joint,pinn_statistical,observed_reconstruction,convlstm/pinn_statistical:kl_entropy/vs_raw,whole_model_comparison,matched,convlstm_time_conditioned_adaptation_v1,convlstm_time_conditioned_adaptation_v1,1604278,855940,u10,m s**-1,18.0,True,1.5655867301392974,1.343049583105515,-0.22253714703378247,-0.1656954068063614,-0.0421243826822536,
convlstm,7,raw,pinn_statistical:kl_entropy,joint,pinn_statistical,observed_reconstruction,convlstm/pinn_statistical:kl_entropy/vs_raw,whole_model_comparison,matched,convlstm_time_conditioned_adaptation_v1,convlstm_time_conditioned_adaptation_v1,1604278,855940,u10,m s**-1,24.0,True,1.7179057289666653,1.491893878104453,-0.2260118508622122,-0.15149324907035266,-0.04889501046497624,
convlstm,7,raw,pinn_statistical:kl_entropy,joint,pinn_statistical,observed_reconstruction,convlstm/pinn_statistical:kl_entropy/vs_raw,whole_model_comparison,matched,convlstm_time_conditioned_adaptation_v1,convlstm_time_conditioned_adaptation_v1,1604278,855940,u10,m s**-1,30.0,True,1.870131613598547,1.6509146286268288,-0.21921698497171827,-0.1327851732430616,-0.05430323863850861,
convlstm,7,raw,pinn_statistical:kl_entropy,joint,pinn_statistical,observed_reconstruction,convlstm/pinn_statistical:kl_entropy/vs_raw,whole_model_comparison,matched,convlstm_time_conditioned_adaptation_v1,convlstm_time_conditioned_adaptation_v1,1604278,855940,u10,m s**-1,36.0,True,1.9976489976780802,1.7888280861298673,-0.20882091154821292,-0.11673615433889872,-0.059027008692598026,
convlstm,7,raw,pinn_statistical:kl_entropy,joint,pinn_statistical,observed_reconstruction,convlstm/pinn_statistical:kl_entropy/vs_raw,whole_model_comparison,matched,convlstm_time_conditioned_adaptation_v1,convlstm_time_conditioned_adaptation_v1,1604278,855940,u10,m s**-1,42.0,True,2.1011068637374732,1.9062594480100903,-0.19484741572738296,-0.10221453114935675,-0.061347903635704526,
convlstm,7,raw,pinn_statistical:kl_entropy,joint,pinn_statistical,observed_reconstruction,convlstm/pinn_statistical:kl_entropy/vs_raw,whole_model_comparison,matched,convlstm_time_conditioned_adaptation_v1,convlstm_time_conditioned_adaptation_v1,1604278,855940,u10,m s**-1,48.0,True,2.191652387454044,2.0029613659280465,-0.18869102152599737,-0.09420602151183766,-0.06483448814676496,
convlstm,7,raw,pinn_statistical:kl_entropy,joint,pinn_statistical,observed_reconstruction,convlstm/pinn_statistical:kl_entropy/vs_raw,whole_model_comparison,matched,convlstm_time_conditioned_adaptation_v1,convlstm_time_conditioned_adaptation_v1,1604278,855940,u10,m s**-1,54.0,True,2.2708532840017615,2.095206798972499,-0.1756464850292625,-0.08383252914003547,-0.06633902663033087,
convlstm,7,raw,pinn_statistical:kl_entropy,joint,pinn_statistical,observed_reconstruction,convlstm/pinn_statistical:kl_entropy/vs_raw,whole_model_comparison,matched,convlstm_time_conditioned_adaptation_v1,convlstm_time_conditioned_adaptation_v1,1604278,855940,u10,m s**-1,60.0,True,2.340944182268351,2.182349269484604,-0.15859491278374716,-0.07267164564414652,-0.06624318422381026,
convlstm,7,raw,pinn_statistical:kl_entropy,joint,pinn_statistical,observed_reconstruction,convlstm/pinn_statistical:kl_entropy/vs_raw,whole_model_comparison,matched,convlstm_time_conditioned_adaptation_v1,convlstm_time_conditioned_adaptation_v1,1604278,855940,u10,m s**-1,66.0,True,2.4022519167531695,2.261119228981578,-0.1411326877715915,-0.062417180820296014,-0.06484292241848222,
convlstm,7,raw,pinn_statistical:kl_entropy,joint,pinn_statistical,observed_reconstruction,convlstm/pinn_statistical:kl_entropy/vs_raw,whole_model_comparison,matched,convlstm_time_conditioned_adaptation_v1,convlstm_time_conditioned_adaptation_v1,1604278,855940,u10,m s**-1,72.0,True,2.456753393735238,2.3233504274923056,-0.13340296624293257,-0.05741835784407279,-0.0662662081398141,
convlstm,7,raw,pinn_statistical:kl_entropy,joint,pinn_statistical,observed_reconstruction,convlstm/pinn_statistical:kl_entropy/vs_raw,whole_model_comparison,matched,convlstm_time_conditioned_adaptation_v1,convlstm_time_conditioned_adaptation_v1,1604278,855940,u10,m s**-1,78.0,True,2.501378941515531,2.3845702085710148,-0.11680873294451644,-0.04898523537896393,-0.06406625081078132,
convlstm,7,raw,pinn_statistical:kl_entropy,joint,pinn_statistical,observed_reconstruction,convlstm/pinn_statistical:kl_entropy/vs_raw,whole_model_comparison,matched,convlstm_time_conditioned_adaptation_v1,convlstm_time_conditioned_adaptation_v1,1604278,855940,u10,m s**-1,84.0,True,2.542805457925364,2.441456107900418,-0.10134935002494583,-0.04151184602376623,-0.061862701274927545,
convlstm,7,raw,pinn_statistical:kl_entropy,joint,pinn_statistical,observed_reconstruction,convlstm/pinn_statistical:kl_entropy/vs_raw,whole_model_comparison,matched,convlstm_time_conditioned_adaptation_v1,convlstm_time_conditioned_adaptation_v1,1604278,855940,u10,m s**-1,90.0,True,2.579488505015651,2.4947441569230797,-0.08474434809257136,-0.033969153853873335,-0.058113411557686345,
convlstm,7,raw,pinn_statistical:kl_entropy,joint,pinn_statistical,observed_reconstruction,convlstm/pinn_statistical:kl_entropy/vs_raw,whole_model_comparison,matched,convlstm_time_conditioned_adaptation_v1,convlstm_time_conditioned_adaptation_v1,1604278,855940,u10,m s**-1,96.0,True,2.6144691609289357,2.535033370261171,-0.07943579066776474,-0.03133520512969845,-0.058654931097680496,
convlstm,7,raw,pinn_statistical:kl_entropy,joint,pinn_statistical,observed_reconstruction,convlstm/pinn_statistical:kl_entropy/vs_raw,whole_model_comparison,matched,convlstm_time_conditioned_adaptation_v1,convlstm_time_conditioned_adaptation_v1,1604278,855940,u10,m s**-1,102.0,True,2.6386242527085186,2.5749667078993173,-0.06365754480920138,-0.024721696251029934,-0.05407292936561109,
convlstm,7,raw,pinn_statistical:kl_entropy,joint,pinn_statistical,observed_reconstruction,convlstm/pinn_statistical:kl_entropy/vs_raw,whole_model_comparison,matched,convlstm_time_conditioned_adaptation_v1,convlstm_time_conditioned_adaptation_v1,1604278,855940,u10,m s**-1,108.0,True,2.663463635849564,2.610969018938409,-0.05249461691115487,-0.020105415472336352,-0.05089667152010996,
convlstm,7,raw,pinn_statistical:kl_entropy,joint,pinn_statistical,observed_reconstruction,convlstm/pinn_statistical:kl_entropy/vs_raw,whole_model_comparison,matched,convlstm_time_conditioned_adaptation_v1,convlstm_time_conditioned_adaptation_v1,1604278,855940,u10,m s**-1,114.0,True,2.6858583421432503,2.64423250125641,-0.041625840886840404,-0.015742125878515534,-0.04707585909932244,
convlstm,7,raw,pinn_statistical:kl_entropy,joint,pinn_statistical,observed_reconstruction,convlstm/pinn_statistical:kl_entropy/vs_raw,whole_model_comparison,matched,convlstm_time_conditioned_adaptation_v1,convlstm_time_conditioned_adaptation_v1,1604278,855940,u10,m s**-1,120.0,True,2.7099357767898478,2.669453394121941,-0.0404823826679066,-0.015165045682028921,-0.04797129802729305,
convlstm,7,raw,pinn_statistical:kl_entropy,joint,pinn_statistical,observed_reconstruction,convlstm/pinn_statistical:kl_entropy/vs_raw,whole_model_comparison,matched,convlstm_time_conditioned_adaptation_v1,convlstm_time_conditioned_adaptation_v1,1604278,855940,v10,m s**-1,6.0,True,1.3902112929497665,0.9533513946772838,-0.4368598982724827,-0.4582359670437812,-0.0581548296968083,
convlstm,7,raw,pinn_statistical:kl_entropy,joint,pinn_statistical,observed_reconstruction,convlstm/pinn_statistical:kl_entropy/vs_raw,whole_model_comparison,matched,convlstm_time_conditioned_adaptation_v1,convlstm_time_conditioned_adaptation_v1,1604278,855940,v10,m s**-1,12.0,True,1.5477724085836027,1.2851135762907628,-0.2626588322928398,-0.20438569566042153,-0.0438737683911995,
convlstm,7,raw,pinn_statistical:kl_entropy,joint,pinn_statistical,observed_reconstruction,convlstm/pinn_statistical:kl_entropy/vs_raw,whole_model_comparison,matched,convlstm_time_conditioned_adaptation_v1,convlstm_time_conditioned_adaptation_v1,1604278,855940,v10,m s**-1,18.0,True,1.7340985200636898,1.502271666999462,-0.2318268530642278,-0.15431753001590143,-0.04643118608139707,
convlstm,7,raw,pinn_statistical:kl_entropy,joint,pinn_statistical,observed_reconstruction,convlstm/pinn_statistical:kl_entropy/vs_raw,whole_model_comparison,matched,convlstm_time_conditioned_adaptation_v1,convlstm_time_conditioned_adaptation_v1,1604278,855940,v10,m s**-1,24.0,True,1.8915309247817633,1.6593222239615182,-0.23220870082024514,-0.1399418976417146,-0.05386036146954931,
convlstm,7,raw,pinn_statistical:kl_entropy,joint,pinn_statistical,observed_reconstruction,convlstm/pinn_statistical:kl_entropy/vs_raw,whole_model_comparison,matched,convlstm_time_conditioned_adaptation_v1,convlstm_time_conditioned_adaptation_v1,1604278,855940,v10,m s**-1,30.0,True,2.0508344430935574,1.8241473967881559,-0.2266870463054016,-0.1242701366701715,-0.06023537375827015,
convlstm,7,raw,pinn_statistical:kl_entropy,joint,pinn_statistical,observed_reconstruction,convlstm/pinn_statistical:kl_entropy/vs_raw,whole_model_comparison,matched,convlstm_time_conditioned_adaptation_v1,convlstm_time_conditioned_adaptation_v1,1604278,855940,v10,m s**-1,36.0,True,2.182881876804258,1.965864225461705,-0.21701765134255324,-0.11039300096708571,-0.06577597336730723,
convlstm,7,raw,pinn_statistical:kl_entropy,joint,pinn_statistical,observed_reconstruction,convlstm/pinn_statistical:kl_entropy/vs_raw,whole_model_comparison,matched,convlstm_time_conditioned_adaptation_v1,convlstm_time_conditioned_adaptation_v1,1604278,855940,v10,m s**-1,42.0,True,2.297846518959342,2.0922272708282006,-0.2056192481311414,-0.09827768283019633,-0.06922516705437731,
convlstm,7,raw,pinn_statistical:kl_entropy,joint,pinn_statistical,observed_reconstruction,convlstm/pinn_statistical:kl_entropy/vs_raw,whole_model_comparison,matched,convlstm_time_conditioned_adaptation_v1,convlstm_time_conditioned_adaptation_v1,1604278,855940,v10,m s**-1,48.0,True,2.395143604451743,2.20016711319278,-0.19497649125896288,-0.08861894630177525,-0.07237790636068098,
convlstm,7,raw,pinn_statistical:kl_entropy,joint,pinn_statistical,observed_reconstruction,convlstm/pinn_statistical:kl_entropy/vs_raw,whole_model_comparison,matched,convlstm_time_conditioned_adaptation_v1,convlstm_time_conditioned_adaptation_v1,1604278,855940,v10,m s**-1,54.0,True,2.482743690154235,2.3014276210376123,-0.18131606911662246,-0.07878417181543829,-0.07401454760945192,
convlstm,7,raw,pinn_statistical:kl_entropy,joint,pinn_statistical,observed_reconstruction,convlstm/pinn_statistical:kl_entropy/vs_raw,whole_model_comparison,matched,convlstm_time_conditioned_adaptation_v1,convlstm_time_conditioned_adaptation_v1,1604278,855940,v10,m s**-1,60.0,True,2.555103970180912,2.3928169971349704,-0.16228697304594153,-0.06782255945199944,-0.07364388518760145,
convlstm,7,raw,pinn_statistical:kl_entropy,joint,pinn_statistical,observed_reconstruction,convlstm/pinn_statistical:kl_entropy/vs_raw,whole_model_comparison,matched,convlstm_time_conditioned_adaptation_v1,convlstm_time_conditioned_adaptation_v1,1604278,855940,v10,m s**-1,66.0,True,2.617298267653278,2.4728157829870745,-0.14448248466620361,-0.05842832517498486,-0.07157442250020607,
convlstm,7,raw,pinn_statistical:kl_entropy,joint,pinn_statistical,observed_reconstruction,convlstm/pinn_statistical:kl_entropy/vs_raw,whole_model_comparison,matched,convlstm_time_conditioned_adaptation_v1,convlstm_time_conditioned_adaptation_v1,1604278,855940,v10,m s**-1,72.0,True,2.671074878299751,2.54326202685821,-0.1278128514415413,-0.05025547902330518,-0.06993868850734442,
convlstm,7,raw,pinn_statistical:kl_entropy,joint,pinn_statistical,observed_reconstruction,convlstm/pinn_statistical:kl_entropy/vs_raw,whole_model_comparison,matched,convlstm_time_conditioned_adaptation_v1,convlstm_time_conditioned_adaptation_v1,1604278,855940,v10,m s**-1,78.0,True,2.7176194057246787,2.603601863629219,-0.11401754209545967,-0.04379223401558341,-0.06846915723688785,
convlstm,7,raw,pinn_statistical:kl_entropy,joint,pinn_statistical,observed_reconstruction,convlstm/pinn_statistical:kl_entropy/vs_raw,whole_model_comparison,matched,convlstm_time_conditioned_adaptation_v1,convlstm_time_conditioned_adaptation_v1,1604278,855940,v10,m s**-1,84.0,True,2.7570182810144614,2.6596275689084754,-0.09739071210598604,-0.036618176636646904,-0.06604216006242514,
convlstm,7,raw,pinn_statistical:kl_entropy,joint,pinn_statistical,observed_reconstruction,convlstm/pinn_statistical:kl_entropy/vs_raw,whole_model_comparison,matched,convlstm_time_conditioned_adaptation_v1,convlstm_time_conditioned_adaptation_v1,1604278,855940,v10,m s**-1,90.0,True,2.7910192366523483,2.7047976009505144,-0.08622163570183394,-0.031877296723249904,-0.0631439252530891,
convlstm,7,raw,pinn_statistical:kl_entropy,joint,pinn_statistical,observed_reconstruction,convlstm/pinn_statistical:kl_entropy/vs_raw,whole_model_comparison,matched,convlstm_time_conditioned_adaptation_v1,convlstm_time_conditioned_adaptation_v1,1604278,855940,v10,m s**-1,96.0,True,2.8215504925251818,2.74736410782042,-0.07418638470476191,-0.027002749469423826,-0.06048677718799228,
convlstm,7,raw,pinn_statistical:kl_entropy,joint,pinn_statistical,observed_reconstruction,convlstm/pinn_statistical:kl_entropy/vs_raw,whole_model_comparison,matched,convlstm_time_conditioned_adaptation_v1,convlstm_time_conditioned_adaptation_v1,1604278,855940,v10,m s**-1,102.0,True,2.847562612775093,2.7812971921897804,-0.06626542058531237,-0.02382536493093723,-0.0586832242607081,
convlstm,7,raw,pinn_statistical:kl_entropy,joint,pinn_statistical,observed_reconstruction,convlstm/pinn_statistical:kl_entropy/vs_raw,whole_model_comparison,matched,convlstm_time_conditioned_adaptation_v1,convlstm_time_conditioned_adaptation_v1,1604278,855940,v10,m s**-1,108.0,True,2.8706930156003527,2.814873312982138,-0.055819702618214784,-0.01983027170735374,-0.05631015477926815,
convlstm,7,raw,pinn_statistical:kl_entropy,joint,pinn_statistical,observed_reconstruction,convlstm/pinn_statistical:kl_entropy/vs_raw,whole_model_comparison,matched,convlstm_time_conditioned_adaptation_v1,convlstm_time_conditioned_adaptation_v1,1604278,855940,v10,m s**-1,114.0,True,2.890416277670512,2.840796357596808,-0.04961992007370419,-0.01746690498986725,-0.05306666851056108,
convlstm,7,raw,pinn_statistical:kl_entropy,joint,pinn_statistical,observed_reconstruction,convlstm/pinn_statistical:kl_entropy/vs_raw,whole_model_comparison,matched,convlstm_time_conditioned_adaptation_v1,convlstm_time_conditioned_adaptation_v1,1604278,855940,v10,m s**-1,120.0,True,2.909027279690064,2.8670227645035915,-0.042004515186472524,-0.01465091791614892,-0.05023609787638633,
simvp,7,raw,pinn_statistical,joint,pinn_statistical,observed_reconstruction,simvp/pinn_statistical/vs_raw,whole_model_comparison,matched,simvp_gsta_lead_conditioned_adaptation_v1,simvp_gsta_lead_conditioned_adaptation_v1,1914876,1229706,msl,Pa,6.0,True,309.528764513139,226.6793431193924,-82.84942139374658,-0.3654917128911461,-0.05283035398557967,
simvp,7,raw,pinn_statistical,joint,pinn_statistical,observed_reconstruction,simvp/pinn_statistical/vs_raw,whole_model_comparison,matched,simvp_gsta_lead_conditioned_adaptation_v1,simvp_gsta_lead_conditioned_adaptation_v1,1914876,1229706,msl,Pa,12.0,True,312.07705720931915,256.2116026659371,-55.86545454338204,-0.2180442023783853,-0.04126110634992686,
simvp,7,raw,pinn_statistical,joint,pinn_statistical,observed_reconstruction,simvp/pinn_statistical/vs_raw,whole_model_comparison,matched,simvp_gsta_lead_conditioned_adaptation_v1,simvp_gsta_lead_conditioned_adaptation_v1,1914876,1229706,msl,Pa,18.0,True,343.6353265484702,302.87276739884504,-40.76255914962513,-0.13458641230674262,-0.0332946089809254,
simvp,7,raw,pinn_statistical,joint,pinn_statistical,observed_reconstruction,simvp/pinn_statistical/vs_raw,whole_model_comparison,matched,simvp_gsta_lead_conditioned_adaptation_v1,simvp_gsta_lead_conditioned_adaptation_v1,1914876,1229706,msl,Pa,24.0,True,375.0096671083554,340.09785111749494,-34.911815990860475,-0.10265226868134292,-0.02966294061192498,
simvp,7,raw,pinn_statistical,joint,pinn_statistical,observed_reconstruction,simvp/pinn_statistical/vs_raw,whole_model_comparison,matched,simvp_gsta_lead_conditioned_adaptation_v1,simvp_gsta_lead_conditioned_adaptation_v1,1914876,1229706,msl,Pa,30.0,True,413.07862288500104,382.7496275125548,-30.32899537244623,-0.07923977763100853,-0.028781315374609484,
simvp,7,raw,pinn_statistical,joint,pinn_statistical,observed_reconstruction,simvp/pinn_statistical/vs_raw,whole_model_comparison,matched,simvp_gsta_lead_conditioned_adaptation_v1,simvp_gsta_lead_conditioned_adaptation_v1,1914876,1229706,msl,Pa,36.0,True,441.307662688884,419.1183819672411,-22.189280721642945,-0.0529427523972863,-0.02489761345235597,
simvp,7,raw,pinn_statistical,joint,pinn_statistical,observed_reconstruction,simvp/pinn_statistical/vs_raw,whole_model_comparison,matched,simvp_gsta_lead_conditioned_adaptation_v1,simvp_gsta_lead_conditioned_adaptation_v1,1914876,1229706,msl,Pa,42.0,True,467.50684032124934,451.31979808888707,-16.187042232362273,-0.035866014078944186,-0.01980760760219913,
simvp,7,raw,pinn_statistical,joint,pinn_statistical,observed_reconstruction,simvp/pinn_statistical/vs_raw,whole_model_comparison,matched,simvp_gsta_lead_conditioned_adaptation_v1,simvp_gsta_lead_conditioned_adaptation_v1,1914876,1229706,msl,Pa,48.0,True,488.7417234202144,475.5780506003525,-13.163672819861858,-0.02767931111043609,-0.018016590173777658,
simvp,7,raw,pinn_statistical,joint,pinn_statistical,observed_reconstruction,simvp/pinn_statistical/vs_raw,whole_model_comparison,matched,simvp_gsta_lead_conditioned_adaptation_v1,simvp_gsta_lead_conditioned_adaptation_v1,1914876,1229706,msl,Pa,54.0,True,510.1335505418435,499.08011178482474,-11.05343875701874,-0.02214762419101235,-0.017964134519811714,
simvp,7,raw,pinn_statistical,joint,pinn_statistical,observed_reconstruction,simvp/pinn_statistical/vs_raw,whole_model_comparison,matched,simvp_gsta_lead_conditioned_adaptation_v1,simvp_gsta_lead_conditioned_adaptation_v1,1914876,1229706,msl,Pa,60.0,True,527.6662582874739,518.8133062261077,-8.852952061366182,-0.017063849278969645,-0.018318445184345777,
simvp,7,raw,pinn_statistical,joint,pinn_statistical,observed_reconstruction,simvp/pinn_statistical/vs_raw,whole_model_comparison,matched,simvp_gsta_lead_conditioned_adaptation_v1,simvp_gsta_lead_conditioned_adaptation_v1,1914876,1229706,msl,Pa,66.0,True,542.7565518727655,535.7797405314714,-6.9768113412941375,-0.01302179013781557,-0.01570105559704227,
simvp,7,raw,pinn_statistical,joint,pinn_statistical,observed_reconstruction,simvp/pinn_statistical/vs_raw,whole_model_comparison,matched,simvp_gsta_lead_conditioned_adaptation_v1,simvp_gsta_lead_conditioned_adaptation_v1,1914876,1229706,msl,Pa,72.0,True,554.8303618172234,548.6566834943701,-6.173678322853334,-0.011252352351808437,-0.01632690138683468,
simvp,7,raw,pinn_statistical,joint,pinn_statistical,observed_reconstruction,simvp/pinn_statistical/vs_raw,whole_model_comparison,matched,simvp_gsta_lead_conditioned_adaptation_v1,simvp_gsta_lead_conditioned_adaptation_v1,1914876,1229706,msl,Pa,78.0,True,566.7141446021743,560.7433687240622,-5.970775878112136,-0.01064796520322342,-0.017220665004754943,
simvp,7,raw,pinn_statistical,joint,pinn_statistical,observed_reconstruction,simvp/pinn_statistical/vs_raw,whole_model_comparison,matched,simvp_gsta_lead_conditioned_adaptation_v1,simvp_gsta_lead_conditioned_adaptation_v1,1914876,1229706,msl,Pa,84.0,True,576.821212992613,571.0859815029421,-5.735231489670923,-0.010042676016275731,-0.01915162596745612,
simvp,7,raw,pinn_statistical,joint,pinn_statistical,observed_reconstruction,simvp/pinn_statistical/vs_raw,whole_model_comparison,matched,simvp_gsta_lead_conditioned_adaptation_v1,simvp_gsta_lead_conditioned_adaptation_v1,1914876,1229706,msl,Pa,90.0,True,586.0785823115814,580.6861188565377,-5.392463455043639,-0.009286365352872972,-0.017244002712553885,
simvp,7,raw,pinn_statistical,joint,pinn_statistical,observed_reconstruction,simvp/pinn_statistical/vs_raw,whole_model_comparison,matched,simvp_gsta_lead_conditioned_adaptation_v1,simvp_gsta_lead_conditioned_adaptation_v1,1914876,1229706,msl,Pa,96.0,True,593.4545295433178,587.8909307732495,-5.5635987700683245,-0.009463658101938277,-0.018021710869657093,
simvp,7,raw,pinn_statistical,joint,pinn_statistical,observed_reconstruction,simvp/pinn_statistical/vs_raw,whole_model_comparison,matched,simvp_gsta_lead_conditioned_adaptation_v1,simvp_gsta_lead_conditioned_adaptation_v1,1914876,1229706,msl,Pa,102.0,True,601.0062853802923,594.9413965290066,-6.064888851285673,-0.01019409455564757,-0.018320321702223752,
simvp,7,raw,pinn_statistical,joint,pinn_statistical,observed_reconstruction,simvp/pinn_statistical/vs_raw,whole_model_comparison,matched,simvp_gsta_lead_conditioned_adaptation_v1,simvp_gsta_lead_conditioned_adaptation_v1,1914876,1229706,msl,Pa,108.0,True,607.9487090191756,601.5410466640045,-6.407662355171055,-0.01065207834229498,-0.020548376365874865,
simvp,7,raw,pinn_statistical,joint,pinn_statistical,observed_reconstruction,simvp/pinn_statistical/vs_raw,whole_model_comparison,matched,simvp_gsta_lead_conditioned_adaptation_v1,simvp_gsta_lead_conditioned_adaptation_v1,1914876,1229706,msl,Pa,114.0,True,614.7201028160678,608.0698118609605,-6.650290955107266,-0.010936722766674567,-0.01857640144344569,
simvp,7,raw,pinn_statistical,joint,pinn_statistical,observed_reconstruction,simvp/pinn_statistical/vs_raw,whole_model_comparison,matched,simvp_gsta_lead_conditioned_adaptation_v1,simvp_gsta_lead_conditioned_adaptation_v1,1914876,1229706,msl,Pa,120.0,True,620.079030335073,612.5863329651717,-7.492697369901293,-0.012231251281159983,-0.019477960855322607,
simvp,7,raw,pinn_statistical,joint,pinn_statistical,observed_reconstruction,simvp/pinn_statistical/vs_raw,whole_model_comparison,matched,simvp_gsta_lead_conditioned_adaptation_v1,simvp_gsta_lead_conditioned_adaptation_v1,1914876,1229706,t2m,K,6.0,True,2.2076943269715774,2.311867591602448,0.1041732646308704,0.04506022101320417,-0.0028010136471823266,
simvp,7,raw,pinn_statistical,joint,pinn_statistical,observed_reconstruction,simvp/pinn_statistical/vs_raw,whole_model_comparison,matched,simvp_gsta_lead_conditioned_adaptation_v1,simvp_gsta_lead_conditioned_adaptation_v1,1914876,1229706,t2m,K,12.0,True,2.3061039686939666,2.489684412809056,0.18358044411508923,0.0737364314812734,0.0037446479058091953,
simvp,7,raw,pinn_statistical,joint,pinn_statistical,observed_reconstruction,simvp/pinn_statistical/vs_raw,whole_model_comparison,matched,simvp_gsta_lead_conditioned_adaptation_v1,simvp_gsta_lead_conditioned_adaptation_v1,1914876,1229706,t2m,K,18.0,True,2.153283124522652,2.365460005590052,0.2121768810674003,0.08969793637008627,0.0025254694125286248,
simvp,7,raw,pinn_statistical,joint,pinn_statistical,observed_reconstruction,simvp/pinn_statistical/vs_raw,whole_model_comparison,matched,simvp_gsta_lead_conditioned_adaptation_v1,simvp_gsta_lead_conditioned_adaptation_v1,1914876,1229706,t2m,K,24.0,True,1.972603839299462,2.2179387110518443,0.24533487175238222,0.11061390945110183,0.0009565205987946968,
simvp,7,raw,pinn_statistical,joint,pinn_statistical,observed_reconstruction,simvp/pinn_statistical/vs_raw,whole_model_comparison,matched,simvp_gsta_lead_conditioned_adaptation_v1,simvp_gsta_lead_conditioned_adaptation_v1,1914876,1229706,t2m,K,30.0,True,2.141986533662966,2.377287658199628,0.23530112453666208,0.0989788188758195,0.00636430481148087,
simvp,7,raw,pinn_statistical,joint,pinn_statistical,observed_reconstruction,simvp/pinn_statistical/vs_raw,whole_model_comparison,matched,simvp_gsta_lead_conditioned_adaptation_v1,simvp_gsta_lead_conditioned_adaptation_v1,1914876,1229706,t2m,K,36.0,True,2.2595288585314113,2.4825287883354097,0.2229999298039984,0.08982773164677971,0.00916810563905035,
simvp,7,raw,pinn_statistical,joint,pinn_statistical,observed_reconstruction,simvp/pinn_statistical/vs_raw,whole_model_comparison,matched,simvp_gsta_lead_conditioned_adaptation_v1,simvp_gsta_lead_conditioned_adaptation_v1,1914876,1229706,t2m,K,42.0,True,2.2151741953787574,2.4081905144583753,0.19301631907961792,0.08014993744090426,0.004650772884477128,
simvp,7,raw,pinn_statistical,joint,pinn_statistical,observed_reconstruction,simvp/pinn_statistical/vs_raw,whole_model_comparison,matched,simvp_gsta_lead_conditioned_adaptation_v1,simvp_gsta_lead_conditioned_adaptation_v1,1914876,1229706,t2m,K,48.0,True,2.120636982029486,2.3039286282488085,0.1832916462193226,0.07955613032971454,0.0005999583662470442,
simvp,7,raw,pinn_statistical,joint,pinn_statistical,observed_reconstruction,simvp/pinn_statistical/vs_raw,whole_model_comparison,matched,simvp_gsta_lead_conditioned_adaptation_v1,simvp_gsta_lead_conditioned_adaptation_v1,1914876,1229706,t2m,K,54.0,True,2.2648395286336482,2.4068098842613157,0.14197035562766747,0.05898694224086598,0.0004409002736077694,
simvp,7,raw,pinn_statistical,joint,pinn_statistical,observed_reconstruction,simvp/pinn_statistical/vs_raw,whole_model_comparison,matched,simvp_gsta_lead_conditioned_adaptation_v1,simvp_gsta_lead_conditioned_adaptation_v1,1914876,1229706,t2m,K,60.0,True,2.3821995578571844,2.484768777944689,0.10256922008750458,0.04127918098373162,-0.001184933547134892,
simvp,7,raw,pinn_statistical,joint,pinn_statistical,observed_reconstruction,simvp/pinn_statistical/vs_raw,whole_model_comparison,matched,simvp_gsta_lead_conditioned_adaptation_v1,simvp_gsta_lead_conditioned_adaptation_v1,1914876,1229706,t2m,K,66.0,True,2.3529561081927053,2.4352776759197585,0.08232156772705324,0.03380377052730221,-0.0023209339287985076,
simvp,7,raw,pinn_statistical,joint,pinn_statistical,observed_reconstruction,simvp/pinn_statistical/vs_raw,whole_model_comparison,matched,simvp_gsta_lead_conditioned_adaptation_v1,simvp_gsta_lead_conditioned_adaptation_v1,1914876,1229706,t2m,K,72.0,True,2.2746732089191286,2.382249793796756,0.10757658487762756,0.04515755869000426,-0.0024050001187804204,
simvp,7,raw,pinn_statistical,joint,pinn_statistical,observed_reconstruction,simvp/pinn_statistical/vs_raw,whole_model_comparison,matched,simvp_gsta_lead_conditioned_adaptation_v1,simvp_gsta_lead_conditioned_adaptation_v1,1914876,1229706,t2m,K,78.0,True,2.414527357525428,2.478707234783749,0.06417987725832086,0.025892479901491905,-0.0038701849111139053,
simvp,7,raw,pinn_statistical,joint,pinn_statistical,observed_reconstruction,simvp/pinn_statistical/vs_raw,whole_model_comparison,matched,simvp_gsta_lead_conditioned_adaptation_v1,simvp_gsta_lead_conditioned_adaptation_v1,1914876,1229706,t2m,K,84.0,True,2.5217119842031233,2.543996905468153,0.022284921265029567,0.008759806750208488,-0.0075532343213827735,
simvp,7,raw,pinn_statistical,joint,pinn_statistical,observed_reconstruction,simvp/pinn_statistical/vs_raw,whole_model_comparison,matched,simvp_gsta_lead_conditioned_adaptation_v1,simvp_gsta_lead_conditioned_adaptation_v1,1914876,1229706,t2m,K,90.0,True,2.487486084551342,2.50945290251309,0.021966817961748042,0.008753628306691574,-0.0057751440117960184,
simvp,7,raw,pinn_statistical,joint,pinn_statistical,observed_reconstruction,simvp/pinn_statistical/vs_raw,whole_model_comparison,matched,simvp_gsta_lead_conditioned_adaptation_v1,simvp_gsta_lead_conditioned_adaptation_v1,1914876,1229706,t2m,K,96.0,True,2.402092672682879,2.4624418709811358,0.06034919829825691,0.024507867174225484,-0.004159208366265377,
simvp,7,raw,pinn_statistical,joint,pinn_statistical,observed_reconstruction,simvp/pinn_statistical/vs_raw,whole_model_comparison,matched,simvp_gsta_lead_conditioned_adaptation_v1,simvp_gsta_lead_conditioned_adaptation_v1,1914876,1229706,t2m,K,102.0,True,2.5326766123510924,2.55408331229121,0.02140669994011768,0.00838136322221772,-0.005614033724683942,
simvp,7,raw,pinn_statistical,joint,pinn_statistical,observed_reconstruction,simvp/pinn_statistical/vs_raw,whole_model_comparison,matched,simvp_gsta_lead_conditioned_adaptation_v1,simvp_gsta_lead_conditioned_adaptation_v1,1914876,1229706,t2m,K,108.0,True,2.6354286928003887,2.627541752230636,-0.00788694056975281,-0.003001642338530841,-0.008609007599240326,
simvp,7,raw,pinn_statistical,joint,pinn_statistical,observed_reconstruction,simvp/pinn_statistical/vs_raw,whole_model_comparison,matched,simvp_gsta_lead_conditioned_adaptation_v1,simvp_gsta_lead_conditioned_adaptation_v1,1914876,1229706,t2m,K,114.0,True,2.5932848388691423,2.5935582142168805,0.0002733753477381917,0.00010540551827198374,-0.00670179101100743,
simvp,7,raw,pinn_statistical,joint,pinn_statistical,observed_reconstruction,simvp/pinn_statistical/vs_raw,whole_model_comparison,matched,simvp_gsta_lead_conditioned_adaptation_v1,simvp_gsta_lead_conditioned_adaptation_v1,1914876,1229706,t2m,K,120.0,True,2.4910233550109577,2.51105208631205,0.020028731301092062,0.007976230923392724,-0.007143763754335453,
simvp,7,raw,pinn_statistical,joint,pinn_statistical,observed_reconstruction,simvp/pinn_statistical/vs_raw,whole_model_comparison,matched,simvp_gsta_lead_conditioned_adaptation_v1,simvp_gsta_lead_conditioned_adaptation_v1,1914876,1229706,u10,m s**-1,6.0,True,1.6270098669088873,1.0811338631445133,-0.545876003764374,-0.5049106520229378,-0.09351797606434131,
simvp,7,raw,pinn_statistical,joint,pinn_statistical,observed_reconstruction,simvp/pinn_statistical/vs_raw,whole_model_comparison,matched,simvp_gsta_lead_conditioned_adaptation_v1,simvp_gsta_lead_conditioned_adaptation_v1,1914876,1229706,u10,m s**-1,12.0,True,1.6492507794367157,1.2797186720006053,-0.3695321074361104,-0.288760424866205,-0.06974164909171654,
simvp,7,raw,pinn_statistical,joint,pinn_statistical,observed_reconstruction,simvp/pinn_statistical/vs_raw,whole_model_comparison,matched,simvp_gsta_lead_conditioned_adaptation_v1,simvp_gsta_lead_conditioned_adaptation_v1,1914876,1229706,u10,m s**-1,18.0,True,1.767374890306289,1.5269540752140598,-0.24042081509222912,-0.15745124165474667,-0.05097268408455968,
simvp,7,raw,pinn_statistical,joint,pinn_statistical,observed_reconstruction,simvp/pinn_statistical/vs_raw,whole_model_comparison,matched,simvp_gsta_lead_conditioned_adaptation_v1,simvp_gsta_lead_conditioned_adaptation_v1,1914876,1229706,u10,m s**-1,24.0,True,1.8949755002410507,1.7116302417705271,-0.18334525847052352,-0.10711732826178011,-0.04086450741078107,
simvp,7,raw,pinn_statistical,joint,pinn_statistical,observed_reconstruction,simvp/pinn_statistical/vs_raw,whole_model_comparison,matched,simvp_gsta_lead_conditioned_adaptation_v1,simvp_gsta_lead_conditioned_adaptation_v1,1914876,1229706,u10,m s**-1,30.0,True,2.026342494868283,1.894147902739759,-0.1321945921285239,-0.0697910611612289,-0.03268944193783896,
simvp,7,raw,pinn_statistical,joint,pinn_statistical,observed_reconstruction,simvp/pinn_statistical/vs_raw,whole_model_comparison,matched,simvp_gsta_lead_conditioned_adaptation_v1,simvp_gsta_lead_conditioned_adaptation_v1,1914876,1229706,u10,m s**-1,36.0,True,2.137028661849434,2.039361816204648,-0.097666845644786,-0.047890886682652845,-0.02716686887250319,
simvp,7,raw,pinn_statistical,joint,pinn_statistical,observed_reconstruction,simvp/pinn_statistical/vs_raw,whole_model_comparison,matched,simvp_gsta_lead_conditioned_adaptation_v1,simvp_gsta_lead_conditioned_adaptation_v1,1914876,1229706,u10,m s**-1,42.0,True,2.231867898006123,2.157472896663137,-0.07439500134298616,-0.03448247320188802,-0.023031138834763265,
simvp,7,raw,pinn_statistical,joint,pinn_statistical,observed_reconstruction,simvp/pinn_statistical/vs_raw,whole_model_comparison,matched,simvp_gsta_lead_conditioned_adaptation_v1,simvp_gsta_lead_conditioned_adaptation_v1,1914876,1229706,u10,m s**-1,48.0,True,2.3106406097675576,2.2531318500600923,-0.05750875970746527,-0.025523921161529683,-0.01991049205239781,
simvp,7,raw,pinn_statistical,joint,pinn_statistical,observed_reconstruction,simvp/pinn_statistical/vs_raw,whole_model_comparison,matched,simvp_gsta_lead_conditioned_adaptation_v1,simvp_gsta_lead_conditioned_adaptation_v1,1914876,1229706,u10,m s**-1,54.0,True,2.382613501593042,2.341760134876853,-0.04085336671618878,-0.017445581256483766,-0.018543700170671862,
simvp,7,raw,pinn_statistical,joint,pinn_statistical,observed_reconstruction,simvp/pinn_statistical/vs_raw,whole_model_comparison,matched,simvp_gsta_lead_conditioned_adaptation_v1,simvp_gsta_lead_conditioned_adaptation_v1,1914876,1229706,u10,m s**-1,60.0,True,2.4446879536003583,2.414695033909211,-0.029992919691147257,-0.012420996966474362,-0.017516922387311507,
simvp,7,raw,pinn_statistical,joint,pinn_statistical,observed_reconstruction,simvp/pinn_statistical/vs_raw,whole_model_comparison,matched,simvp_gsta_lead_conditioned_adaptation_v1,simvp_gsta_lead_conditioned_adaptation_v1,1914876,1229706,u10,m s**-1,66.0,True,2.499211163405669,2.472439387924654,-0.02677177548101506,-0.010828081615172458,-0.01747756971993919,
simvp,7,raw,pinn_statistical,joint,pinn_statistical,observed_reconstruction,simvp/pinn_statistical/vs_raw,whole_model_comparison,matched,simvp_gsta_lead_conditioned_adaptation_v1,simvp_gsta_lead_conditioned_adaptation_v1,1914876,1229706,u10,m s**-1,72.0,True,2.542100889185812,2.5182179879197624,-0.02388290126604975,-0.009484048394785338,-0.01721400480818036,
simvp,7,raw,pinn_statistical,joint,pinn_statistical,observed_reconstruction,simvp/pinn_statistical/vs_raw,whole_model_comparison,matched,simvp_gsta_lead_conditioned_adaptation_v1,simvp_gsta_lead_conditioned_adaptation_v1,1914876,1229706,u10,m s**-1,78.0,True,2.581577411004369,2.5622163468691195,-0.019361064135249517,-0.0075563736680188676,-0.017908695370097205,
simvp,7,raw,pinn_statistical,joint,pinn_statistical,observed_reconstruction,simvp/pinn_statistical/vs_raw,whole_model_comparison,matched,simvp_gsta_lead_conditioned_adaptation_v1,simvp_gsta_lead_conditioned_adaptation_v1,1914876,1229706,u10,m s**-1,84.0,True,2.6131282750002462,2.599098410808578,-0.014029864191668295,-0.005397973440837811,-0.016744746839907676,
simvp,7,raw,pinn_statistical,joint,pinn_statistical,observed_reconstruction,simvp/pinn_statistical/vs_raw,whole_model_comparison,matched,simvp_gsta_lead_conditioned_adaptation_v1,simvp_gsta_lead_conditioned_adaptation_v1,1914876,1229706,u10,m s**-1,90.0,True,2.6452355052987757,2.6294536020170827,-0.015781903281693044,-0.00600197062598351,-0.01674912975868731,
simvp,7,raw,pinn_statistical,joint,pinn_statistical,observed_reconstruction,simvp/pinn_statistical/vs_raw,whole_model_comparison,matched,simvp_gsta_lead_conditioned_adaptation_v1,simvp_gsta_lead_conditioned_adaptation_v1,1914876,1229706,u10,m s**-1,96.0,True,2.6688136146357113,2.653591296747456,-0.015222317888255343,-0.005736496764559673,-0.015639916179869817,
simvp,7,raw,pinn_statistical,joint,pinn_statistical,observed_reconstruction,simvp/pinn_statistical/vs_raw,whole_model_comparison,matched,simvp_gsta_lead_conditioned_adaptation_v1,simvp_gsta_lead_conditioned_adaptation_v1,1914876,1229706,u10,m s**-1,102.0,True,2.693002977733135,2.678780901638514,-0.014222076094621006,-0.005309159881617065,-0.015430845976542096,
simvp,7,raw,pinn_statistical,joint,pinn_statistical,observed_reconstruction,simvp/pinn_statistical/vs_raw,whole_model_comparison,matched,simvp_gsta_lead_conditioned_adaptation_v1,simvp_gsta_lead_conditioned_adaptation_v1,1914876,1229706,u10,m s**-1,108.0,True,2.7111661868782795,2.6998385205998305,-0.011327666278448945,-0.004195682886964702,-0.013677851205593283,
simvp,7,raw,pinn_statistical,joint,pinn_statistical,observed_reconstruction,simvp/pinn_statistical/vs_raw,whole_model_comparison,matched,simvp_gsta_lead_conditioned_adaptation_v1,simvp_gsta_lead_conditioned_adaptation_v1,1914876,1229706,u10,m s**-1,114.0,True,2.7336848745002937,2.719614682923096,-0.01407019157719791,-0.005173597445824463,-0.013474445313425787,
simvp,7,raw,pinn_statistical,joint,pinn_statistical,observed_reconstruction,simvp/pinn_statistical/vs_raw,whole_model_comparison,matched,simvp_gsta_lead_conditioned_adaptation_v1,simvp_gsta_lead_conditioned_adaptation_v1,1914876,1229706,u10,m s**-1,120.0,True,2.750206482922867,2.7344721812446213,-0.015734301678245632,-0.005754054397102637,-0.01277806377660895,
simvp,7,raw,pinn_statistical,joint,pinn_statistical,observed_reconstruction,simvp/pinn_statistical/vs_raw,whole_model_comparison,matched,simvp_gsta_lead_conditioned_adaptation_v1,simvp_gsta_lead_conditioned_adaptation_v1,1914876,1229706,v10,m s**-1,6.0,True,1.7183434018184343,1.1994198271699956,-0.5189235746484386,-0.4326454865039435,-0.09249902816633127,
simvp,7,raw,pinn_statistical,joint,pinn_statistical,observed_reconstruction,simvp/pinn_statistical/vs_raw,whole_model_comparison,matched,simvp_gsta_lead_conditioned_adaptation_v1,simvp_gsta_lead_conditioned_adaptation_v1,1914876,1229706,v10,m s**-1,12.0,True,1.7607460125958483,1.4402994366421147,-0.3204465759537336,-0.2224860801867814,-0.061645900824088495,
simvp,7,raw,pinn_statistical,joint,pinn_statistical,observed_reconstruction,simvp/pinn_statistical/vs_raw,whole_model_comparison,matched,simvp_gsta_lead_conditioned_adaptation_v1,simvp_gsta_lead_conditioned_adaptation_v1,1914876,1229706,v10,m s**-1,18.0,True,1.937332727812681,1.7445792149585215,-0.19275351285415954,-0.11048710841069043,-0.04400192781510548,
simvp,7,raw,pinn_statistical,joint,pinn_statistical,observed_reconstruction,simvp/pinn_statistical/vs_raw,whole_model_comparison,matched,simvp_gsta_lead_conditioned_adaptation_v1,simvp_gsta_lead_conditioned_adaptation_v1,1914876,1229706,v10,m s**-1,24.0,True,2.1155145804326425,1.9478039675255938,-0.1677106129070487,-0.08610240850885065,-0.043948270714170956,
simvp,7,raw,pinn_statistical,joint,pinn_statistical,observed_reconstruction,simvp/pinn_statistical/vs_raw,whole_model_comparison,matched,simvp_gsta_lead_conditioned_adaptation_v1,simvp_gsta_lead_conditioned_adaptation_v1,1914876,1229706,v10,m s**-1,30.0,True,2.2678553412353355,2.1339609545845617,-0.1338943866507738,-0.06274453445978834,-0.04060642596860198,
simvp,7,raw,pinn_statistical,joint,pinn_statistical,observed_reconstruction,simvp/pinn_statistical/vs_raw,whole_model_comparison,matched,simvp_gsta_lead_conditioned_adaptation_v1,simvp_gsta_lead_conditioned_adaptation_v1,1914876,1229706,v10,m s**-1,36.0,True,2.395397289410777,2.280546501937069,-0.11485078747370814,-0.050361081160219756,-0.039922211965865206,
simvp,7,raw,pinn_statistical,joint,pinn_statistical,observed_reconstruction,simvp/pinn_statistical/vs_raw,whole_model_comparison,matched,simvp_gsta_lead_conditioned_adaptation_v1,simvp_gsta_lead_conditioned_adaptation_v1,1914876,1229706,v10,m s**-1,42.0,True,2.49613737544683,2.402222332733508,-0.09391504271332218,-0.039095066861049244,-0.037057283965527654,
simvp,7,raw,pinn_statistical,joint,pinn_statistical,observed_reconstruction,simvp/pinn_statistical/vs_raw,whole_model_comparison,matched,simvp_gsta_lead_conditioned_adaptation_v1,simvp_gsta_lead_conditioned_adaptation_v1,1914876,1229706,v10,m s**-1,48.0,True,2.579075970949232,2.497814408010257,-0.08126156293897502,-0.032533066779652176,-0.03662740889491334,
simvp,7,raw,pinn_statistical,joint,pinn_statistical,observed_reconstruction,simvp/pinn_statistical/vs_raw,whole_model_comparison,matched,simvp_gsta_lead_conditioned_adaptation_v1,simvp_gsta_lead_conditioned_adaptation_v1,1914876,1229706,v10,m s**-1,54.0,True,2.655189715132466,2.5881118171073876,-0.06707789802507858,-0.025917697056863753,-0.035081846700913855,
simvp,7,raw,pinn_statistical,joint,pinn_statistical,observed_reconstruction,simvp/pinn_statistical/vs_raw,whole_model_comparison,matched,simvp_gsta_lead_conditioned_adaptation_v1,simvp_gsta_lead_conditioned_adaptation_v1,1914876,1229706,v10,m s**-1,60.0,True,2.7170142824108963,2.656636770065928,-0.06037751234496813,-0.022727048358767377,-0.035208523245344125,
simvp,7,raw,pinn_statistical,joint,pinn_statistical,observed_reconstruction,simvp/pinn_statistical/vs_raw,whole_model_comparison,matched,simvp_gsta_lead_conditioned_adaptation_v1,simvp_gsta_lead_conditioned_adaptation_v1,1914876,1229706,v10,m s**-1,66.0,True,2.763576692482817,2.7110205310009547,-0.05255616148186215,-0.01938611710271987,-0.03353991891033442,
simvp,7,raw,pinn_statistical,joint,pinn_statistical,observed_reconstruction,simvp/pinn_statistical/vs_raw,whole_model_comparison,matched,simvp_gsta_lead_conditioned_adaptation_v1,simvp_gsta_lead_conditioned_adaptation_v1,1914876,1229706,v10,m s**-1,72.0,True,2.8003168368770184,2.752495579162704,-0.047821257714314225,-0.01737378184231675,-0.03326168998423423,
simvp,7,raw,pinn_statistical,joint,pinn_statistical,observed_reconstruction,simvp/pinn_statistical/vs_raw,whole_model_comparison,matched,simvp_gsta_lead_conditioned_adaptation_v1,simvp_gsta_lead_conditioned_adaptation_v1,1914876,1229706,v10,m s**-1,78.0,True,2.8350498699042124,2.7960385954766496,-0.0390112744275628,-0.013952337600301457,-0.031305183236286116,
simvp,7,raw,pinn_statistical,joint,pinn_statistical,observed_reconstruction,simvp/pinn_statistical/vs_raw,whole_model_comparison,matched,simvp_gsta_lead_conditioned_adaptation_v1,simvp_gsta_lead_conditioned_adaptation_v1,1914876,1229706,v10,m s**-1,84.0,True,2.8606243724758498,2.8284748023772543,-0.032149570098595426,-0.01136639791578653,-0.02835636016106008,
simvp,7,raw,pinn_statistical,joint,pinn_statistical,observed_reconstruction,simvp/pinn_statistical/vs_raw,whole_model_comparison,matched,simvp_gsta_lead_conditioned_adaptation_v1,simvp_gsta_lead_conditioned_adaptation_v1,1914876,1229706,v10,m s**-1,90.0,True,2.8824518165796618,2.85375029181769,-0.028701524761971964,-0.010057475892079726,-0.026203945853817134,
simvp,7,raw,pinn_statistical,joint,pinn_statistical,observed_reconstruction,simvp/pinn_statistical/vs_raw,whole_model_comparison,matched,simvp_gsta_lead_conditioned_adaptation_v1,simvp_gsta_lead_conditioned_adaptation_v1,1914876,1229706,v10,m s**-1,96.0,True,2.8993653027663133,2.872897672810286,-0.02646762995602714,-0.009212869016019143,-0.024761674050846894,
simvp,7,raw,pinn_statistical,joint,pinn_statistical,observed_reconstruction,simvp/pinn_statistical/vs_raw,whole_model_comparison,matched,simvp_gsta_lead_conditioned_adaptation_v1,simvp_gsta_lead_conditioned_adaptation_v1,1914876,1229706,v10,m s**-1,102.0,True,2.918521151852675,2.8970596531307073,-0.021461498721967676,-0.007408027894342917,-0.022179321871056756,
simvp,7,raw,pinn_statistical,joint,pinn_statistical,observed_reconstruction,simvp/pinn_statistical/vs_raw,whole_model_comparison,matched,simvp_gsta_lead_conditioned_adaptation_v1,simvp_gsta_lead_conditioned_adaptation_v1,1914876,1229706,v10,m s**-1,108.0,True,2.9317531174589124,2.9148067317502786,-0.016946385708633827,-0.005813896861167844,-0.01861600584966,
simvp,7,raw,pinn_statistical,joint,pinn_statistical,observed_reconstruction,simvp/pinn_statistical/vs_raw,whole_model_comparison,matched,simvp_gsta_lead_conditioned_adaptation_v1,simvp_gsta_lead_conditioned_adaptation_v1,1914876,1229706,v10,m s**-1,114.0,True,2.9461057567383886,2.93042248548786,-0.015683271250528374,-0.005351880600219072,-0.017307592235691227,
simvp,7,raw,pinn_statistical,joint,pinn_statistical,observed_reconstruction,simvp/pinn_statistical/vs_raw,whole_model_comparison,matched,simvp_gsta_lead_conditioned_adaptation_v1,simvp_gsta_lead_conditioned_adaptation_v1,1914876,1229706,v10,m s**-1,120.0,True,2.9568663983438093,2.9437901262602866,-0.013076272083522689,-0.00444198516968819,-0.015369684287096452,
simvp,7,raw,pinn_statistical:kl_entropy,joint,pinn_statistical,observed_reconstruction,simvp/pinn_statistical:kl_entropy/vs_raw,whole_model_comparison,matched,simvp_gsta_lead_conditioned_adaptation_v1,simvp_gsta_lead_conditioned_adaptation_v1,1914876,1229706,msl,Pa,6.0,True,282.13791025027484,226.6793431193924,-55.45856713088244,-0.24465646656507345,-0.0381643989441095,
simvp,7,raw,pinn_statistical:kl_entropy,joint,pinn_statistical,observed_reconstruction,simvp/pinn_statistical:kl_entropy/vs_raw,whole_model_comparison,matched,simvp_gsta_lead_conditioned_adaptation_v1,simvp_gsta_lead_conditioned_adaptation_v1,1914876,1229706,msl,Pa,12.0,True,286.37911889561155,256.2116026659371,-30.167516229674447,-0.1177445358281004,-0.026694021578799743,
simvp,7,raw,pinn_statistical:kl_entropy,joint,pinn_statistical,observed_reconstruction,simvp/pinn_statistical:kl_entropy/vs_raw,whole_model_comparison,matched,simvp_gsta_lead_conditioned_adaptation_v1,simvp_gsta_lead_conditioned_adaptation_v1,1914876,1229706,msl,Pa,18.0,True,324.41933795354925,302.87276739884504,-21.546570554704203,-0.07114066655695761,-0.020681374894931825,
simvp,7,raw,pinn_statistical:kl_entropy,joint,pinn_statistical,observed_reconstruction,simvp/pinn_statistical:kl_entropy/vs_raw,whole_model_comparison,matched,simvp_gsta_lead_conditioned_adaptation_v1,simvp_gsta_lead_conditioned_adaptation_v1,1914876,1229706,msl,Pa,24.0,True,359.0126081528277,340.09785111749494,-18.91475703533274,-0.05561563230459288,-0.01880349007258486,
simvp,7,raw,pinn_statistical:kl_entropy,joint,pinn_statistical,observed_reconstruction,simvp/pinn_statistical:kl_entropy/vs_raw,whole_model_comparison,matched,simvp_gsta_lead_conditioned_adaptation_v1,simvp_gsta_lead_conditioned_adaptation_v1,1914876,1229706,msl,Pa,30.0,True,399.13527316164726,382.7496275125548,-16.385645649092453,-0.04281035034725145,-0.01895260021902123,
simvp,7,raw,pinn_statistical:kl_entropy,joint,pinn_statistical,observed_reconstruction,simvp/pinn_statistical:kl_entropy/vs_raw,whole_model_comparison,matched,simvp_gsta_lead_conditioned_adaptation_v1,simvp_gsta_lead_conditioned_adaptation_v1,1914876,1229706,msl,Pa,36.0,True,431.9161761388645,419.1183819672411,-12.797794171623423,-0.030535034305948727,-0.018964802871396236,
simvp,7,raw,pinn_statistical:kl_entropy,joint,pinn_statistical,observed_reconstruction,simvp/pinn_statistical:kl_entropy/vs_raw,whole_model_comparison,matched,simvp_gsta_lead_conditioned_adaptation_v1,simvp_gsta_lead_conditioned_adaptation_v1,1914876,1229706,msl,Pa,42.0,True,460.8659120875578,451.31979808888707,-9.546113998670705,-0.02115155160286286,-0.016125378338692098,
simvp,7,raw,pinn_statistical:kl_entropy,joint,pinn_statistical,observed_reconstruction,simvp/pinn_statistical:kl_entropy/vs_raw,whole_model_comparison,matched,simvp_gsta_lead_conditioned_adaptation_v1,simvp_gsta_lead_conditioned_adaptation_v1,1914876,1229706,msl,Pa,48.0,True,484.181534240035,475.5780506003525,-8.603483639682452,-0.018090581827360896,-0.015689755409840855,
simvp,7,raw,pinn_statistical:kl_entropy,joint,pinn_statistical,observed_reconstruction,simvp/pinn_statistical:kl_entropy/vs_raw,whole_model_comparison,matched,simvp_gsta_lead_conditioned_adaptation_v1,simvp_gsta_lead_conditioned_adaptation_v1,1914876,1229706,msl,Pa,54.0,True,506.10785250348533,499.08011178482474,-7.027740718660596,-0.014081388043149623,-0.015191221842340674,
simvp,7,raw,pinn_statistical:kl_entropy,joint,pinn_statistical,observed_reconstruction,simvp/pinn_statistical:kl_entropy/vs_raw,whole_model_comparison,matched,simvp_gsta_lead_conditioned_adaptation_v1,simvp_gsta_lead_conditioned_adaptation_v1,1914876,1229706,msl,Pa,60.0,True,524.6581772604525,518.8133062261077,-5.844871034344806,-0.011265846431081084,-0.016795829712387467,
simvp,7,raw,pinn_statistical:kl_entropy,joint,pinn_statistical,observed_reconstruction,simvp/pinn_statistical:kl_entropy/vs_raw,whole_model_comparison,matched,simvp_gsta_lead_conditioned_adaptation_v1,simvp_gsta_lead_conditioned_adaptation_v1,1914876,1229706,msl,Pa,66.0,True,540.2885669293753,535.7797405314714,-4.508826397903931,-0.008415447723781666,-0.015375136505930476,
simvp,7,raw,pinn_statistical:kl_entropy,joint,pinn_statistical,observed_reconstruction,simvp/pinn_statistical:kl_entropy/vs_raw,whole_model_comparison,matched,simvp_gsta_lead_conditioned_adaptation_v1,simvp_gsta_lead_conditioned_adaptation_v1,1914876,1229706,msl,Pa,72.0,True,552.7243023217575,548.6566834943701,-4.067618827387378,-0.007413777959435208,-0.016022855435627537,
simvp,7,raw,pinn_statistical:kl_entropy,joint,pinn_statistical,observed_reconstruction,simvp/pinn_statistical:kl_entropy/vs_raw,whole_model_comparison,matched,simvp_gsta_lead_conditioned_adaptation_v1,simvp_gsta_lead_conditioned_adaptation_v1,1914876,1229706,msl,Pa,78.0,True,563.9461496053653,560.7433687240622,-3.2027808813031697,-0.005711669651289775,-0.01578380304832605,
simvp,7,raw,pinn_statistical:kl_entropy,joint,pinn_statistical,observed_reconstruction,simvp/pinn_statistical:kl_entropy/vs_raw,whole_model_comparison,matched,simvp_gsta_lead_conditioned_adaptation_v1,simvp_gsta_lead_conditioned_adaptation_v1,1914876,1229706,msl,Pa,84.0,True,574.2932830420801,571.0859815029421,-3.2073015391380295,-0.005616144754065466,-0.017928901062710945,
simvp,7,raw,pinn_statistical:kl_entropy,joint,pinn_statistical,observed_reconstruction,simvp/pinn_statistical:kl_entropy/vs_raw,whole_model_comparison,matched,simvp_gsta_lead_conditioned_adaptation_v1,simvp_gsta_lead_conditioned_adaptation_v1,1914876,1229706,msl,Pa,90.0,True,583.4838566579753,580.6861188565377,-2.7977378014375063,-0.004817986362316784,-0.016793683908994717,
simvp,7,raw,pinn_statistical:kl_entropy,joint,pinn_statistical,observed_reconstruction,simvp/pinn_statistical:kl_entropy/vs_raw,whole_model_comparison,matched,simvp_gsta_lead_conditioned_adaptation_v1,simvp_gsta_lead_conditioned_adaptation_v1,1914876,1229706,msl,Pa,96.0,True,590.8602194206741,587.8909307732495,-2.969288647424605,-0.005050747497531649,-0.016994361076713815,
simvp,7,raw,pinn_statistical:kl_entropy,joint,pinn_statistical,observed_reconstruction,simvp/pinn_statistical:kl_entropy/vs_raw,whole_model_comparison,matched,simvp_gsta_lead_conditioned_adaptation_v1,simvp_gsta_lead_conditioned_adaptation_v1,1914876,1229706,msl,Pa,102.0,True,597.6963035675121,594.9413965290066,-2.7549070385055074,-0.0046305519410452245,-0.016603930537510525,
simvp,7,raw,pinn_statistical:kl_entropy,joint,pinn_statistical,observed_reconstruction,simvp/pinn_statistical:kl_entropy/vs_raw,whole_model_comparison,matched,simvp_gsta_lead_conditioned_adaptation_v1,simvp_gsta_lead_conditioned_adaptation_v1,1914876,1229706,msl,Pa,108.0,True,604.6030859768027,601.5410466640045,-3.0620393127982197,-0.005090324807890623,-0.018115829352935375,
simvp,7,raw,pinn_statistical:kl_entropy,joint,pinn_statistical,observed_reconstruction,simvp/pinn_statistical:kl_entropy/vs_raw,whole_model_comparison,matched,simvp_gsta_lead_conditioned_adaptation_v1,simvp_gsta_lead_conditioned_adaptation_v1,1914876,1229706,msl,Pa,114.0,True,611.370974691617,608.0698118609605,-3.3011628306564944,-0.005428920769070089,-0.017084727959842116,
simvp,7,raw,pinn_statistical:kl_entropy,joint,pinn_statistical,observed_reconstruction,simvp/pinn_statistical:kl_entropy/vs_raw,whole_model_comparison,matched,simvp_gsta_lead_conditioned_adaptation_v1,simvp_gsta_lead_conditioned_adaptation_v1,1914876,1229706,msl,Pa,120.0,True,616.8892331824583,612.5863329651717,-4.302900217286606,-0.007024153145008594,-0.017500620957858926,
simvp,7,raw,pinn_statistical:kl_entropy,joint,pinn_statistical,observed_reconstruction,simvp/pinn_statistical:kl_entropy/vs_raw,whole_model_comparison,matched,simvp_gsta_lead_conditioned_adaptation_v1,simvp_gsta_lead_conditioned_adaptation_v1,1914876,1229706,t2m,K,6.0,True,2.183480015218113,2.311867591602448,0.12838757638433496,0.05553413908767346,0.0011756056822269656,
simvp,7,raw,pinn_statistical:kl_entropy,joint,pinn_statistical,observed_reconstruction,simvp/pinn_statistical:kl_entropy/vs_raw,whole_model_comparison,matched,simvp_gsta_lead_conditioned_adaptation_v1,simvp_gsta_lead_conditioned_adaptation_v1,1914876,1229706,t2m,K,12.0,True,2.3215474309486033,2.489684412809056,0.16813698186045256,0.06753345162760904,0.00572627417706173,
simvp,7,raw,pinn_statistical:kl_entropy,joint,pinn_statistical,observed_reconstruction,simvp/pinn_statistical:kl_entropy/vs_raw,whole_model_comparison,matched,simvp_gsta_lead_conditioned_adaptation_v1,simvp_gsta_lead_conditioned_adaptation_v1,1914876,1229706,t2m,K,18.0,True,2.1940046953504435,2.365460005590052,0.17145531023960858,0.07248286161441142,0.0004200939116774105,
simvp,7,raw,pinn_statistical:kl_entropy,joint,pinn_statistical,observed_reconstruction,simvp/pinn_statistical:kl_entropy/vs_raw,whole_model_comparison,matched,simvp_gsta_lead_conditioned_adaptation_v1,simvp_gsta_lead_conditioned_adaptation_v1,1914876,1229706,t2m,K,24.0,True,2.0567607148245166,2.2179387110518443,0.16117799622732765,0.07267017588186186,-0.003492275575338488,
simvp,7,raw,pinn_statistical:kl_entropy,joint,pinn_statistical,observed_reconstruction,simvp/pinn_statistical:kl_entropy/vs_raw,whole_model_comparison,matched,simvp_gsta_lead_conditioned_adaptation_v1,simvp_gsta_lead_conditioned_adaptation_v1,1914876,1229706,t2m,K,30.0,True,2.2140051702431753,2.377287658199628,0.16328248795645273,0.06868436278347156,0.0028884964846840333,
simvp,7,raw,pinn_statistical:kl_entropy,joint,pinn_statistical,observed_reconstruction,simvp/pinn_statistical:kl_entropy/vs_raw,whole_model_comparison,matched,simvp_gsta_lead_conditioned_adaptation_v1,simvp_gsta_lead_conditioned_adaptation_v1,1914876,1229706,t2m,K,36.0,True,2.335373171317259,2.4825287883354097,0.1471556170181505,0.059276499716573894,0.004930714019407589,
simvp,7,raw,pinn_statistical:kl_entropy,joint,pinn_statistical,observed_reconstruction,simvp/pinn_statistical:kl_entropy/vs_raw,whole_model_comparison,matched,simvp_gsta_lead_conditioned_adaptation_v1,simvp_gsta_lead_conditioned_adaptation_v1,1914876,1229706,t2m,K,42.0,True,2.315657822868179,2.4081905144583753,0.0925326915901965,0.03842415748863959,-0.0019796277053950595,
simvp,7,raw,pinn_statistical:kl_entropy,joint,pinn_statistical,observed_reconstruction,simvp/pinn_statistical:kl_entropy/vs_raw,whole_model_comparison,matched,simvp_gsta_lead_conditioned_adaptation_v1,simvp_gsta_lead_conditioned_adaptation_v1,1914876,1229706,t2m,K,48.0,True,2.2551993848443694,2.3039286282488085,0.04872924340443907,0.021150500413494866,-0.006829046188644661,
simvp,7,raw,pinn_statistical:kl_entropy,joint,pinn_statistical,observed_reconstruction,simvp/pinn_statistical:kl_entropy/vs_raw,whole_model_comparison,matched,simvp_gsta_lead_conditioned_adaptation_v1,simvp_gsta_lead_conditioned_adaptation_v1,1914876,1229706,t2m,K,54.0,True,2.3732055288493688,2.4068098842613157,0.03360435541194695,0.01396219769234519,-0.005301514096569426,
simvp,7,raw,pinn_statistical:kl_entropy,joint,pinn_statistical,observed_reconstruction,simvp/pinn_statistical:kl_entropy/vs_raw,whole_model_comparison,matched,simvp_gsta_lead_conditioned_adaptation_v1,simvp_gsta_lead_conditioned_adaptation_v1,1914876,1229706,t2m,K,60.0,True,2.4818943546432863,2.484768777944689,0.00287442330140264,0.0011568172165219437,-0.005789177069878693,
simvp,7,raw,pinn_statistical:kl_entropy,joint,pinn_statistical,observed_reconstruction,simvp/pinn_statistical:kl_entropy/vs_raw,whole_model_comparison,matched,simvp_gsta_lead_conditioned_adaptation_v1,simvp_gsta_lead_conditioned_adaptation_v1,1914876,1229706,t2m,K,66.0,True,2.4599936439646677,2.4352776759197585,-0.024715968044909165,-0.01014913752517943,-0.008814693414316288,
simvp,7,raw,pinn_statistical:kl_entropy,joint,pinn_statistical,observed_reconstruction,simvp/pinn_statistical:kl_entropy/vs_raw,whole_model_comparison,matched,simvp_gsta_lead_conditioned_adaptation_v1,simvp_gsta_lead_conditioned_adaptation_v1,1914876,1229706,t2m,K,72.0,True,2.4030976059906752,2.382249793796756,-0.02084781219391907,-0.008751312414090995,-0.01055166482599268,
simvp,7,raw,pinn_statistical:kl_entropy,joint,pinn_statistical,observed_reconstruction,simvp/pinn_statistical:kl_entropy/vs_raw,whole_model_comparison,matched,simvp_gsta_lead_conditioned_adaptation_v1,simvp_gsta_lead_conditioned_adaptation_v1,1914876,1229706,t2m,K,78.0,True,2.4932391429337617,2.478707234783749,-0.014531908150012818,-0.005862696467774153,-0.00799531666273301,
simvp,7,raw,pinn_statistical:kl_entropy,joint,pinn_statistical,observed_reconstruction,simvp/pinn_statistical:kl_entropy/vs_raw,whole_model_comparison,matched,simvp_gsta_lead_conditioned_adaptation_v1,simvp_gsta_lead_conditioned_adaptation_v1,1914876,1229706,t2m,K,84.0,True,2.584295835399183,2.543996905468153,-0.04029892993103035,-0.015840793612763582,-0.00863589275761767,
simvp,7,raw,pinn_statistical:kl_entropy,joint,pinn_statistical,observed_reconstruction,simvp/pinn_statistical:kl_entropy/vs_raw,whole_model_comparison,matched,simvp_gsta_lead_conditioned_adaptation_v1,simvp_gsta_lead_conditioned_adaptation_v1,1914876,1229706,t2m,K,90.0,True,2.56184265151895,2.50945290251309,-0.0523897490058598,-0.020876960453569016,-0.010262460210189173,
simvp,7,raw,pinn_statistical:kl_entropy,joint,pinn_statistical,observed_reconstruction,simvp/pinn_statistical:kl_entropy/vs_raw,whole_model_comparison,matched,simvp_gsta_lead_conditioned_adaptation_v1,simvp_gsta_lead_conditioned_adaptation_v1,1914876,1229706,t2m,K,96.0,True,2.502832879108113,2.4624418709811358,-0.04039100812697738,-0.016402827048617397,-0.011613074501674814,
simvp,7,raw,pinn_statistical:kl_entropy,joint,pinn_statistical,observed_reconstruction,simvp/pinn_statistical:kl_entropy/vs_raw,whole_model_comparison,matched,simvp_gsta_lead_conditioned_adaptation_v1,simvp_gsta_lead_conditioned_adaptation_v1,1914876,1229706,t2m,K,102.0,True,2.582593772169312,2.55408331229121,-0.02851045987810208,-0.011162697685270784,-0.007995964488802465,
simvp,7,raw,pinn_statistical:kl_entropy,joint,pinn_statistical,observed_reconstruction,simvp/pinn_statistical:kl_entropy/vs_raw,whole_model_comparison,matched,simvp_gsta_lead_conditioned_adaptation_v1,simvp_gsta_lead_conditioned_adaptation_v1,1914876,1229706,t2m,K,108.0,True,2.6683126369075536,2.627541752230636,-0.040770884676917696,-0.015516740939437224,-0.007222033544799111,
simvp,7,raw,pinn_statistical:kl_entropy,joint,pinn_statistical,observed_reconstruction,simvp/pinn_statistical:kl_entropy/vs_raw,whole_model_comparison,matched,simvp_gsta_lead_conditioned_adaptation_v1,simvp_gsta_lead_conditioned_adaptation_v1,1914876,1229706,t2m,K,114.0,True,2.6456380544516307,2.5935582142168805,-0.05207984023475021,-0.02008045932775615,-0.009819128578742897,
simvp,7,raw,pinn_statistical:kl_entropy,joint,pinn_statistical,observed_reconstruction,simvp/pinn_statistical:kl_entropy/vs_raw,whole_model_comparison,matched,simvp_gsta_lead_conditioned_adaptation_v1,simvp_gsta_lead_conditioned_adaptation_v1,1914876,1229706,t2m,K,120.0,True,2.5807977634914905,2.51105208631205,-0.06974567717944069,-0.027775480070536984,-0.013939654735726115,
simvp,7,raw,pinn_statistical:kl_entropy,joint,pinn_statistical,observed_reconstruction,simvp/pinn_statistical:kl_entropy/vs_raw,whole_model_comparison,matched,simvp_gsta_lead_conditioned_adaptation_v1,simvp_gsta_lead_conditioned_adaptation_v1,1914876,1229706,u10,m s**-1,6.0,True,1.612969860871284,1.0811338631445133,-0.5318359977267706,-0.49192428047708003,-0.09114204447113572,
simvp,7,raw,pinn_statistical:kl_entropy,joint,pinn_statistical,observed_reconstruction,simvp/pinn_statistical:kl_entropy/vs_raw,whole_model_comparison,matched,simvp_gsta_lead_conditioned_adaptation_v1,simvp_gsta_lead_conditioned_adaptation_v1,1914876,1229706,u10,m s**-1,12.0,True,1.632354740643504,1.2797186720006053,-0.35263606864289865,-0.2755574927195654,-0.06679799350895843,
simvp,7,raw,pinn_statistical:kl_entropy,joint,pinn_statistical,observed_reconstruction,simvp/pinn_statistical:kl_entropy/vs_raw,whole_model_comparison,matched,simvp_gsta_lead_conditioned_adaptation_v1,simvp_gsta_lead_conditioned_adaptation_v1,1914876,1229706,u10,m s**-1,18.0,True,1.7415097829444646,1.5269540752140598,-0.21455570773040478,-0.14051222051346035,-0.046371196731012976,
simvp,7,raw,pinn_statistical:kl_entropy,joint,pinn_statistical,observed_reconstruction,simvp/pinn_statistical:kl_entropy/vs_raw,whole_model_comparison,matched,simvp_gsta_lead_conditioned_adaptation_v1,simvp_gsta_lead_conditioned_adaptation_v1,1914876,1229706,u10,m s**-1,24.0,True,1.8617014271037802,1.7116302417705271,-0.15007118533325303,-0.08767733922369692,-0.035580742145313815,
simvp,7,raw,pinn_statistical:kl_entropy,joint,pinn_statistical,observed_reconstruction,simvp/pinn_statistical:kl_entropy/vs_raw,whole_model_comparison,matched,simvp_gsta_lead_conditioned_adaptation_v1,simvp_gsta_lead_conditioned_adaptation_v1,1914876,1229706,u10,m s**-1,30.0,True,1.9875903373959083,1.894147902739759,-0.09344243465614932,-0.049332174388806216,-0.02644190075848174,
simvp,7,raw,pinn_statistical:kl_entropy,joint,pinn_statistical,observed_reconstruction,simvp/pinn_statistical:kl_entropy/vs_raw,whole_model_comparison,matched,simvp_gsta_lead_conditioned_adaptation_v1,simvp_gsta_lead_conditioned_adaptation_v1,1914876,1229706,u10,m s**-1,36.0,True,2.1029926685843146,2.039361816204648,-0.0636308523796667,-0.03120135518575462,-0.022322161297390286,
simvp,7,raw,pinn_statistical:kl_entropy,joint,pinn_statistical,observed_reconstruction,simvp/pinn_statistical:kl_entropy/vs_raw,whole_model_comparison,matched,simvp_gsta_lead_conditioned_adaptation_v1,simvp_gsta_lead_conditioned_adaptation_v1,1914876,1229706,u10,m s**-1,42.0,True,2.202136083021404,2.157472896663137,-0.04466318635826694,-0.020701621062005238,-0.01881505176744991,
simvp,7,raw,pinn_statistical:kl_entropy,joint,pinn_statistical,observed_reconstruction,simvp/pinn_statistical:kl_entropy/vs_raw,whole_model_comparison,matched,simvp_gsta_lead_conditioned_adaptation_v1,simvp_gsta_lead_conditioned_adaptation_v1,1914876,1229706,u10,m s**-1,48.0,True,2.2872703609991833,2.2531318500600923,-0.03413851093909104,-0.01515158153668672,-0.01689633704466209,
simvp,7,raw,pinn_statistical:kl_entropy,joint,pinn_statistical,observed_reconstruction,simvp/pinn_statistical:kl_entropy/vs_raw,whole_model_comparison,matched,simvp_gsta_lead_conditioned_adaptation_v1,simvp_gsta_lead_conditioned_adaptation_v1,1914876,1229706,u10,m s**-1,54.0,True,2.3599821221439474,2.341760134876853,-0.01822198726709434,-0.007781320979764805,-0.014645650652907127,
simvp,7,raw,pinn_statistical:kl_entropy,joint,pinn_statistical,observed_reconstruction,simvp/pinn_statistical:kl_entropy/vs_raw,whole_model_comparison,matched,simvp_gsta_lead_conditioned_adaptation_v1,simvp_gsta_lead_conditioned_adaptation_v1,1914876,1229706,u10,m s**-1,60.0,True,2.426001076401611,2.414695033909211,-0.011306042492400081,-0.004682182359938114,-0.015437847298365615,
simvp,7,raw,pinn_statistical:kl_entropy,joint,pinn_statistical,observed_reconstruction,simvp/pinn_statistical:kl_entropy/vs_raw,whole_model_comparison,matched,simvp_gsta_lead_conditioned_adaptation_v1,simvp_gsta_lead_conditioned_adaptation_v1,1914876,1229706,u10,m s**-1,66.0,True,2.4814241423178545,2.472439387924654,-0.008984754393200678,-0.0036339634601689763,-0.015879467426395677,
simvp,7,raw,pinn_statistical:kl_entropy,joint,pinn_statistical,observed_reconstruction,simvp/pinn_statistical:kl_entropy/vs_raw,whole_model_comparison,matched,simvp_gsta_lead_conditioned_adaptation_v1,simvp_gsta_lead_conditioned_adaptation_v1,1914876,1229706,u10,m s**-1,72.0,True,2.5288138341830915,2.5182179879197624,-0.0105958462633291,-0.004207676346590583,-0.01729610753028832,
simvp,7,raw,pinn_statistical:kl_entropy,joint,pinn_statistical,observed_reconstruction,simvp/pinn_statistical:kl_entropy/vs_raw,whole_model_comparison,matched,simvp_gsta_lead_conditioned_adaptation_v1,simvp_gsta_lead_conditioned_adaptation_v1,1914876,1229706,u10,m s**-1,78.0,True,2.5669549683107826,2.5622163468691195,-0.004738621441663149,-0.0018494228434118298,-0.016666122527545735,
simvp,7,raw,pinn_statistical:kl_entropy,joint,pinn_statistical,observed_reconstruction,simvp/pinn_statistical:kl_entropy/vs_raw,whole_model_comparison,matched,simvp_gsta_lead_conditioned_adaptation_v1,simvp_gsta_lead_conditioned_adaptation_v1,1914876,1229706,u10,m s**-1,84.0,True,2.6037773687643813,2.599098410808578,-0.004678957955803309,-0.0018002234683940355,-0.018491308505923343,
simvp,7,raw,pinn_statistical:kl_entropy,joint,pinn_statistical,observed_reconstruction,simvp/pinn_statistical:kl_entropy/vs_raw,whole_model_comparison,matched,simvp_gsta_lead_conditioned_adaptation_v1,simvp_gsta_lead_conditioned_adaptation_v1,1914876,1229706,u10,m s**-1,90.0,True,2.635525849440198,2.6294536020170827,-0.006072247423115407,-0.002309319099016438,-0.018444397962286085,
simvp,7,raw,pinn_statistical:kl_entropy,joint,pinn_statistical,observed_reconstruction,simvp/pinn_statistical:kl_entropy/vs_raw,whole_model_comparison,matched,simvp_gsta_lead_conditioned_adaptation_v1,simvp_gsta_lead_conditioned_adaptation_v1,1914876,1229706,u10,m s**-1,96.0,True,2.6633377895702166,2.653591296747456,-0.009746492822760633,-0.0036729442226868247,-0.019326923160179144,
simvp,7,raw,pinn_statistical:kl_entropy,joint,pinn_statistical,observed_reconstruction,simvp/pinn_statistical:kl_entropy/vs_raw,whole_model_comparison,matched,simvp_gsta_lead_conditioned_adaptation_v1,simvp_gsta_lead_conditioned_adaptation_v1,1914876,1229706,u10,m s**-1,102.0,True,2.6847142988351282,2.678780901638514,-0.005933397196614454,-0.0022149617361335583,-0.017082090217130974,
simvp,7,raw,pinn_statistical:kl_entropy,joint,pinn_statistical,observed_reconstruction,simvp/pinn_statistical:kl_entropy/vs_raw,whole_model_comparison,matched,simvp_gsta_lead_conditioned_adaptation_v1,simvp_gsta_lead_conditioned_adaptation_v1,1914876,1229706,u10,m s**-1,108.0,True,2.7078636425006115,2.6998385205998305,-0.008025121900780974,-0.0029724451442370015,-0.01810590955932828,
simvp,7,raw,pinn_statistical:kl_entropy,joint,pinn_statistical,observed_reconstruction,simvp/pinn_statistical:kl_entropy/vs_raw,whole_model_comparison,matched,simvp_gsta_lead_conditioned_adaptation_v1,simvp_gsta_lead_conditioned_adaptation_v1,1914876,1229706,u10,m s**-1,114.0,True,2.7286490788061384,2.719614682923096,-0.009034395883042556,-0.0033219396629129427,-0.01663294219878736,
simvp,7,raw,pinn_statistical:kl_entropy,joint,pinn_statistical,observed_reconstruction,simvp/pinn_statistical:kl_entropy/vs_raw,whole_model_comparison,matched,simvp_gsta_lead_conditioned_adaptation_v1,simvp_gsta_lead_conditioned_adaptation_v1,1914876,1229706,u10,m s**-1,120.0,True,2.748514814269183,2.7344721812446213,-0.014042633024561546,-0.005135408990765367,-0.017594575659055423,
simvp,7,raw,pinn_statistical:kl_entropy,joint,pinn_statistical,observed_reconstruction,simvp/pinn_statistical:kl_entropy/vs_raw,whole_model_comparison,matched,simvp_gsta_lead_conditioned_adaptation_v1,simvp_gsta_lead_conditioned_adaptation_v1,1914876,1229706,v10,m s**-1,6.0,True,1.7192752206642914,1.1994198271699956,-0.5198553934942958,-0.4334223778181847,-0.0946348353792984,
simvp,7,raw,pinn_statistical:kl_entropy,joint,pinn_statistical,observed_reconstruction,simvp/pinn_statistical:kl_entropy/vs_raw,whole_model_comparison,matched,simvp_gsta_lead_conditioned_adaptation_v1,simvp_gsta_lead_conditioned_adaptation_v1,1914876,1229706,v10,m s**-1,12.0,True,1.736674608118082,1.4402994366421147,-0.29637517147596726,-0.20577330236754832,-0.058168766336101685,
simvp,7,raw,pinn_statistical:kl_entropy,joint,pinn_statistical,observed_reconstruction,simvp/pinn_statistical:kl_entropy/vs_raw,whole_model_comparison,matched,simvp_gsta_lead_conditioned_adaptation_v1,simvp_gsta_lead_conditioned_adaptation_v1,1914876,1229706,v10,m s**-1,18.0,True,1.8864848642314738,1.7445792149585215,-0.14190564927295224,-0.0813409033285577,-0.03383447236860537,
simvp,7,raw,pinn_statistical:kl_entropy,joint,pinn_statistical,observed_reconstruction,simvp/pinn_statistical:kl_entropy/vs_raw,whole_model_comparison,matched,simvp_gsta_lead_conditioned_adaptation_v1,simvp_gsta_lead_conditioned_adaptation_v1,1914876,1229706,v10,m s**-1,24.0,True,2.049728901726539,1.9478039675255938,-0.1019249342009454,-0.05232812741952997,-0.0285852092820037,
simvp,7,raw,pinn_statistical:kl_entropy,joint,pinn_statistical,observed_reconstruction,simvp/pinn_statistical:kl_entropy/vs_raw,whole_model_comparison,matched,simvp_gsta_lead_conditioned_adaptation_v1,simvp_gsta_lead_conditioned_adaptation_v1,1914876,1229706,v10,m s**-1,30.0,True,2.2080777483211302,2.1339609545845617,-0.07411679373656854,-0.03473202898925476,-0.02572552808238493,
simvp,7,raw,pinn_statistical:kl_entropy,joint,pinn_statistical,observed_reconstruction,simvp/pinn_statistical:kl_entropy/vs_raw,whole_model_comparison,matched,simvp_gsta_lead_conditioned_adaptation_v1,simvp_gsta_lead_conditioned_adaptation_v1,1914876,1229706,v10,m s**-1,36.0,True,2.343052102408554,2.280546501937069,-0.06250560047148523,-0.02740816748020425,-0.02631262215672925,
simvp,7,raw,pinn_statistical:kl_entropy,joint,pinn_statistical,observed_reconstruction,simvp/pinn_statistical:kl_entropy/vs_raw,whole_model_comparison,matched,simvp_gsta_lead_conditioned_adaptation_v1,simvp_gsta_lead_conditioned_adaptation_v1,1914876,1229706,v10,m s**-1,42.0,True,2.451068942316307,2.402222332733508,-0.04884660958279907,-0.020333925347874038,-0.025083089196316966,
simvp,7,raw,pinn_statistical:kl_entropy,joint,pinn_statistical,observed_reconstruction,simvp/pinn_statistical:kl_entropy/vs_raw,whole_model_comparison,matched,simvp_gsta_lead_conditioned_adaptation_v1,simvp_gsta_lead_conditioned_adaptation_v1,1914876,1229706,v10,m s**-1,48.0,True,2.5414060739633615,2.497814408010257,-0.043591665953104375,-0.017451923494920196,-0.02541948833097829,
simvp,7,raw,pinn_statistical:kl_entropy,joint,pinn_statistical,observed_reconstruction,simvp/pinn_statistical:kl_entropy/vs_raw,whole_model_comparison,matched,simvp_gsta_lead_conditioned_adaptation_v1,simvp_gsta_lead_conditioned_adaptation_v1,1914876,1229706,v10,m s**-1,54.0,True,2.621847897826424,2.5881118171073876,-0.033736080719036554,-0.013035016685152945,-0.02537659428886896,
simvp,7,raw,pinn_statistical:kl_entropy,joint,pinn_statistical,observed_reconstruction,simvp/pinn_statistical:kl_entropy/vs_raw,whole_model_comparison,matched,simvp_gsta_lead_conditioned_adaptation_v1,simvp_gsta_lead_conditioned_adaptation_v1,1914876,1229706,v10,m s**-1,60.0,True,2.6871674368351606,2.656636770065928,-0.03053066676923244,-0.011492224723093969,-0.026545660631783374,
simvp,7,raw,pinn_statistical:kl_entropy,joint,pinn_statistical,observed_reconstruction,simvp/pinn_statistical:kl_entropy/vs_raw,whole_model_comparison,matched,simvp_gsta_lead_conditioned_adaptation_v1,simvp_gsta_lead_conditioned_adaptation_v1,1914876,1229706,v10,m s**-1,66.0,True,2.738232419530593,2.7110205310009547,-0.027211888529638184,-0.010037507358747755,-0.02636409459756689,
simvp,7,raw,pinn_statistical:kl_entropy,joint,pinn_statistical,observed_reconstruction,simvp/pinn_statistical:kl_entropy/vs_raw,whole_model_comparison,matched,simvp_gsta_lead_conditioned_adaptation_v1,simvp_gsta_lead_conditioned_adaptation_v1,1914876,1229706,v10,m s**-1,72.0,True,2.778902724622241,2.752495579162704,-0.026407145459536707,-0.009593892051797503,-0.0264928274104555,
simvp,7,raw,pinn_statistical:kl_entropy,joint,pinn_statistical,observed_reconstruction,simvp/pinn_statistical:kl_entropy/vs_raw,whole_model_comparison,matched,simvp_gsta_lead_conditioned_adaptation_v1,simvp_gsta_lead_conditioned_adaptation_v1,1914876,1229706,v10,m s**-1,78.0,True,2.813915393474429,2.7960385954766496,-0.017876797997779637,-0.006393616320854889,-0.02407379234377699,
simvp,7,raw,pinn_statistical:kl_entropy,joint,pinn_statistical,observed_reconstruction,simvp/pinn_statistical:kl_entropy/vs_raw,whole_model_comparison,matched,simvp_gsta_lead_conditioned_adaptation_v1,simvp_gsta_lead_conditioned_adaptation_v1,1914876,1229706,v10,m s**-1,84.0,True,2.841906491721389,2.8284748023772543,-0.013431689344134856,-0.004748739261472679,-0.021800944986952397,
simvp,7,raw,pinn_statistical:kl_entropy,joint,pinn_statistical,observed_reconstruction,simvp/pinn_statistical:kl_entropy/vs_raw,whole_model_comparison,matched,simvp_gsta_lead_conditioned_adaptation_v1,simvp_gsta_lead_conditioned_adaptation_v1,1914876,1229706,v10,m s**-1,90.0,True,2.8650699200310172,2.85375029181769,-0.011319628213327437,-0.003966579783025503,-0.019683210997477774,
simvp,7,raw,pinn_statistical:kl_entropy,joint,pinn_statistical,observed_reconstruction,simvp/pinn_statistical:kl_entropy/vs_raw,whole_model_comparison,matched,simvp_gsta_lead_conditioned_adaptation_v1,simvp_gsta_lead_conditioned_adaptation_v1,1914876,1229706,v10,m s**-1,96.0,True,2.884542546908503,2.872897672810286,-0.011644874098216906,-0.004053354983167834,-0.018526967622291612,
simvp,7,raw,pinn_statistical:kl_entropy,joint,pinn_statistical,observed_reconstruction,simvp/pinn_statistical:kl_entropy/vs_raw,whole_model_comparison,matched,simvp_gsta_lead_conditioned_adaptation_v1,simvp_gsta_lead_conditioned_adaptation_v1,1914876,1229706,v10,m s**-1,102.0,True,2.903393830684912,2.8970596531307073,-0.006334177554204512,-0.0021864159915931936,-0.01537757852727839,
simvp,7,raw,pinn_statistical:kl_entropy,joint,pinn_statistical,observed_reconstruction,simvp/pinn_statistical:kl_entropy/vs_raw,whole_model_comparison,matched,simvp_gsta_lead_conditioned_adaptation_v1,simvp_gsta_lead_conditioned_adaptation_v1,1914876,1229706,v10,m s**-1,108.0,True,2.9193378631578115,2.9148067317502786,-0.004531131407532918,-0.0015545220745432076,-0.012926575076548263,
simvp,7,raw,pinn_statistical:kl_entropy,joint,pinn_statistical,observed_reconstruction,simvp/pinn_statistical:kl_entropy/vs_raw,whole_model_comparison,matched,simvp_gsta_lead_conditioned_adaptation_v1,simvp_gsta_lead_conditioned_adaptation_v1,1914876,1229706,v10,m s**-1,114.0,True,2.934406351564095,2.93042248548786,-0.003983866076234577,-0.001359485226435364,-0.011416246087381232,
simvp,7,raw,pinn_statistical:kl_entropy,joint,pinn_statistical,observed_reconstruction,simvp/pinn_statistical:kl_entropy/vs_raw,whole_model_comparison,matched,simvp_gsta_lead_conditioned_adaptation_v1,simvp_gsta_lead_conditioned_adaptation_v1,1914876,1229706,v10,m s**-1,120.0,True,2.948377718664701,2.9437901262602866,-0.004587592404414309,-0.0015583965594185845,-0.010420818630939244,
mlp,19,raw,pinn_statistical,joint,pinn_statistical,observed_reconstruction,mlp/pinn_statistical/vs_raw,whole_model_comparison,matched,spatial_mlp,raw_spatial_mlp,1391030,497540,msl,Pa,6.0,True,240.78347776696612,179.9894443011364,-60.79403346582973,-0.3377644378084559,-0.030024380046591137,
mlp,19,raw,pinn_statistical,joint,pinn_statistical,observed_reconstruction,mlp/pinn_statistical/vs_raw,whole_model_comparison,matched,spatial_mlp,raw_spatial_mlp,1391030,497540,msl,Pa,12.0,True,258.8640862367241,224.35670975887157,-34.507376477852546,-0.1538058590489204,-0.023026836449505206,
mlp,19,raw,pinn_statistical,joint,pinn_statistical,observed_reconstruction,mlp/pinn_statistical/vs_raw,whole_model_comparison,matched,spatial_mlp,raw_spatial_mlp,1391030,497540,msl,Pa,18.0,True,308.43938170423104,290.7841360124762,-17.65524569175483,-0.06071598655229704,-0.020555466166352954,
mlp,19,raw,pinn_statistical,joint,pinn_statistical,observed_reconstruction,mlp/pinn_statistical/vs_raw,whole_model_comparison,matched,spatial_mlp,raw_spatial_mlp,1391030,497540,msl,Pa,24.0,True,331.0904825400967,319.8735198451731,-11.216962694923552,-0.03506686861842412,-0.01848785476748993,
mlp,19,raw,pinn_statistical,joint,pinn_statistical,observed_reconstruction,mlp/pinn_statistical/vs_raw,whole_model_comparison,matched,spatial_mlp,raw_spatial_mlp,1391030,497540,msl,Pa,30.0,True,382.54402932155347,372.04710457628096,-10.496924745272509,-0.02821396703846757,-0.02252914826561514,
mlp,19,raw,pinn_statistical,joint,pinn_statistical,observed_reconstruction,mlp/pinn_statistical/vs_raw,whole_model_comparison,matched,spatial_mlp,raw_spatial_mlp,1391030,497540,msl,Pa,36.0,True,412.0968419070711,400.249403896039,-11.847438011032125,-0.02960013905257286,-0.025229021740752477,
mlp,19,raw,pinn_statistical,joint,pinn_statistical,observed_reconstruction,mlp/pinn_statistical/vs_raw,whole_model_comparison,matched,spatial_mlp,raw_spatial_mlp,1391030,497540,msl,Pa,42.0,True,443.7006331072698,431.85911685505585,-11.841516252213978,-0.027419859370916955,-0.02706861454782017,
mlp,19,raw,pinn_statistical,joint,pinn_statistical,observed_reconstruction,mlp/pinn_statistical/vs_raw,whole_model_comparison,matched,spatial_mlp,raw_spatial_mlp,1391030,497540,msl,Pa,48.0,True,459.001002390581,447.4245262190146,-11.576476171566412,-0.025873584243121472,-0.025644833159564562,
mlp,19,raw,pinn_statistical,joint,pinn_statistical,observed_reconstruction,mlp/pinn_statistical/vs_raw,whole_model_comparison,matched,spatial_mlp,raw_spatial_mlp,1391030,497540,msl,Pa,54.0,True,487.55136705966197,477.90081091780684,-9.650556141855134,-0.020193638347926868,-0.025340305672922447,
mlp,19,raw,pinn_statistical,joint,pinn_statistical,observed_reconstruction,mlp/pinn_statistical/vs_raw,whole_model_comparison,matched,spatial_mlp,raw_spatial_mlp,1391030,497540,msl,Pa,60.0,True,505.60551891146355,495.18624469784675,-10.419274213616802,-0.021041122052924743,-0.026535686053784313,
mlp,19,raw,pinn_statistical,joint,pinn_statistical,observed_reconstruction,mlp/pinn_statistical/vs_raw,whole_model_comparison,matched,spatial_mlp,raw_spatial_mlp,1391030,497540,msl,Pa,66.0,True,523.1561174730729,515.2721133524389,-7.8840041206340175,-0.015300661371599356,-0.023564521957084694,
mlp,19,raw,pinn_statistical,joint,pinn_statistical,observed_reconstruction,mlp/pinn_statistical/vs_raw,whole_model_comparison,matched,spatial_mlp,raw_spatial_mlp,1391030,497540,msl,Pa,72.0,True,530.0789753934447,523.540803350815,-6.53817204262964,-0.01248837149040427,-0.019889216006220067,
mlp,19,raw,pinn_statistical,joint,pinn_statistical,observed_reconstruction,mlp/pinn_statistical/vs_raw,whole_model_comparison,matched,spatial_mlp,raw_spatial_mlp,1391030,497540,msl,Pa,78.0,True,547.5345239116689,544.8573801218512,-2.6771437898177055,-0.004913476237064174,-0.01499203983144659,
mlp,19,raw,pinn_statistical,joint,pinn_statistical,observed_reconstruction,mlp/pinn_statistical/vs_raw,whole_model_comparison,matched,spatial_mlp,raw_spatial_mlp,1391030,497540,msl,Pa,84.0,True,558.3396593447824,555.4687254909885,-2.870933853793872,-0.005168488741208899,-0.015057831086436546,
mlp,19,raw,pinn_statistical,joint,pinn_statistical,observed_reconstruction,mlp/pinn_statistical/vs_raw,whole_model_comparison,matched,spatial_mlp,raw_spatial_mlp,1391030,497540,msl,Pa,90.0,True,569.9497611595316,569.3196711686351,-0.6300899908965221,-0.0011067419989250205,-0.01133195134800924,
mlp,19,raw,pinn_statistical,joint,pinn_statistical,observed_reconstruction,mlp/pinn_statistical/vs_raw,whole_model_comparison,matched,spatial_mlp,raw_spatial_mlp,1391030,497540,msl,Pa,96.0,True,572.3385604342234,572.9194648700303,0.5809044358069286,0.0010139373357452852,-0.007446073123331676,
mlp,19,raw,pinn_statistical,joint,pinn_statistical,observed_reconstruction,mlp/pinn_statistical/vs_raw,whole_model_comparison,matched,spatial_mlp,raw_spatial_mlp,1391030,497540,msl,Pa,102.0,True,585.0662120180622,588.8122029744466,3.7459909563843894,0.006361945179568451,-0.002249862798897162,
mlp,19,raw,pinn_statistical,joint,pinn_statistical,observed_reconstruction,mlp/pinn_statistical/vs_raw,whole_model_comparison,matched,spatial_mlp,raw_spatial_mlp,1391030,497540,msl,Pa,108.0,True,591.7922801375477,594.8672640477919,3.074983910244214,0.005169193358061763,-0.0031679921760956464,
mlp,19,raw,pinn_statistical,joint,pinn_statistical,observed_reconstruction,mlp/pinn_statistical/vs_raw,whole_model_comparison,matched,spatial_mlp,raw_spatial_mlp,1391030,497540,msl,Pa,114.0,True,600.2859786255665,604.7040229988057,4.4180443732392405,0.007306126973208427,-0.0004953635927464339,
mlp,19,raw,pinn_statistical,joint,pinn_statistical,observed_reconstruction,mlp/pinn_statistical/vs_raw,whole_model_comparison,matched,spatial_mlp,raw_spatial_mlp,1391030,497540,msl,Pa,120.0,True,599.9957519369375,604.8923914778459,4.896639540908382,0.008095058906171904,0.002128056079412022,
mlp,19,raw,pinn_statistical,joint,pinn_statistical,observed_reconstruction,mlp/pinn_statistical/vs_raw,whole_model_comparison,matched,spatial_mlp,raw_spatial_mlp,1391030,497540,t2m,K,6.0,True,2.6376888154500837,2.2684019480763067,-0.36928686737377703,-0.16279604577440376,-0.043903070228697105,
mlp,19,raw,pinn_statistical,joint,pinn_statistical,observed_reconstruction,mlp/pinn_statistical/vs_raw,whole_model_comparison,matched,spatial_mlp,raw_spatial_mlp,1391030,497540,t2m,K,12.0,True,3.081557879762512,2.8447750038406827,-0.23678287592182912,-0.08323430696703693,-0.03633736648207908,
mlp,19,raw,pinn_statistical,joint,pinn_statistical,observed_reconstruction,mlp/pinn_statistical/vs_raw,whole_model_comparison,matched,spatial_mlp,raw_spatial_mlp,1391030,497540,t2m,K,18.0,True,2.554955567155545,2.360973321242846,-0.19398224591269875,-0.08216198131818953,-0.024841016126964988,
mlp,19,raw,pinn_statistical,joint,pinn_statistical,observed_reconstruction,mlp/pinn_statistical/vs_raw,whole_model_comparison,matched,spatial_mlp,raw_spatial_mlp,1391030,497540,t2m,K,24.0,True,1.7949278331964755,1.595444877169025,-0.19948295602745048,-0.12503280989651944,-0.015987556972330008,
mlp,19,raw,pinn_statistical,joint,pinn_statistical,observed_reconstruction,mlp/pinn_statistical/vs_raw,whole_model_comparison,matched,spatial_mlp,raw_spatial_mlp,1391030,497540,t2m,K,30.0,True,2.5732221391204853,2.4146575496149434,-0.15856458950554186,-0.06566752686352051,-0.02442165941770824,
mlp,19,raw,pinn_statistical,joint,pinn_statistical,observed_reconstruction,mlp/pinn_statistical/vs_raw,whole_model_comparison,matched,spatial_mlp,raw_spatial_mlp,1391030,497540,t2m,K,36.0,True,3.048597741205753,2.895236301738557,-0.15336143946719627,-0.05297026683974093,-0.02738297694760783,
mlp,19,raw,pinn_statistical,joint,pinn_statistical,observed_reconstruction,mlp/pinn_statistical/vs_raw,whole_model_comparison,matched,spatial_mlp,raw_spatial_mlp,1391030,497540,t2m,K,42.0,True,2.6042869929225088,2.4861665542057247,-0.11812043871678402,-0.047511072223606954,-0.018350724820652142,
mlp,19,raw,pinn_statistical,joint,pinn_statistical,observed_reconstruction,mlp/pinn_statistical/vs_raw,whole_model_comparison,matched,spatial_mlp,raw_spatial_mlp,1391030,497540,t2m,K,48.0,True,1.9619715738608374,1.878168232810811,-0.08380334105002651,-0.04461972020717697,-0.0096413871669484,
mlp,19,raw,pinn_statistical,joint,pinn_statistical,observed_reconstruction,mlp/pinn_statistical/vs_raw,whole_model_comparison,matched,spatial_mlp,raw_spatial_mlp,1391030,497540,t2m,K,54.0,True,2.6794586214216767,2.5691270848362775,-0.11033153658539918,-0.04294514554636386,-0.020297862924422927,
mlp,19,raw,pinn_statistical,joint,pinn_statistical,observed_reconstruction,mlp/pinn_statistical/vs_raw,whole_model_comparison,matched,spatial_mlp,raw_spatial_mlp,1391030,497540,t2m,K,60.0,True,3.121277937965726,2.9921561793819498,-0.12912175858377628,-0.04315341541110573,-0.024253653668835917,
mlp,19,raw,pinn_statistical,joint,pinn_statistical,observed_reconstruction,mlp/pinn_statistical/vs_raw,whole_model_comparison,matched,spatial_mlp,raw_spatial_mlp,1391030,497540,t2m,K,66.0,True,2.704045432668734,2.626776364336179,-0.07726906833255498,-0.029415929495041793,-0.013821066395420911,
mlp,19,raw,pinn_statistical,joint,pinn_statistical,observed_reconstruction,mlp/pinn_statistical/vs_raw,whole_model_comparison,matched,spatial_mlp,raw_spatial_mlp,1391030,497540,t2m,K,72.0,True,2.1093647411594802,2.110646972038123,0.001282230878642654,0.0006075060849254355,-0.0030436006037357632,
mlp,19,raw,pinn_statistical,joint,pinn_statistical,observed_reconstruction,mlp/pinn_statistical/vs_raw,whole_model_comparison,matched,spatial_mlp,raw_spatial_mlp,1391030,497540,t2m,K,78.0,True,2.7741066438637785,2.7186726199618074,-0.05543402390197105,-0.02039010636843419,-0.014536631365993924,
mlp,19,raw,pinn_statistical,joint,pinn_statistical,observed_reconstruction,mlp/pinn_statistical/vs_raw,whole_model_comparison,matched,spatial_mlp,raw_spatial_mlp,1391030,497540,t2m,K,84.0,True,3.1871047572153186,3.1001529242174213,-0.08695183299789733,-0.02804759478755292,-0.01880122521056171,
mlp,19,raw,pinn_statistical,joint,pinn_statistical,observed_reconstruction,mlp/pinn_statistical/vs_raw,whole_model_comparison,matched,spatial_mlp,raw_spatial_mlp,1391030,497540,t2m,K,90.0,True,2.7743779658269765,2.7601638888310513,-0.01421407699592514,-0.005149722106517762,-0.007234779568339622,
mlp,19,raw,pinn_statistical,joint,pinn_statistical,observed_reconstruction,mlp/pinn_statistical/vs_raw,whole_model_comparison,matched,spatial_mlp,raw_spatial_mlp,1391030,497540,t2m,K,96.0,True,2.1987402410940904,2.301903817594901,0.10316357650081054,0.04481663209047504,0.004819111258906661,
mlp,19,raw,pinn_statistical,joint,pinn_statistical,observed_reconstruction,mlp/pinn_statistical/vs_raw,whole_model_comparison,matched,spatial_mlp,raw_spatial_mlp,1391030,497540,t2m,K,102.0,True,2.8363368221396947,2.864282926426307,0.02794610428661226,0.009756754135136991,-0.006325106644125111,
mlp,19,raw,pinn_statistical,joint,pinn_statistical,observed_reconstruction,mlp/pinn_statistical/vs_raw,whole_model_comparison,matched,spatial_mlp,raw_spatial_mlp,1391030,497540,t2m,K,108.0,True,3.2336236193994052,3.219946836050229,-0.013676783349176436,-0.004247518373922343,-0.010849739594653962,
mlp,19,raw,pinn_statistical,joint,pinn_statistical,observed_reconstruction,mlp/pinn_statistical/vs_raw,whole_model_comparison,matched,spatial_mlp,raw_spatial_mlp,1391030,497540,t2m,K,114.0,True,2.8213821552119303,2.894631320179225,0.07324916496729461,0.025305179439141567,0.0004873696998942689,
mlp,19,raw,pinn_statistical,joint,pinn_statistical,observed_reconstruction,mlp/pinn_statistical/vs_raw,whole_model_comparison,matched,spatial_mlp,raw_spatial_mlp,1391030,497540,t2m,K,120.0,True,2.258107710243899,2.4831577903016333,0.2250500800577342,0.09063059985020006,0.013371054570684215,
mlp,19,raw,pinn_statistical,joint,pinn_statistical,observed_reconstruction,mlp/pinn_statistical/vs_raw,whole_model_comparison,matched,spatial_mlp,raw_spatial_mlp,1391030,497540,u10,m s**-1,6.0,True,1.286435030750839,0.820984963069266,-0.46545006768157293,-0.5669410386537166,-0.0594543744016478,
mlp,19,raw,pinn_statistical,joint,pinn_statistical,observed_reconstruction,mlp/pinn_statistical/vs_raw,whole_model_comparison,matched,spatial_mlp,raw_spatial_mlp,1391030,497540,u10,m s**-1,12.0,True,1.4091091029748997,1.1194161367665916,-0.2896929662083081,-0.2587893426702599,-0.0459321920285517,
mlp,19,raw,pinn_statistical,joint,pinn_statistical,observed_reconstruction,mlp/pinn_statistical/vs_raw,whole_model_comparison,matched,spatial_mlp,raw_spatial_mlp,1391030,497540,u10,m s**-1,18.0,True,1.5771686150793416,1.356620089473199,-0.22054852560614258,-0.16257206222840592,-0.042555960401687076,
mlp,19,raw,pinn_statistical,joint,pinn_statistical,observed_reconstruction,mlp/pinn_statistical/vs_raw,whole_model_comparison,matched,spatial_mlp,raw_spatial_mlp,1391030,497540,u10,m s**-1,24.0,True,1.709736466245164,1.521371466663188,-0.18836499958197606,-0.12381262808557558,-0.0415804256336032,
mlp,19,raw,pinn_statistical,joint,pinn_statistical,observed_reconstruction,mlp/pinn_statistical/vs_raw,whole_model_comparison,matched,spatial_mlp,raw_spatial_mlp,1391030,497540,u10,m s**-1,30.0,True,1.8705404324836472,1.7109827833759204,-0.15955764910772685,-0.0932549705689647,-0.04162323826651604,
mlp,19,raw,pinn_statistical,joint,pinn_statistical,observed_reconstruction,mlp/pinn_statistical/vs_raw,whole_model_comparison,matched,spatial_mlp,raw_spatial_mlp,1391030,497540,u10,m s**-1,36.0,True,1.9948948274652873,1.8623652524206233,-0.132529575044664,-0.07116196722012913,-0.03969065409394634,
mlp,19,raw,pinn_statistical,joint,pinn_statistical,observed_reconstruction,mlp/pinn_statistical/vs_raw,whole_model_comparison,matched,spatial_mlp,raw_spatial_mlp,1391030,497540,u10,m s**-1,42.0,True,2.1063737836006995,1.994383566866121,-0.11199021673457854,-0.05615279758374392,-0.03853005444598656,
mlp,19,raw,pinn_statistical,joint,pinn_statistical,observed_reconstruction,mlp/pinn_statistical/vs_raw,whole_model_comparison,matched,spatial_mlp,raw_spatial_mlp,1391030,497540,u10,m s**-1,48.0,True,2.187548230877378,2.0908823014463316,-0.09666592943104657,-0.0462321238092549,-0.03675978204033359,
mlp,19,raw,pinn_statistical,joint,pinn_statistical,observed_reconstruction,mlp/pinn_statistical/vs_raw,whole_model_comparison,matched,spatial_mlp,raw_spatial_mlp,1391030,497540,u10,m s**-1,54.0,True,2.2761823144310256,2.199171160103001,-0.07701115432802474,-0.03501826311891887,-0.034138508551163516,
mlp,19,raw,pinn_statistical,joint,pinn_statistical,observed_reconstruction,mlp/pinn_statistical/vs_raw,whole_model_comparison,matched,spatial_mlp,raw_spatial_mlp,1391030,497540,u10,m s**-1,60.0,True,2.3450278076697217,2.2879466027956017,-0.05708120487412005,-0.02494866130370932,-0.029690624821318012,
mlp,19,raw,pinn_statistical,joint,pinn_statistical,observed_reconstruction,mlp/pinn_statistical/vs_raw,whole_model_comparison,matched,spatial_mlp,raw_spatial_mlp,1391030,497540,u10,m s**-1,66.0,True,2.41120971211325,2.370666546314643,-0.040543165798607284,-0.01710201118821808,-0.026120018719714477,
mlp,19,raw,pinn_statistical,joint,pinn_statistical,observed_reconstruction,mlp/pinn_statistical/vs_raw,whole_model_comparison,matched,spatial_mlp,raw_spatial_mlp,1391030,497540,u10,m s**-1,72.0,True,2.4541623351128794,2.4244789681216785,-0.029683366991200888,-0.012243194262145929,-0.02296271017027285,
mlp,19,raw,pinn_statistical,joint,pinn_statistical,observed_reconstruction,mlp/pinn_statistical/vs_raw,whole_model_comparison,matched,spatial_mlp,raw_spatial_mlp,1391030,497540,u10,m s**-1,78.0,True,2.5058487401332425,2.4907062689397597,-0.015142471193482887,-0.006079589304574418,-0.01900286497835657,
mlp,19,raw,pinn_statistical,joint,pinn_statistical,observed_reconstruction,mlp/pinn_statistical/vs_raw,whole_model_comparison,matched,spatial_mlp,raw_spatial_mlp,1391030,497540,u10,m s**-1,84.0,True,2.5434405663575146,2.5411848120852203,-0.002255754272294297,-0.0008876781655418053,-0.014194631668063784,
mlp,19,raw,pinn_statistical,joint,pinn_statistical,observed_reconstruction,mlp/pinn_statistical/vs_raw,whole_model_comparison,matched,spatial_mlp,raw_spatial_mlp,1391030,497540,u10,m s**-1,90.0,True,2.587030351712595,2.5930374404225702,0.006007088709975239,0.002316622435268978,-0.011744698951931865,
mlp,19,raw,pinn_statistical,joint,pinn_statistical,observed_reconstruction,mlp/pinn_statistical/vs_raw,whole_model_comparison,matched,spatial_mlp,raw_spatial_mlp,1391030,497540,u10,m s**-1,96.0,True,2.6094548629319045,2.6202924251210145,0.010837562189109917,0.004136012486701479,-0.009506757685782963,
mlp,19,raw,pinn_statistical,joint,pinn_statistical,observed_reconstruction,mlp/pinn_statistical/vs_raw,whole_model_comparison,matched,spatial_mlp,raw_spatial_mlp,1391030,497540,u10,m s**-1,102.0,True,2.6431446637738323,2.6626768749754883,0.019532211201656047,0.0073355544509454695,-0.006408119119268918,
mlp,19,raw,pinn_statistical,joint,pinn_statistical,observed_reconstruction,mlp/pinn_statistical/vs_raw,whole_model_comparison,matched,spatial_mlp,raw_spatial_mlp,1391030,497540,u10,m s**-1,108.0,True,2.6645033985232613,2.6913154274764954,0.02681202895323409,0.009962425317932455,-0.0024547124645253326,
mlp,19,raw,pinn_statistical,joint,pinn_statistical,observed_reconstruction,mlp/pinn_statistical/vs_raw,whole_model_comparison,matched,spatial_mlp,raw_spatial_mlp,1391030,497540,u10,m s**-1,114.0,True,2.695660353506631,2.7253229809989477,0.02966262749231685,0.010884077850267904,-0.0013891056741158203,
mlp,19,raw,pinn_statistical,joint,pinn_statistical,observed_reconstruction,mlp/pinn_statistical/vs_raw,whole_model_comparison,matched,spatial_mlp,raw_spatial_mlp,1391030,497540,u10,m s**-1,120.0,True,2.706924140430989,2.7374233230546228,0.030499182623633825,0.011141565999956637,-0.0002478828883797357,
mlp,19,raw,pinn_statistical,joint,pinn_statistical,observed_reconstruction,mlp/pinn_statistical/vs_raw,whole_model_comparison,matched,spatial_mlp,raw_spatial_mlp,1391030,497540,v10,m s**-1,6.0,True,1.3934461855519438,0.8887542650536775,-0.5046919204982663,-0.5678644146566034,-0.06569262349303295,
mlp,19,raw,pinn_statistical,joint,pinn_statistical,observed_reconstruction,mlp/pinn_statistical/vs_raw,whole_model_comparison,matched,spatial_mlp,raw_spatial_mlp,1391030,497540,v10,m s**-1,12.0,True,1.5211647392979115,1.2248438259927732,-0.2963209133051383,-0.24192546593845243,-0.04871139836631,
mlp,19,raw,pinn_statistical,joint,pinn_statistical,observed_reconstruction,mlp/pinn_statistical/vs_raw,whole_model_comparison,matched,spatial_mlp,raw_spatial_mlp,1391030,497540,v10,m s**-1,18.0,True,1.7004647889083677,1.4783436848419607,-0.22212110406640706,-0.15024997660821504,-0.04520502069431176,
mlp,19,raw,pinn_statistical,joint,pinn_statistical,observed_reconstruction,mlp/pinn_statistical/vs_raw,whole_model_comparison,matched,spatial_mlp,raw_spatial_mlp,1391030,497540,v10,m s**-1,24.0,True,1.863609342612195,1.670798128974446,-0.1928112136377489,-0.11540066408627037,-0.046353894709666,
mlp,19,raw,pinn_statistical,joint,pinn_statistical,observed_reconstruction,mlp/pinn_statistical/vs_raw,whole_model_comparison,matched,spatial_mlp,raw_spatial_mlp,1391030,497540,v10,m s**-1,30.0,True,2.0312498055108716,1.865080047784637,-0.16616975772623466,-0.08909524174236538,-0.047970189452302914,
mlp,19,raw,pinn_statistical,joint,pinn_statistical,observed_reconstruction,mlp/pinn_statistical/vs_raw,whole_model_comparison,matched,spatial_mlp,raw_spatial_mlp,1391030,497540,v10,m s**-1,36.0,True,2.176128735587805,2.026408524198954,-0.14972021138885117,-0.07388451519075412,-0.05003213431685327,
mlp,19,raw,pinn_statistical,joint,pinn_statistical,observed_reconstruction,mlp/pinn_statistical/vs_raw,whole_model_comparison,matched,spatial_mlp,raw_spatial_mlp,1391030,497540,v10,m s**-1,42.0,True,2.296602877565703,2.160775239599669,-0.1358276379660337,-0.06286060460004106,-0.05132975108801374,
mlp,19,raw,pinn_statistical,joint,pinn_statistical,observed_reconstruction,mlp/pinn_statistical/vs_raw,whole_model_comparison,matched,spatial_mlp,raw_spatial_mlp,1391030,497540,v10,m s**-1,48.0,True,2.3960018281739393,2.2707895411481918,-0.1252122870257475,-0.055140419117148065,-0.051764355817434105,
mlp,19,raw,pinn_statistical,joint,pinn_statistical,observed_reconstruction,mlp/pinn_statistical/vs_raw,whole_model_comparison,matched,spatial_mlp,raw_spatial_mlp,1391030,497540,v10,m s**-1,54.0,True,2.484517439405193,2.3756092082894553,-0.10890823111573766,-0.04584433783793784,-0.05015967719474279,
mlp,19,raw,pinn_statistical,joint,pinn_statistical,observed_reconstruction,mlp/pinn_statistical/vs_raw,whole_model_comparison,matched,spatial_mlp,raw_spatial_mlp,1391030,497540,v10,m s**-1,60.0,True,2.5621990781494213,2.468702307211416,-0.09349677093800546,-0.03787284139723468,-0.04773412052581805,
mlp,19,raw,pinn_statistical,joint,pinn_statistical,observed_reconstruction,mlp/pinn_statistical/vs_raw,whole_model_comparison,matched,spatial_mlp,raw_spatial_mlp,1391030,497540,v10,m s**-1,66.0,True,2.6237067827806935,2.545871193302088,-0.07783558947860536,-0.030573262969227244,-0.04405784459572326,
mlp,19,raw,pinn_statistical,joint,pinn_statistical,observed_reconstruction,mlp/pinn_statistical/vs_raw,whole_model_comparison,matched,spatial_mlp,raw_spatial_mlp,1391030,497540,v10,m s**-1,72.0,True,2.6749905897435466,2.6084175835078742,-0.06657300623567242,-0.025522372896345402,-0.040888501925750664,
mlp,19,raw,pinn_statistical,joint,pinn_statistical,observed_reconstruction,mlp/pinn_statistical/vs_raw,whole_model_comparison,matched,spatial_mlp,raw_spatial_mlp,1391030,497540,v10,m s**-1,78.0,True,2.7180663231421547,2.6680465136665297,-0.05001980947562501,-0.01874772767993682,-0.034955610194825404,
mlp,19,raw,pinn_statistical,joint,pinn_statistical,observed_reconstruction,mlp/pinn_statistical/vs_raw,whole_model_comparison,matched,spatial_mlp,raw_spatial_mlp,1391030,497540,v10,m s**-1,84.0,True,2.7587875257734966,2.723443330195634,-0.035344195577862614,-0.01297776061135214,-0.02920498461238563,
mlp,19,raw,pinn_statistical,joint,pinn_statistical,observed_reconstruction,mlp/pinn_statistical/vs_raw,whole_model_comparison,matched,spatial_mlp,raw_spatial_mlp,1391030,497540,v10,m s**-1,90.0,True,2.7890144878289997,2.7666441905348313,-0.022370297294168395,-0.00808571531196578,-0.023268988902034382,
mlp,19,raw,pinn_statistical,joint,pinn_statistical,observed_reconstruction,mlp/pinn_statistical/vs_raw,whole_model_comparison,matched,spatial_mlp,raw_spatial_mlp,1391030,497540,v10,m s**-1,96.0,True,2.816751182676655,2.8010659708442813,-0.015685211832373813,-0.005599729529985442,-0.019985316618972293,
mlp,19,raw,pinn_statistical,joint,pinn_statistical,observed_reconstruction,mlp/pinn_statistical/vs_raw,whole_model_comparison,matched,spatial_mlp,raw_spatial_mlp,1391030,497540,v10,m s**-1,102.0,True,2.8378596974267083,2.83419279526748,-0.003666902159228158,-0.0012938082989100153,-0.013418481505372504,
mlp,19,raw,pinn_statistical,joint,pinn_statistical,observed_reconstruction,mlp/pinn_statistical/vs_raw,whole_model_comparison,matched,spatial_mlp,raw_spatial_mlp,1391030,497540,v10,m s**-1,108.0,True,2.861260249207064,2.8668297690519124,0.005569519844848436,0.0019427452250471156,-0.008327929338864781,
mlp,19,raw,pinn_statistical,joint,pinn_statistical,observed_reconstruction,mlp/pinn_statistical/vs_raw,whole_model_comparison,matched,spatial_mlp,raw_spatial_mlp,1391030,497540,v10,m s**-1,114.0,True,2.876926235645019,2.8901509299786263,0.013224694333607179,0.004575779830884086,-0.0034989280690430613,
mlp,19,raw,pinn_statistical,joint,pinn_statistical,observed_reconstruction,mlp/pinn_statistical/vs_raw,whole_model_comparison,matched,spatial_mlp,raw_spatial_mlp,1391030,497540,v10,m s**-1,120.0,True,2.893561984404282,2.9085464751448304,0.014984490740548306,0.0051518828626598845,-0.0020916495065320673,
mlp,19,raw,pinn_statistical:kl_entropy,joint,pinn_statistical,observed_reconstruction,mlp/pinn_statistical:kl_entropy/vs_raw,whole_model_comparison,matched,spatial_mlp,raw_spatial_mlp,1391030,497540,msl,Pa,6.0,True,240.6918044363766,179.9894443011364,-60.70236013524021,-0.33725511165910604,-0.02982812679423852,
mlp,19,raw,pinn_statistical:kl_entropy,joint,pinn_statistical,observed_reconstruction,mlp/pinn_statistical:kl_entropy/vs_raw,whole_model_comparison,matched,spatial_mlp,raw_spatial_mlp,1391030,497540,msl,Pa,12.0,True,259.95500815567107,224.35670975887157,-35.59829839679949,-0.15866830296744383,-0.023057481730692442,
mlp,19,raw,pinn_statistical:kl_entropy,joint,pinn_statistical,observed_reconstruction,mlp/pinn_statistical:kl_entropy/vs_raw,whole_model_comparison,matched,spatial_mlp,raw_spatial_mlp,1391030,497540,msl,Pa,18.0,True,309.660894115964,290.7841360124762,-18.876758103487816,-0.06491673982750523,-0.02063174083404995,
mlp,19,raw,pinn_statistical:kl_entropy,joint,pinn_statistical,observed_reconstruction,mlp/pinn_statistical:kl_entropy/vs_raw,whole_model_comparison,matched,spatial_mlp,raw_spatial_mlp,1391030,497540,msl,Pa,24.0,True,330.13327916219777,319.8735198451731,-10.259759317024645,-0.032074425297819786,-0.01729429069404964,
mlp,19,raw,pinn_statistical:kl_entropy,joint,pinn_statistical,observed_reconstruction,mlp/pinn_statistical:kl_entropy/vs_raw,whole_model_comparison,matched,spatial_mlp,raw_spatial_mlp,1391030,497540,msl,Pa,30.0,True,381.870132109136,372.04710457628096,-9.823027532855065,-0.026402644751240212,-0.021082230104651822,
mlp,19,raw,pinn_statistical:kl_entropy,joint,pinn_statistical,observed_reconstruction,mlp/pinn_statistical:kl_entropy/vs_raw,whole_model_comparison,matched,spatial_mlp,raw_spatial_mlp,1391030,497540,msl,Pa,36.0,True,410.8506779585871,400.249403896039,-10.6012740625481,-0.026486670459356043,-0.023185066344386995,
mlp,19,raw,pinn_statistical:kl_entropy,joint,pinn_statistical,observed_reconstruction,mlp/pinn_statistical:kl_entropy/vs_raw,whole_model_comparison,matched,spatial_mlp,raw_spatial_mlp,1391030,497540,msl,Pa,42.0,True,443.07522156909937,431.85911685505585,-11.216104714043524,-0.0259716751975112,-0.02550050990760644,
mlp,19,raw,pinn_statistical:kl_entropy,joint,pinn_statistical,observed_reconstruction,mlp/pinn_statistical:kl_entropy/vs_raw,whole_model_comparison,matched,spatial_mlp,raw_spatial_mlp,1391030,497540,msl,Pa,48.0,True,457.38669122144904,447.4245262190146,-9.96216500243446,-0.02226557646855043,-0.02304678223790635,
mlp,19,raw,pinn_statistical:kl_entropy,joint,pinn_statistical,observed_reconstruction,mlp/pinn_statistical:kl_entropy/vs_raw,whole_model_comparison,matched,spatial_mlp,raw_spatial_mlp,1391030,497540,msl,Pa,54.0,True,486.42796313416727,477.90081091780684,-8.527152216360435,-0.017842933139167627,-0.022841593477869848,
mlp,19,raw,pinn_statistical:kl_entropy,joint,pinn_statistical,observed_reconstruction,mlp/pinn_statistical:kl_entropy/vs_raw,whole_model_comparison,matched,spatial_mlp,raw_spatial_mlp,1391030,497540,msl,Pa,60.0,True,504.8221315297238,495.18624469784675,-9.63588683187703,-0.019459116514346286,-0.024211282210674145,
mlp,19,raw,pinn_statistical:kl_entropy,joint,pinn_statistical,observed_reconstruction,mlp/pinn_statistical:kl_entropy/vs_raw,whole_model_comparison,matched,spatial_mlp,raw_spatial_mlp,1391030,497540,msl,Pa,66.0,True,522.8146523623084,515.2721133524389,-7.542539009869529,-0.014637972470112226,-0.02154934236258288,
mlp,19,raw,pinn_statistical:kl_entropy,joint,pinn_statistical,observed_reconstruction,mlp/pinn_statistical:kl_entropy/vs_raw,whole_model_comparison,matched,spatial_mlp,raw_spatial_mlp,1391030,497540,msl,Pa,72.0,True,529.3971464299132,523.540803350815,-5.85634307909811,-0.01118602989798645,-0.01731088263614311,
mlp,19,raw,pinn_statistical:kl_entropy,joint,pinn_statistical,observed_reconstruction,mlp/pinn_statistical:kl_entropy/vs_raw,whole_model_comparison,matched,spatial_mlp,raw_spatial_mlp,1391030,497540,msl,Pa,78.0,True,547.3830693240496,544.8573801218512,-2.525689202198464,-0.004635505169506171,-0.012667995671300059,
mlp,19,raw,pinn_statistical:kl_entropy,joint,pinn_statistical,observed_reconstruction,mlp/pinn_statistical:kl_entropy/vs_raw,whole_model_comparison,matched,spatial_mlp,raw_spatial_mlp,1391030,497540,msl,Pa,84.0,True,558.4690796052012,555.4687254909885,-3.000354114212655,-0.005401481625379789,-0.012851337184262346,
mlp,19,raw,pinn_statistical:kl_entropy,joint,pinn_statistical,observed_reconstruction,mlp/pinn_statistical:kl_entropy/vs_raw,whole_model_comparison,matched,spatial_mlp,raw_spatial_mlp,1391030,497540,msl,Pa,90.0,True,570.396603915234,569.3196711686351,-1.0769327465989136,-0.0018916134487121372,-0.009380502358264375,
mlp,19,raw,pinn_statistical:kl_entropy,joint,pinn_statistical,observed_reconstruction,mlp/pinn_statistical:kl_entropy/vs_raw,whole_model_comparison,matched,spatial_mlp,raw_spatial_mlp,1391030,497540,msl,Pa,96.0,True,572.3702263676159,572.9194648700303,0.5492385024143687,0.0009586661583211864,-0.004770139090091607,
mlp,19,raw,pinn_statistical:kl_entropy,joint,pinn_statistical,observed_reconstruction,mlp/pinn_statistical:kl_entropy/vs_raw,whole_model_comparison,matched,spatial_mlp,raw_spatial_mlp,1391030,497540,msl,Pa,102.0,True,585.8050676460297,588.8122029744466,3.0071353284168936,0.005107121274365634,-0.00040766062012687065,
mlp,19,raw,pinn_statistical:kl_entropy,joint,pinn_statistical,observed_reconstruction,mlp/pinn_statistical:kl_entropy/vs_raw,whole_model_comparison,matched,spatial_mlp,raw_spatial_mlp,1391030,497540,msl,Pa,108.0,True,592.5996584326327,594.8672640477919,2.267605615159141,0.0038119522660049476,-0.0012471744147217745,
mlp,19,raw,pinn_statistical:kl_entropy,joint,pinn_statistical,observed_reconstruction,mlp/pinn_statistical:kl_entropy/vs_raw,whole_model_comparison,matched,spatial_mlp,raw_spatial_mlp,1391030,497540,msl,Pa,114.0,True,601.3821079367856,604.7040229988057,3.321915062020139,0.005493456196216995,0.0009689305794486902,
mlp,19,raw,pinn_statistical:kl_entropy,joint,pinn_statistical,observed_reconstruction,mlp/pinn_statistical:kl_entropy/vs_raw,whole_model_comparison,matched,spatial_mlp,raw_spatial_mlp,1391030,497540,msl,Pa,120.0,True,600.5414849767097,604.8923914778459,4.350906501136137,0.007192860354064301,0.0045445936463712755,
mlp,19,raw,pinn_statistical:kl_entropy,joint,pinn_statistical,observed_reconstruction,mlp/pinn_statistical:kl_entropy/vs_raw,whole_model_comparison,matched,spatial_mlp,raw_spatial_mlp,1391030,497540,t2m,K,6.0,True,2.7237835196406386,2.2684019480763067,-0.4553815715643319,-0.20074994731445783,-0.050600284912186266,
mlp,19,raw,pinn_statistical:kl_entropy,joint,pinn_statistical,observed_reconstruction,mlp/pinn_statistical:kl_entropy/vs_raw,whole_model_comparison,matched,spatial_mlp,raw_spatial_mlp,1391030,497540,t2m,K,12.0,True,3.1315732093635082,2.8447750038406827,-0.28679820552282553,-0.10081577809690545,-0.0380265682576405,
mlp,19,raw,pinn_statistical:kl_entropy,joint,pinn_statistical,observed_reconstruction,mlp/pinn_statistical:kl_entropy/vs_raw,whole_model_comparison,matched,spatial_mlp,raw_spatial_mlp,1391030,497540,t2m,K,18.0,True,2.591850840870306,2.360973321242846,-0.23087751962745973,-0.09778912686142638,-0.027426143936772562,
mlp,19,raw,pinn_statistical:kl_entropy,joint,pinn_statistical,observed_reconstruction,mlp/pinn_statistical:kl_entropy/vs_raw,whole_model_comparison,matched,spatial_mlp,raw_spatial_mlp,1391030,497540,t2m,K,24.0,True,1.834291089199954,1.595444877169025,-0.23884621203092893,-0.14970508567788343,-0.01948006847139505,
mlp,19,raw,pinn_statistical:kl_entropy,joint,pinn_statistical,observed_reconstruction,mlp/pinn_statistical:kl_entropy/vs_raw,whole_model_comparison,matched,spatial_mlp,raw_spatial_mlp,1391030,497540,t2m,K,30.0,True,2.6055525623809235,2.4146575496149434,-0.1908950127659801,-0.07905676430035458,-0.027844504591580055,
mlp,19,raw,pinn_statistical:kl_entropy,joint,pinn_statistical,observed_reconstruction,mlp/pinn_statistical:kl_entropy/vs_raw,whole_model_comparison,matched,spatial_mlp,raw_spatial_mlp,1391030,497540,t2m,K,36.0,True,3.0728420921133544,2.895236301738557,-0.1776057903747974,-0.061344143228705406,-0.030606355164487287,
mlp,19,raw,pinn_statistical:kl_entropy,joint,pinn_statistical,observed_reconstruction,mlp/pinn_statistical:kl_entropy/vs_raw,whole_model_comparison,matched,spatial_mlp,raw_spatial_mlp,1391030,497540,t2m,K,42.0,True,2.617646426402825,2.4861665542057247,-0.13147987219710044,-0.05288457926307566,-0.02003844893378115,
mlp,19,raw,pinn_statistical:kl_entropy,joint,pinn_statistical,observed_reconstruction,mlp/pinn_statistical:kl_entropy/vs_raw,whole_model_comparison,matched,spatial_mlp,raw_spatial_mlp,1391030,497540,t2m,K,48.0,True,1.974402139378437,1.878168232810811,-0.09623390656762609,-0.05123817179231338,-0.010680326626488656,
mlp,19,raw,pinn_statistical:kl_entropy,joint,pinn_statistical,observed_reconstruction,mlp/pinn_statistical:kl_entropy/vs_raw,whole_model_comparison,matched,spatial_mlp,raw_spatial_mlp,1391030,497540,t2m,K,54.0,True,2.7059640339418802,2.5691270848362775,-0.13683694910560273,-0.053262039824052865,-0.02298366192903889,
mlp,19,raw,pinn_statistical:kl_entropy,joint,pinn_statistical,observed_reconstruction,mlp/pinn_statistical:kl_entropy/vs_raw,whole_model_comparison,matched,spatial_mlp,raw_spatial_mlp,1391030,497540,t2m,K,60.0,True,3.1464064095141975,2.9921561793819498,-0.1542502301322477,-0.05155153036300031,-0.027777475086322334,
mlp,19,raw,pinn_statistical:kl_entropy,joint,pinn_statistical,observed_reconstruction,mlp/pinn_statistical:kl_entropy/vs_raw,whole_model_comparison,matched,spatial_mlp,raw_spatial_mlp,1391030,497540,t2m,K,66.0,True,2.7196292466353467,2.626776364336179,-0.09285288229916766,-0.035348605827216106,-0.015268167667392585,
mlp,19,raw,pinn_statistical:kl_entropy,joint,pinn_statistical,observed_reconstruction,mlp/pinn_statistical:kl_entropy/vs_raw,whole_model_comparison,matched,spatial_mlp,raw_spatial_mlp,1391030,497540,t2m,K,72.0,True,2.1349961005748983,2.110646972038123,-0.0243491285367754,-0.011536334052711261,-0.004423479304310418,
mlp,19,raw,pinn_statistical:kl_entropy,joint,pinn_statistical,observed_reconstruction,mlp/pinn_statistical:kl_entropy/vs_raw,whole_model_comparison,matched,spatial_mlp,raw_spatial_mlp,1391030,497540,t2m,K,78.0,True,2.803848502012933,2.7186726199618074,-0.08517588205112547,-0.031329951766065234,-0.01721894214395503,
mlp,19,raw,pinn_statistical:kl_entropy,joint,pinn_statistical,observed_reconstruction,mlp/pinn_statistical:kl_entropy/vs_raw,whole_model_comparison,matched,spatial_mlp,raw_spatial_mlp,1391030,497540,t2m,K,84.0,True,3.209883650176169,3.1001529242174213,-0.10973072595874767,-0.035395262311599396,-0.02220867799414261,
mlp,19,raw,pinn_statistical:kl_entropy,joint,pinn_statistical,observed_reconstruction,mlp/pinn_statistical:kl_entropy/vs_raw,whole_model_comparison,matched,spatial_mlp,raw_spatial_mlp,1391030,497540,t2m,K,90.0,True,2.7933245407306537,2.7601638888310513,-0.03316065189960238,-0.0120140155567523,-0.009081501396452363,
mlp,19,raw,pinn_statistical:kl_entropy,joint,pinn_statistical,observed_reconstruction,mlp/pinn_statistical:kl_entropy/vs_raw,whole_model_comparison,matched,spatial_mlp,raw_spatial_mlp,1391030,497540,t2m,K,96.0,True,2.2414564538165473,2.301903817594901,0.06044736377835358,0.02625972610858729,0.001814386535463397,
mlp,19,raw,pinn_statistical:kl_entropy,joint,pinn_statistical,observed_reconstruction,mlp/pinn_statistical:kl_entropy/vs_raw,whole_model_comparison,matched,spatial_mlp,raw_spatial_mlp,1391030,497540,t2m,K,102.0,True,2.86944412185059,2.864282926426307,-0.0051611954242831715,-0.0018019153682986566,-0.009917433288261557,
mlp,19,raw,pinn_statistical:kl_entropy,joint,pinn_statistical,observed_reconstruction,mlp/pinn_statistical:kl_entropy/vs_raw,whole_model_comparison,matched,spatial_mlp,raw_spatial_mlp,1391030,497540,t2m,K,108.0,True,3.2514279015190057,3.219946836050229,-0.031481065468776936,-0.00977688982821645,-0.01466685652386912,
mlp,19,raw,pinn_statistical:kl_entropy,joint,pinn_statistical,observed_reconstruction,mlp/pinn_statistical:kl_entropy/vs_raw,whole_model_comparison,matched,spatial_mlp,raw_spatial_mlp,1391030,497540,t2m,K,114.0,True,2.840813311166174,2.894631320179225,0.053818009013050894,0.01859235358847655,-0.002421521112017322,
mlp,19,raw,pinn_statistical:kl_entropy,joint,pinn_statistical,observed_reconstruction,mlp/pinn_statistical:kl_entropy/vs_raw,whole_model_comparison,matched,spatial_mlp,raw_spatial_mlp,1391030,497540,t2m,K,120.0,True,2.3151252048092417,2.4831577903016333,0.16803258549239164,0.0676689117979814,0.007832062058751643,
mlp,19,raw,pinn_statistical:kl_entropy,joint,pinn_statistical,observed_reconstruction,mlp/pinn_statistical:kl_entropy/vs_raw,whole_model_comparison,matched,spatial_mlp,raw_spatial_mlp,1391030,497540,u10,m s**-1,6.0,True,1.3182473838817994,0.820984963069266,-0.49726242081253336,-0.6056900469327835,-0.06334306513977583,
mlp,19,raw,pinn_statistical:kl_entropy,joint,pinn_statistical,observed_reconstruction,mlp/pinn_statistical:kl_entropy/vs_raw,whole_model_comparison,matched,spatial_mlp,raw_spatial_mlp,1391030,497540,u10,m s**-1,12.0,True,1.4341997286240715,1.1194161367665916,-0.31478359185747995,-0.2812033715779061,-0.04977125201912358,
mlp,19,raw,pinn_statistical:kl_entropy,joint,pinn_statistical,observed_reconstruction,mlp/pinn_statistical:kl_entropy/vs_raw,whole_model_comparison,matched,spatial_mlp,raw_spatial_mlp,1391030,497540,u10,m s**-1,18.0,True,1.5949005451483977,1.356620089473199,-0.23828045567519873,-0.17564272969577477,-0.04588375067110406,
mlp,19,raw,pinn_statistical:kl_entropy,joint,pinn_statistical,observed_reconstruction,mlp/pinn_statistical:kl_entropy/vs_raw,whole_model_comparison,matched,spatial_mlp,raw_spatial_mlp,1391030,497540,u10,m s**-1,24.0,True,1.7201223463141297,1.521371466663188,-0.19875087965094185,-0.1306392843602231,-0.04392161989824506,
mlp,19,raw,pinn_statistical:kl_entropy,joint,pinn_statistical,observed_reconstruction,mlp/pinn_statistical:kl_entropy/vs_raw,whole_model_comparison,matched,spatial_mlp,raw_spatial_mlp,1391030,497540,u10,m s**-1,30.0,True,1.8768961094327292,1.7109827833759204,-0.16591332605680886,-0.09696960581300962,-0.04317879111899403,
mlp,19,raw,pinn_statistical:kl_entropy,joint,pinn_statistical,observed_reconstruction,mlp/pinn_statistical:kl_entropy/vs_raw,whole_model_comparison,matched,spatial_mlp,raw_spatial_mlp,1391030,497540,u10,m s**-1,36.0,True,1.9978119281498308,1.8623652524206233,-0.13544667572920743,-0.07272830909681094,-0.04039975860306311,
mlp,19,raw,pinn_statistical:kl_entropy,joint,pinn_statistical,observed_reconstruction,mlp/pinn_statistical:kl_entropy/vs_raw,whole_model_comparison,matched,spatial_mlp,raw_spatial_mlp,1391030,497540,u10,m s**-1,42.0,True,2.106341751341685,1.994383566866121,-0.11195818447556394,-0.056136736350816285,-0.038285299160688124,
mlp,19,raw,pinn_statistical:kl_entropy,joint,pinn_statistical,observed_reconstruction,mlp/pinn_statistical:kl_entropy/vs_raw,whole_model_comparison,matched,spatial_mlp,raw_spatial_mlp,1391030,497540,u10,m s**-1,48.0,True,2.1840149680955205,2.0908823014463316,-0.09313266664918896,-0.04454228082793854,-0.035272660434738756,
mlp,19,raw,pinn_statistical:kl_entropy,joint,pinn_statistical,observed_reconstruction,mlp/pinn_statistical:kl_entropy/vs_raw,whole_model_comparison,matched,spatial_mlp,raw_spatial_mlp,1391030,497540,u10,m s**-1,54.0,True,2.2693708130781247,2.199171160103001,-0.07019965297512387,-0.03192095924531668,-0.031093133382601668,
mlp,19,raw,pinn_statistical:kl_entropy,joint,pinn_statistical,observed_reconstruction,mlp/pinn_statistical:kl_entropy/vs_raw,whole_model_comparison,matched,spatial_mlp,raw_spatial_mlp,1391030,497540,u10,m s**-1,60.0,True,2.3368145800674474,2.2879466027956017,-0.048867977271845664,-0.021358880146999493,-0.02569066921810792,
mlp,19,raw,pinn_statistical:kl_entropy,joint,pinn_statistical,observed_reconstruction,mlp/pinn_statistical:kl_entropy/vs_raw,whole_model_comparison,matched,spatial_mlp,raw_spatial_mlp,1391030,497540,u10,m s**-1,66.0,True,2.4010426199565367,2.370666546314643,-0.030376073641893875,-0.012813305055118462,-0.020819536281142415,
mlp,19,raw,pinn_statistical:kl_entropy,joint,pinn_statistical,observed_reconstruction,mlp/pinn_statistical:kl_entropy/vs_raw,whole_model_comparison,matched,spatial_mlp,raw_spatial_mlp,1391030,497540,u10,m s**-1,72.0,True,2.4433371780415394,2.4244789681216785,-0.01885820991986087,-0.00777825263399623,-0.016992565630074674,
mlp,19,raw,pinn_statistical:kl_entropy,joint,pinn_statistical,observed_reconstruction,mlp/pinn_statistical:kl_entropy/vs_raw,whole_model_comparison,matched,spatial_mlp,raw_spatial_mlp,1391030,497540,u10,m s**-1,78.0,True,2.4936998426700248,2.4907062689397597,-0.0029935737302650978,-0.0012018975370946539,-0.011859771611559267,
mlp,19,raw,pinn_statistical:kl_entropy,joint,pinn_statistical,observed_reconstruction,mlp/pinn_statistical:kl_entropy/vs_raw,whole_model_comparison,matched,spatial_mlp,raw_spatial_mlp,1391030,497540,u10,m s**-1,84.0,True,2.5313167386136484,2.5411848120852203,0.009868073471571925,0.003883256906243804,-0.006564009825000272,
mlp,19,raw,pinn_statistical:kl_entropy,joint,pinn_statistical,observed_reconstruction,mlp/pinn_statistical:kl_entropy/vs_raw,whole_model_comparison,matched,spatial_mlp,raw_spatial_mlp,1391030,497540,u10,m s**-1,90.0,True,2.5737971258130035,2.5930374404225702,0.019240314609566767,0.0074199910535928115,-0.002946667991314822,
mlp,19,raw,pinn_statistical:kl_entropy,joint,pinn_statistical,observed_reconstruction,mlp/pinn_statistical:kl_entropy/vs_raw,whole_model_comparison,matched,spatial_mlp,raw_spatial_mlp,1391030,497540,u10,m s**-1,96.0,True,2.5967834357940975,2.6202924251210145,0.023508989326916918,0.008971895312726907,-0.0006544960775067832,
mlp,19,raw,pinn_statistical:kl_entropy,joint,pinn_statistical,observed_reconstruction,mlp/pinn_statistical:kl_entropy/vs_raw,whole_model_comparison,matched,spatial_mlp,raw_spatial_mlp,1391030,497540,u10,m s**-1,102.0,True,2.6305105191868945,2.6626768749754883,0.03216635578859384,0.012080457862124194,0.0029843718225872617,
mlp,19,raw,pinn_statistical:kl_entropy,joint,pinn_statistical,observed_reconstruction,mlp/pinn_statistical:kl_entropy/vs_raw,whole_model_comparison,matched,spatial_mlp,raw_spatial_mlp,1391030,497540,u10,m s**-1,108.0,True,2.6526662586305005,2.6913154274764954,0.0386491688459949,0.014360698285831974,0.00682815122139363,
mlp,19,raw,pinn_statistical:kl_entropy,joint,pinn_statistical,observed_reconstruction,mlp/pinn_statistical:kl_entropy/vs_raw,whole_model_comparison,matched,spatial_mlp,raw_spatial_mlp,1391030,497540,u10,m s**-1,114.0,True,2.6834812620425392,2.7253229809989477,0.041841718956408425,0.015352939540792199,0.00866127742147027,
mlp,19,raw,pinn_statistical:kl_entropy,joint,pinn_statistical,observed_reconstruction,mlp/pinn_statistical:kl_entropy/vs_raw,whole_model_comparison,matched,spatial_mlp,raw_spatial_mlp,1391030,497540,u10,m s**-1,120.0,True,2.6957965888110498,2.7374233230546228,0.041626734243572994,0.0152065388984568,0.009334283862441284,
mlp,19,raw,pinn_statistical:kl_entropy,joint,pinn_statistical,observed_reconstruction,mlp/pinn_statistical:kl_entropy/vs_raw,whole_model_comparison,matched,spatial_mlp,raw_spatial_mlp,1391030,497540,v10,m s**-1,6.0,True,1.4032082622937265,0.8887542650536775,-0.514453997240049,-0.5788484145378228,-0.06610324561353631,
mlp,19,raw,pinn_statistical:kl_entropy,joint,pinn_statistical,observed_reconstruction,mlp/pinn_statistical:kl_entropy/vs_raw,whole_model_comparison,matched,spatial_mlp,raw_spatial_mlp,1391030,497540,v10,m s**-1,12.0,True,1.5340063080740933,1.2248438259927732,-0.30916248208132013,-0.2524097158515164,-0.05055105563287732,
mlp,19,raw,pinn_statistical:kl_entropy,joint,pinn_statistical,observed_reconstruction,mlp/pinn_statistical:kl_entropy/vs_raw,whole_model_comparison,matched,spatial_mlp,raw_spatial_mlp,1391030,497540,v10,m s**-1,18.0,True,1.7099528980024166,1.4783436848419607,-0.2316092131604559,-0.1566680437947119,-0.047026734239065004,
mlp,19,raw,pinn_statistical:kl_entropy,joint,pinn_statistical,observed_reconstruction,mlp/pinn_statistical:kl_entropy/vs_raw,whole_model_comparison,matched,spatial_mlp,raw_spatial_mlp,1391030,497540,v10,m s**-1,24.0,True,1.869034219380938,1.670798128974446,-0.19823609040649193,-0.11864754153643409,-0.0477074196359174,
mlp,19,raw,pinn_statistical:kl_entropy,joint,pinn_statistical,observed_reconstruction,mlp/pinn_statistical:kl_entropy/vs_raw,whole_model_comparison,matched,spatial_mlp,raw_spatial_mlp,1391030,497540,v10,m s**-1,30.0,True,2.031145799771197,1.865080047784637,-0.16606575198655982,-0.08903947698320747,-0.04779932929292818,
mlp,19,raw,pinn_statistical:kl_entropy,joint,pinn_statistical,observed_reconstruction,mlp/pinn_statistical:kl_entropy/vs_raw,whole_model_comparison,matched,spatial_mlp,raw_spatial_mlp,1391030,497540,v10,m s**-1,36.0,True,2.173483546649728,2.026408524198954,-0.1470750224507742,-0.07257915701322548,-0.04889668151692683,
mlp,19,raw,pinn_statistical:kl_entropy,joint,pinn_statistical,observed_reconstruction,mlp/pinn_statistical:kl_entropy/vs_raw,whole_model_comparison,matched,spatial_mlp,raw_spatial_mlp,1391030,497540,v10,m s**-1,42.0,True,2.292315421533309,2.160775239599669,-0.13154018193363992,-0.06087638340302837,-0.0493506994008861,
mlp,19,raw,pinn_statistical:kl_entropy,joint,pinn_statistical,observed_reconstruction,mlp/pinn_statistical:kl_entropy/vs_raw,whole_model_comparison,matched,spatial_mlp,raw_spatial_mlp,1391030,497540,v10,m s**-1,48.0,True,2.3909970466347037,2.2707895411481918,-0.12020750548651193,-0.05293643611980481,-0.049347071764053396,
mlp,19,raw,pinn_statistical:kl_entropy,joint,pinn_statistical,observed_reconstruction,mlp/pinn_statistical:kl_entropy/vs_raw,whole_model_comparison,matched,spatial_mlp,raw_spatial_mlp,1391030,497540,v10,m s**-1,54.0,True,2.4768844496345634,2.3756092082894553,-0.10127524134510812,-0.042631271587817654,-0.046447888149648064,
mlp,19,raw,pinn_statistical:kl_entropy,joint,pinn_statistical,observed_reconstruction,mlp/pinn_statistical:kl_entropy/vs_raw,whole_model_comparison,matched,spatial_mlp,raw_spatial_mlp,1391030,497540,v10,m s**-1,60.0,True,2.553725189454347,2.468702307211416,-0.08502288224293109,-0.034440313842040604,-0.04345489353351417,
mlp,19,raw,pinn_statistical:kl_entropy,joint,pinn_statistical,observed_reconstruction,mlp/pinn_statistical:kl_entropy/vs_raw,whole_model_comparison,matched,spatial_mlp,raw_spatial_mlp,1391030,497540,v10,m s**-1,66.0,True,2.6158225226452427,2.545871193302088,-0.06995132934315462,-0.027476381965901853,-0.039850469659886256,
mlp,19,raw,pinn_statistical:kl_entropy,joint,pinn_statistical,observed_reconstruction,mlp/pinn_statistical:kl_entropy/vs_raw,whole_model_comparison,matched,spatial_mlp,raw_spatial_mlp,1391030,497540,v10,m s**-1,72.0,True,2.6673735009478534,2.6084175835078742,-0.05895591743997919,-0.022602177585650862,-0.03664110149126831,
mlp,19,raw,pinn_statistical:kl_entropy,joint,pinn_statistical,observed_reconstruction,mlp/pinn_statistical:kl_entropy/vs_raw,whole_model_comparison,matched,spatial_mlp,raw_spatial_mlp,1391030,497540,v10,m s**-1,78.0,True,2.7098723040159762,2.6680465136665297,-0.04182579034944656,-0.015676559660861455,-0.030161476680999166,
mlp,19,raw,pinn_statistical:kl_entropy,joint,pinn_statistical,observed_reconstruction,mlp/pinn_statistical:kl_entropy/vs_raw,whole_model_comparison,matched,spatial_mlp,raw_spatial_mlp,1391030,497540,v10,m s**-1,84.0,True,2.75099630909422,2.723443330195634,-0.02755297889858621,-0.01011696428308162,-0.024442692090409834,
mlp,19,raw,pinn_statistical:kl_entropy,joint,pinn_statistical,observed_reconstruction,mlp/pinn_statistical:kl_entropy/vs_raw,whole_model_comparison,matched,spatial_mlp,raw_spatial_mlp,1391030,497540,v10,m s**-1,90.0,True,2.782844566594363,2.7666441905348313,-0.016200376059531507,-0.005855605182247814,-0.019340387810133974,
mlp,19,raw,pinn_statistical:kl_entropy,joint,pinn_statistical,observed_reconstruction,mlp/pinn_statistical:kl_entropy/vs_raw,whole_model_comparison,matched,spatial_mlp,raw_spatial_mlp,1391030,497540,v10,m s**-1,96.0,True,2.810909266951533,2.8010659708442813,-0.009843296107251653,-0.0035141250544288294,-0.01614405405726238,
mlp,19,raw,pinn_statistical:kl_entropy,joint,pinn_statistical,observed_reconstruction,mlp/pinn_statistical:kl_entropy/vs_raw,whole_model_comparison,matched,spatial_mlp,raw_spatial_mlp,1391030,497540,v10,m s**-1,102.0,True,2.8318708383053237,2.83419279526748,0.002321956962156424,0.000819265706282768,-0.009374591100045127,
mlp,19,raw,pinn_statistical:kl_entropy,joint,pinn_statistical,observed_reconstruction,mlp/pinn_statistical:kl_entropy/vs_raw,whole_model_comparison,matched,spatial_mlp,raw_spatial_mlp,1391030,497540,v10,m s**-1,108.0,True,2.855895542379042,2.8668297690519124,0.010934226672870473,0.0038140481136716975,-0.004625651068648207,
mlp,19,raw,pinn_statistical:kl_entropy,joint,pinn_statistical,observed_reconstruction,mlp/pinn_statistical:kl_entropy/vs_raw,whole_model_comparison,matched,spatial_mlp,raw_spatial_mlp,1391030,497540,v10,m s**-1,114.0,True,2.873299662316309,2.8901509299786263,0.01685126766231715,0.005830583962769698,-0.0009312180645796864,
mlp,19,raw,pinn_statistical:kl_entropy,joint,pinn_statistical,observed_reconstruction,mlp/pinn_statistical:kl_entropy/vs_raw,whole_model_comparison,matched,spatial_mlp,raw_spatial_mlp,1391030,497540,v10,m s**-1,120.0,True,2.8898061266906927,2.9085464751448304,0.018740348454137745,0.0064432006207515435,0.0006566918234496288,
neural_ode,19,raw,pinn_statistical,joint,pinn_statistical,observed_reconstruction,neural_ode/pinn_statistical/vs_raw,whole_model_comparison,matched,spatial_neural_ode,raw_spatial_neural_ode,1391030,497540,msl,Pa,6.0,True,239.00264198901343,180.0388324519124,-58.963809537101014,-0.32750606485325884,-0.028771239831372086,
neural_ode,19,raw,pinn_statistical,joint,pinn_statistical,observed_reconstruction,neural_ode/pinn_statistical/vs_raw,whole_model_comparison,matched,spatial_neural_ode,raw_spatial_neural_ode,1391030,497540,msl,Pa,12.0,True,258.92400080844635,225.23797182328056,-33.68602898516579,-0.14955750450281768,-0.02253408010291147,
neural_ode,19,raw,pinn_statistical,joint,pinn_statistical,observed_reconstruction,neural_ode/pinn_statistical/vs_raw,whole_model_comparison,matched,spatial_neural_ode,raw_spatial_neural_ode,1391030,497540,msl,Pa,18.0,True,309.7487153201378,292.5985426364673,-17.15017268367052,-0.05861332229866356,-0.020649811687401765,
neural_ode,19,raw,pinn_statistical,joint,pinn_statistical,observed_reconstruction,neural_ode/pinn_statistical/vs_raw,whole_model_comparison,matched,spatial_neural_ode,raw_spatial_neural_ode,1391030,497540,msl,Pa,24.0,True,332.98875016197326,322.41725791993537,-10.571492242037891,-0.03278823320513147,-0.01920790008257478,
neural_ode,19,raw,pinn_statistical,joint,pinn_statistical,observed_reconstruction,neural_ode/pinn_statistical/vs_raw,whole_model_comparison,matched,spatial_neural_ode,raw_spatial_neural_ode,1391030,497540,msl,Pa,30.0,True,384.0188952496996,374.8306688419186,-9.188226407780974,-0.024513005929234666,-0.023394417513126653,
neural_ode,19,raw,pinn_statistical,joint,pinn_statistical,observed_reconstruction,neural_ode/pinn_statistical/vs_raw,whole_model_comparison,matched,spatial_neural_ode,raw_spatial_neural_ode,1391030,497540,msl,Pa,36.0,True,413.50737805674095,404.01791883973175,-9.489459217009198,-0.023487718674115365,-0.02586308580321961,
neural_ode,19,raw,pinn_statistical,joint,pinn_statistical,observed_reconstruction,neural_ode/pinn_statistical/vs_raw,whole_model_comparison,matched,spatial_neural_ode,raw_spatial_neural_ode,1391030,497540,msl,Pa,42.0,True,444.65575757382777,435.5309495537458,-9.124808020081957,-0.02095099792432986,-0.02792107301128588,
neural_ode,19,raw,pinn_statistical,joint,pinn_statistical,observed_reconstruction,neural_ode/pinn_statistical/vs_raw,whole_model_comparison,matched,spatial_neural_ode,raw_spatial_neural_ode,1391030,497540,msl,Pa,48.0,True,459.60150163725365,451.57991349277637,-8.021588144477278,-0.01776338562633084,-0.02572915468738579,
neural_ode,19,raw,pinn_statistical,joint,pinn_statistical,observed_reconstruction,neural_ode/pinn_statistical/vs_raw,whole_model_comparison,matched,spatial_neural_ode,raw_spatial_neural_ode,1391030,497540,msl,Pa,54.0,True,487.56294110733864,481.84838402864926,-5.714557078689381,-0.011859658075245472,-0.025338074796349863,
neural_ode,19,raw,pinn_statistical,joint,pinn_statistical,observed_reconstruction,neural_ode/pinn_statistical/vs_raw,whole_model_comparison,matched,spatial_neural_ode,raw_spatial_neural_ode,1391030,497540,msl,Pa,60.0,True,505.2241866835421,499.71512034677346,-5.509066336768626,-0.011024413935975419,-0.02529975740808388,
neural_ode,19,raw,pinn_statistical,joint,pinn_statistical,observed_reconstruction,neural_ode/pinn_statistical/vs_raw,whole_model_comparison,matched,spatial_neural_ode,raw_spatial_neural_ode,1391030,497540,msl,Pa,66.0,True,522.6567036354838,519.2867904199841,-3.369913215499764,-0.006489503060099544,-0.02299521379411762,
neural_ode,19,raw,pinn_statistical,joint,pinn_statistical,observed_reconstruction,neural_ode/pinn_statistical/vs_raw,whole_model_comparison,matched,spatial_neural_ode,raw_spatial_neural_ode,1391030,497540,msl,Pa,72.0,True,529.255840815475,527.7588561950586,-1.4969846204164696,-0.0028364936046911815,-0.017901589657433492,
neural_ode,19,raw,pinn_statistical,joint,pinn_statistical,observed_reconstruction,neural_ode/pinn_statistical/vs_raw,whole_model_comparison,matched,spatial_neural_ode,raw_spatial_neural_ode,1391030,497540,msl,Pa,78.0,True,546.4428365050665,548.796550192472,2.3537136874055022,0.004288863854155056,-0.013309286485446603,
neural_ode,19,raw,pinn_statistical,joint,pinn_statistical,observed_reconstruction,neural_ode/pinn_statistical/vs_raw,whole_model_comparison,matched,spatial_neural_ode,raw_spatial_neural_ode,1391030,497540,msl,Pa,84.0,True,557.0398196010326,559.8655338166031,2.8257142155705424,0.005047130149819501,-0.012053801112440587,
neural_ode,19,raw,pinn_statistical,joint,pinn_statistical,observed_reconstruction,neural_ode/pinn_statistical/vs_raw,whole_model_comparison,matched,spatial_neural_ode,raw_spatial_neural_ode,1391030,497540,msl,Pa,90.0,True,568.6451023830318,573.1876348857726,4.542532502740755,0.007925035758396981,-0.009265508550537871,
neural_ode,19,raw,pinn_statistical,joint,pinn_statistical,observed_reconstruction,neural_ode/pinn_statistical/vs_raw,whole_model_comparison,matched,spatial_neural_ode,raw_spatial_neural_ode,1391030,497540,msl,Pa,96.0,True,571.0684371420604,576.952727266753,5.884290124692598,0.010198912053971498,-0.004184451398835276,
neural_ode,19,raw,pinn_statistical,joint,pinn_statistical,observed_reconstruction,neural_ode/pinn_statistical/vs_raw,whole_model_comparison,matched,spatial_neural_ode,raw_spatial_neural_ode,1391030,497540,msl,Pa,102.0,True,583.7152096724188,592.6374353245823,8.922225652163434,0.015055116535587776,0.0003200605409390267,
neural_ode,19,raw,pinn_statistical,joint,pinn_statistical,observed_reconstruction,neural_ode/pinn_statistical/vs_raw,whole_model_comparison,matched,spatial_neural_ode,raw_spatial_neural_ode,1391030,497540,msl,Pa,108.0,True,590.6039404482065,599.0249088485565,8.420968400350034,0.0140577933838123,1.666651283804832e-05,
neural_ode,19,raw,pinn_statistical,joint,pinn_statistical,observed_reconstruction,neural_ode/pinn_statistical/vs_raw,whole_model_comparison,matched,spatial_neural_ode,raw_spatial_neural_ode,1391030,497540,msl,Pa,114.0,True,599.2493625450135,608.3232146354338,9.07385209042036,0.01491616935227158,0.0011751287273395472,
neural_ode,19,raw,pinn_statistical,joint,pinn_statistical,observed_reconstruction,neural_ode/pinn_statistical/vs_raw,whole_model_comparison,matched,spatial_neural_ode,raw_spatial_neural_ode,1391030,497540,msl,Pa,120.0,True,599.2808440085823,608.5995451147479,9.318701106165577,0.015311712243242903,0.0044008741156394415,
neural_ode,19,raw,pinn_statistical,joint,pinn_statistical,observed_reconstruction,neural_ode/pinn_statistical/vs_raw,whole_model_comparison,matched,spatial_neural_ode,raw_spatial_neural_ode,1391030,497540,t2m,K,6.0,True,2.7138572156630647,2.2789065710514045,-0.4349506446116602,-0.19085935778884955,-0.048360998762670304,
neural_ode,19,raw,pinn_statistical,joint,pinn_statistical,observed_reconstruction,neural_ode/pinn_statistical/vs_raw,whole_model_comparison,matched,spatial_neural_ode,raw_spatial_neural_ode,1391030,497540,t2m,K,12.0,True,3.1341452106384664,2.877735126392201,-0.2564100842462653,-0.0891013498409512,-0.03782230267072961,
neural_ode,19,raw,pinn_statistical,joint,pinn_statistical,observed_reconstruction,neural_ode/pinn_statistical/vs_raw,whole_model_comparison,matched,spatial_neural_ode,raw_spatial_neural_ode,1391030,497540,t2m,K,18.0,True,2.599699652093561,2.3877958458365938,-0.21190380625696736,-0.08874452421317636,-0.026959079005065667,
neural_ode,19,raw,pinn_statistical,joint,pinn_statistical,observed_reconstruction,neural_ode/pinn_statistical/vs_raw,whole_model_comparison,matched,spatial_neural_ode,raw_spatial_neural_ode,1391030,497540,t2m,K,24.0,True,1.8544290831619359,1.6461791962677375,-0.20824988689419843,-0.12650499251014002,-0.017577043819018368,
neural_ode,19,raw,pinn_statistical,joint,pinn_statistical,observed_reconstruction,neural_ode/pinn_statistical/vs_raw,whole_model_comparison,matched,spatial_neural_ode,raw_spatial_neural_ode,1391030,497540,t2m,K,30.0,True,2.622400965966454,2.454703119785756,-0.16769784618069794,-0.06831695646980496,-0.025716268366626438,
neural_ode,19,raw,pinn_statistical,joint,pinn_statistical,observed_reconstruction,neural_ode/pinn_statistical/vs_raw,whole_model_comparison,matched,spatial_neural_ode,raw_spatial_neural_ode,1391030,497540,t2m,K,36.0,True,3.079250372996153,2.9234578020799646,-0.15579257091618848,-0.0532905146793452,-0.027571306836953302,
neural_ode,19,raw,pinn_statistical,joint,pinn_statistical,observed_reconstruction,neural_ode/pinn_statistical/vs_raw,whole_model_comparison,matched,spatial_neural_ode,raw_spatial_neural_ode,1391030,497540,t2m,K,42.0,True,2.631936226711765,2.504115815853873,-0.12782041085789198,-0.05104412904892208,-0.019870655255878278,
neural_ode,19,raw,pinn_statistical,joint,pinn_statistical,observed_reconstruction,neural_ode/pinn_statistical/vs_raw,whole_model_comparison,matched,spatial_neural_ode,raw_spatial_neural_ode,1391030,497540,t2m,K,48.0,True,2.0009551646400907,1.9115693537397571,-0.0893858109003336,-0.04676043310982192,-0.011084986039614497,
neural_ode,19,raw,pinn_statistical,joint,pinn_statistical,observed_reconstruction,neural_ode/pinn_statistical/vs_raw,whole_model_comparison,matched,spatial_neural_ode,raw_spatial_neural_ode,1391030,497540,t2m,K,54.0,True,2.719446261368439,2.6024323588312432,-0.11701390253719568,-0.04496328296107821,-0.021602148097184637,
neural_ode,19,raw,pinn_statistical,joint,pinn_statistical,observed_reconstruction,neural_ode/pinn_statistical/vs_raw,whole_model_comparison,matched,spatial_neural_ode,raw_spatial_neural_ode,1391030,497540,t2m,K,60.0,True,3.1463219197358105,3.014413378099044,-0.13190854163676669,-0.043759274224012046,-0.024578154576715194,
neural_ode,19,raw,pinn_statistical,joint,pinn_statistical,observed_reconstruction,neural_ode/pinn_statistical/vs_raw,whole_model_comparison,matched,spatial_neural_ode,raw_spatial_neural_ode,1391030,497540,t2m,K,66.0,True,2.7267946507640564,2.6328124713725116,-0.09398217939154474,-0.035696495824691477,-0.01606411230354088,
neural_ode,19,raw,pinn_statistical,joint,pinn_statistical,observed_reconstruction,neural_ode/pinn_statistical/vs_raw,whole_model_comparison,matched,spatial_neural_ode,raw_spatial_neural_ode,1391030,497540,t2m,K,72.0,True,2.141640372972697,2.131292926933068,-0.010347446039629116,-0.004855008858176468,-0.004954930082554987,
neural_ode,19,raw,pinn_statistical,joint,pinn_statistical,observed_reconstruction,neural_ode/pinn_statistical/vs_raw,whole_model_comparison,matched,spatial_neural_ode,raw_spatial_neural_ode,1391030,497540,t2m,K,78.0,True,2.8117084693738708,2.743259646527474,-0.06844882284639686,-0.024951638439708823,-0.016537369013203462,
neural_ode,19,raw,pinn_statistical,joint,pinn_statistical,observed_reconstruction,neural_ode/pinn_statistical/vs_raw,whole_model_comparison,matched,spatial_neural_ode,raw_spatial_neural_ode,1391030,497540,t2m,K,84.0,True,3.2122351177017117,3.111966250330143,-0.10026886737156859,-0.03222042249363444,-0.02037638468859526,
neural_ode,19,raw,pinn_statistical,joint,pinn_statistical,observed_reconstruction,neural_ode/pinn_statistical/vs_raw,whole_model_comparison,matched,spatial_neural_ode,raw_spatial_neural_ode,1391030,497540,t2m,K,90.0,True,2.7972780051553334,2.7542283665367333,-0.04304963861860012,-0.015630380959561485,-0.010745102416957586,
neural_ode,19,raw,pinn_statistical,joint,pinn_statistical,observed_reconstruction,neural_ode/pinn_statistical/vs_raw,whole_model_comparison,matched,spatial_neural_ode,raw_spatial_neural_ode,1391030,497540,t2m,K,96.0,True,2.229931498104024,2.311677765674222,0.08174626757019787,0.03536231077879315,0.0022764212068813183,
neural_ode,19,raw,pinn_statistical,joint,pinn_statistical,observed_reconstruction,neural_ode/pinn_statistical/vs_raw,whole_model_comparison,matched,spatial_neural_ode,raw_spatial_neural_ode,1391030,497540,t2m,K,102.0,True,2.8757292711208464,2.878249954522321,0.0025206834014745993,0.0008757694575879382,-0.009637047479665317,
neural_ode,19,raw,pinn_statistical,joint,pinn_statistical,observed_reconstruction,neural_ode/pinn_statistical/vs_raw,whole_model_comparison,matched,spatial_neural_ode,raw_spatial_neural_ode,1391030,497540,t2m,K,108.0,True,3.2622234435684834,3.219652748656867,-0.04257069491161625,-0.01322213860776622,-0.014360394246564101,
neural_ode,19,raw,pinn_statistical,joint,pinn_statistical,observed_reconstruction,neural_ode/pinn_statistical/vs_raw,whole_model_comparison,matched,spatial_neural_ode,raw_spatial_neural_ode,1391030,497540,t2m,K,114.0,True,2.847473192276233,2.8762693882106705,0.028796195934437385,0.01001164774498109,-0.0047439685567135514,
neural_ode,19,raw,pinn_statistical,joint,pinn_statistical,observed_reconstruction,neural_ode/pinn_statistical/vs_raw,whole_model_comparison,matched,spatial_neural_ode,raw_spatial_neural_ode,1391030,497540,t2m,K,120.0,True,2.2917328494702014,2.4787467933336345,0.18701394386343306,0.07544697359423325,0.009498336683144926,
neural_ode,19,raw,pinn_statistical,joint,pinn_statistical,observed_reconstruction,neural_ode/pinn_statistical/vs_raw,whole_model_comparison,matched,spatial_neural_ode,raw_spatial_neural_ode,1391030,497540,u10,m s**-1,6.0,True,1.2881993050882627,0.8218074140548512,-0.4663918910334115,-0.5675196926396704,-0.05937899201474617,
neural_ode,19,raw,pinn_statistical,joint,pinn_statistical,observed_reconstruction,neural_ode/pinn_statistical/vs_raw,whole_model_comparison,matched,spatial_neural_ode,raw_spatial_neural_ode,1391030,497540,u10,m s**-1,12.0,True,1.4087846783352036,1.1260741283186781,-0.28271055001652545,-0.2510585608059708,-0.044758950022044774,
neural_ode,19,raw,pinn_statistical,joint,pinn_statistical,observed_reconstruction,neural_ode/pinn_statistical/vs_raw,whole_model_comparison,matched,spatial_neural_ode,raw_spatial_neural_ode,1391030,497540,u10,m s**-1,18.0,True,1.577008331175651,1.3686898732907589,-0.20831845788489223,-0.1522028196088201,-0.04045867093780442,
neural_ode,19,raw,pinn_statistical,joint,pinn_statistical,observed_reconstruction,neural_ode/pinn_statistical/vs_raw,whole_model_comparison,matched,spatial_neural_ode,raw_spatial_neural_ode,1391030,497540,u10,m s**-1,24.0,True,1.7091694995424747,1.5352546398183013,-0.1739148597241733,-0.11328079083008413,-0.03894464115617047,
neural_ode,19,raw,pinn_statistical,joint,pinn_statistical,observed_reconstruction,neural_ode/pinn_statistical/vs_raw,whole_model_comparison,matched,spatial_neural_ode,raw_spatial_neural_ode,1391030,497540,u10,m s**-1,30.0,True,1.8699788661283576,1.7285627707800963,-0.14141609534826127,-0.08181137401474903,-0.038234760218031405,
neural_ode,19,raw,pinn_statistical,joint,pinn_statistical,observed_reconstruction,neural_ode/pinn_statistical/vs_raw,whole_model_comparison,matched,spatial_neural_ode,raw_spatial_neural_ode,1391030,497540,u10,m s**-1,36.0,True,1.9934100438488995,1.8823651066023028,-0.1110449372465967,-0.05899224165232986,-0.03527616709073855,
neural_ode,19,raw,pinn_statistical,joint,pinn_statistical,observed_reconstruction,neural_ode/pinn_statistical/vs_raw,whole_model_comparison,matched,spatial_neural_ode,raw_spatial_neural_ode,1391030,497540,u10,m s**-1,42.0,True,2.105291405553461,2.0151664647683654,-0.09012494078509548,-0.0447233230409354,-0.03401504009953649,
neural_ode,19,raw,pinn_statistical,joint,pinn_statistical,observed_reconstruction,neural_ode/pinn_statistical/vs_raw,whole_model_comparison,matched,spatial_neural_ode,raw_spatial_neural_ode,1391030,497540,u10,m s**-1,48.0,True,2.1851536496123765,2.1105021800285195,-0.07465146958385693,-0.03537142500504231,-0.031978756836034905,
neural_ode,19,raw,pinn_statistical,joint,pinn_statistical,observed_reconstruction,neural_ode/pinn_statistical/vs_raw,whole_model_comparison,matched,spatial_neural_ode,raw_spatial_neural_ode,1391030,497540,u10,m s**-1,54.0,True,2.273548526597062,2.2183254109639945,-0.055223115633067366,-0.024894055380752178,-0.029643102066669647,
neural_ode,19,raw,pinn_statistical,joint,pinn_statistical,observed_reconstruction,neural_ode/pinn_statistical/vs_raw,whole_model_comparison,matched,spatial_neural_ode,raw_spatial_neural_ode,1391030,497540,u10,m s**-1,60.0,True,2.34084204566355,2.307209755359544,-0.03363229030400605,-0.01457704061188192,-0.024473549226840974,
neural_ode,19,raw,pinn_statistical,joint,pinn_statistical,observed_reconstruction,neural_ode/pinn_statistical/vs_raw,whole_model_comparison,matched,spatial_neural_ode,raw_spatial_neural_ode,1391030,497540,u10,m s**-1,66.0,True,2.4071914892024266,2.389440742326365,-0.017750746876061818,-0.007428829081896238,-0.021339964564786484,
neural_ode,19,raw,pinn_statistical,joint,pinn_statistical,observed_reconstruction,neural_ode/pinn_statistical/vs_raw,whole_model_comparison,matched,spatial_neural_ode,raw_spatial_neural_ode,1391030,497540,u10,m s**-1,72.0,True,2.4487149217467237,2.4423497198860424,-0.0063652018606812355,-0.0026061795363925278,-0.017793105452774904,
neural_ode,19,raw,pinn_statistical,joint,pinn_statistical,observed_reconstruction,neural_ode/pinn_statistical/vs_raw,whole_model_comparison,matched,spatial_neural_ode,raw_spatial_neural_ode,1391030,497540,u10,m s**-1,78.0,True,2.5000453122312654,2.509019048326183,0.008973736094917584,0.0035765914574877877,-0.014014044342469112,
neural_ode,19,raw,pinn_statistical,joint,pinn_statistical,observed_reconstruction,neural_ode/pinn_statistical/vs_raw,whole_model_comparison,matched,spatial_neural_ode,raw_spatial_neural_ode,1391030,497540,u10,m s**-1,84.0,True,2.536381332950625,2.5600207486568527,0.02363941570622785,0.0092340719186087,-0.008443445090780433,
neural_ode,19,raw,pinn_statistical,joint,pinn_statistical,observed_reconstruction,neural_ode/pinn_statistical/vs_raw,whole_model_comparison,matched,spatial_neural_ode,raw_spatial_neural_ode,1391030,497540,u10,m s**-1,90.0,True,2.579972131312212,2.6116284415337785,0.031656310221566564,0.012121291726695738,-0.006427425208733295,
neural_ode,19,raw,pinn_statistical,joint,pinn_statistical,observed_reconstruction,neural_ode/pinn_statistical/vs_raw,whole_model_comparison,matched,spatial_neural_ode,raw_spatial_neural_ode,1391030,497540,u10,m s**-1,96.0,True,2.6018391395706484,2.638251935405842,0.036412795835193634,0.013801864540124886,-0.004061440553352114,
neural_ode,19,raw,pinn_statistical,joint,pinn_statistical,observed_reconstruction,neural_ode/pinn_statistical/vs_raw,whole_model_comparison,matched,spatial_neural_ode,raw_spatial_neural_ode,1391030,497540,u10,m s**-1,102.0,True,2.635709427489605,2.6814012238911165,0.04569179640151155,0.017040268347161325,-0.0013750402579172927,
neural_ode,19,raw,pinn_statistical,joint,pinn_statistical,observed_reconstruction,neural_ode/pinn_statistical/vs_raw,whole_model_comparison,matched,spatial_neural_ode,raw_spatial_neural_ode,1391030,497540,u10,m s**-1,108.0,True,2.65671330364134,2.7102666490629987,0.05355334542165879,0.019759437854638184,0.002864607134851538,
neural_ode,19,raw,pinn_statistical,joint,pinn_statistical,observed_reconstruction,neural_ode/pinn_statistical/vs_raw,whole_model_comparison,matched,spatial_neural_ode,raw_spatial_neural_ode,1391030,497540,u10,m s**-1,114.0,True,2.688073943026337,2.7437268207135466,0.05565287768720939,0.020283680309228447,0.0031450301173270856,
neural_ode,19,raw,pinn_statistical,joint,pinn_statistical,observed_reconstruction,neural_ode/pinn_statistical/vs_raw,whole_model_comparison,matched,spatial_neural_ode,raw_spatial_neural_ode,1391030,497540,u10,m s**-1,120.0,True,2.6993410480360773,2.75496120990548,0.05562016186940255,0.020189090746330574,0.004034684728192461,
neural_ode,19,raw,pinn_statistical,joint,pinn_statistical,observed_reconstruction,neural_ode/pinn_statistical/vs_raw,whole_model_comparison,matched,spatial_neural_ode,raw_spatial_neural_ode,1391030,497540,v10,m s**-1,6.0,True,1.3983319354911816,0.8993411345658182,-0.4989908009253634,-0.5548404067676334,-0.06544005641653627,
neural_ode,19,raw,pinn_statistical,joint,pinn_statistical,observed_reconstruction,neural_ode/pinn_statistical/vs_raw,whole_model_comparison,matched,spatial_neural_ode,raw_spatial_neural_ode,1391030,497540,v10,m s**-1,12.0,True,1.5235664748798896,1.244977860099599,-0.2785886147802905,-0.22376993495932784,-0.046364526513750226,
neural_ode,19,raw,pinn_statistical,joint,pinn_statistical,observed_reconstruction,neural_ode/pinn_statistical/vs_raw,whole_model_comparison,matched,spatial_neural_ode,raw_spatial_neural_ode,1391030,497540,v10,m s**-1,18.0,True,1.702632943953339,1.501176877726207,-0.20145606622713208,-0.1341987538019318,-0.04210799122680042,
neural_ode,19,raw,pinn_statistical,joint,pinn_statistical,observed_reconstruction,neural_ode/pinn_statistical/vs_raw,whole_model_comparison,matched,spatial_neural_ode,raw_spatial_neural_ode,1391030,497540,v10,m s**-1,24.0,True,1.8650316611589384,1.6936241824656209,-0.17140747869331752,-0.10120750545955137,-0.04296606032916761,
neural_ode,19,raw,pinn_statistical,joint,pinn_statistical,observed_reconstruction,neural_ode/pinn_statistical/vs_raw,whole_model_comparison,matched,spatial_neural_ode,raw_spatial_neural_ode,1391030,497540,v10,m s**-1,30.0,True,2.032172768517616,1.8889109936901374,-0.14326177482747848,-0.07584358146362691,-0.044080435845458954,
neural_ode,19,raw,pinn_statistical,joint,pinn_statistical,observed_reconstruction,neural_ode/pinn_statistical/vs_raw,whole_model_comparison,matched,spatial_neural_ode,raw_spatial_neural_ode,1391030,497540,v10,m s**-1,36.0,True,2.1760103765348866,2.0492183071390904,-0.12679206939579624,-0.06187338311105095,-0.04578401433631507,
neural_ode,19,raw,pinn_statistical,joint,pinn_statistical,observed_reconstruction,neural_ode/pinn_statistical/vs_raw,whole_model_comparison,matched,spatial_neural_ode,raw_spatial_neural_ode,1391030,497540,v10,m s**-1,42.0,True,2.2964144134919064,2.182969184311154,-0.11344522918075262,-0.05196831453053741,-0.04692729029706011,
neural_ode,19,raw,pinn_statistical,joint,pinn_statistical,observed_reconstruction,neural_ode/pinn_statistical/vs_raw,whole_model_comparison,matched,spatial_neural_ode,raw_spatial_neural_ode,1391030,497540,v10,m s**-1,48.0,True,2.3948014245804745,2.290278371869762,-0.1045230527107126,-0.04563770674976109,-0.047424088409011245,
neural_ode,19,raw,pinn_statistical,joint,pinn_statistical,observed_reconstruction,neural_ode/pinn_statistical/vs_raw,whole_model_comparison,matched,spatial_neural_ode,raw_spatial_neural_ode,1391030,497540,v10,m s**-1,54.0,True,2.482461243348807,2.3927311347236526,-0.08973010862515451,-0.037501124686755816,-0.04597899009447326,
neural_ode,19,raw,pinn_statistical,joint,pinn_statistical,observed_reconstruction,neural_ode/pinn_statistical/vs_raw,whole_model_comparison,matched,spatial_neural_ode,raw_spatial_neural_ode,1391030,497540,v10,m s**-1,60.0,True,2.5588239863595317,2.4834068170558528,-0.07541716930367892,-0.030368431295959786,-0.0435804395586058,
neural_ode,19,raw,pinn_statistical,joint,pinn_statistical,observed_reconstruction,neural_ode/pinn_statistical/vs_raw,whole_model_comparison,matched,spatial_neural_ode,raw_spatial_neural_ode,1391030,497540,v10,m s**-1,66.0,True,2.6200221826742043,2.559346849509687,-0.06067533316451712,-0.023707350637582003,-0.040031315159710146,
neural_ode,19,raw,pinn_statistical,joint,pinn_statistical,observed_reconstruction,neural_ode/pinn_statistical/vs_raw,whole_model_comparison,matched,spatial_neural_ode,raw_spatial_neural_ode,1391030,497540,v10,m s**-1,72.0,True,2.6700562945728934,2.620209138885873,-0.04984715568702036,-0.019024113360743167,-0.036625902604296545,
neural_ode,19,raw,pinn_statistical,joint,pinn_statistical,observed_reconstruction,neural_ode/pinn_statistical/vs_raw,whole_model_comparison,matched,spatial_neural_ode,raw_spatial_neural_ode,1391030,497540,v10,m s**-1,78.0,True,2.7123690885848246,2.6787834841089175,-0.03358560447590708,-0.012537633099182433,-0.030610575947278396,
neural_ode,19,raw,pinn_statistical,joint,pinn_statistical,observed_reconstruction,neural_ode/pinn_statistical/vs_raw,whole_model_comparison,matched,spatial_neural_ode,raw_spatial_neural_ode,1391030,497540,v10,m s**-1,84.0,True,2.7520698623560174,2.7333631208824114,-0.01870674147360596,-0.0068438552238778705,-0.024562759165606296,
neural_ode,19,raw,pinn_statistical,joint,pinn_statistical,observed_reconstruction,neural_ode/pinn_statistical/vs_raw,whole_model_comparison,matched,spatial_neural_ode,raw_spatial_neural_ode,1391030,497540,v10,m s**-1,90.0,True,2.782581589213138,2.7763791680476384,-0.0062024211654994055,-0.002233996435674568,-0.018774866148877745,
neural_ode,19,raw,pinn_statistical,joint,pinn_statistical,observed_reconstruction,neural_ode/pinn_statistical/vs_raw,whole_model_comparison,matched,spatial_neural_ode,raw_spatial_neural_ode,1391030,497540,v10,m s**-1,96.0,True,2.8094444300226917,2.81006303561159,0.0006186055888983688,0.00022013939938669846,-0.015073424403249158,
neural_ode,19,raw,pinn_statistical,joint,pinn_statistical,observed_reconstruction,neural_ode/pinn_statistical/vs_raw,whole_model_comparison,matched,spatial_neural_ode,raw_spatial_neural_ode,1391030,497540,v10,m s**-1,102.0,True,2.8308716369539453,2.8426501841214877,0.011778547167542452,0.004143509191998129,-0.008845851400779148,
neural_ode,19,raw,pinn_statistical,joint,pinn_statistical,observed_reconstruction,neural_ode/pinn_statistical/vs_raw,whole_model_comparison,matched,spatial_neural_ode,raw_spatial_neural_ode,1391030,497540,v10,m s**-1,108.0,True,2.8540594377731905,2.8751267744540994,0.021067336680908877,0.0073274461731897,-0.003625530914138586,
neural_ode,19,raw,pinn_statistical,joint,pinn_statistical,observed_reconstruction,neural_ode/pinn_statistical/vs_raw,whole_model_comparison,matched,spatial_neural_ode,raw_spatial_neural_ode,1391030,497540,v10,m s**-1,114.0,True,2.870964457150186,2.8983721394675435,0.027407682317357462,0.009456233015817106,0.00040984008201050415,
neural_ode,19,raw,pinn_statistical,joint,pinn_statistical,observed_reconstruction,neural_ode/pinn_statistical/vs_raw,whole_model_comparison,matched,spatial_neural_ode,raw_spatial_neural_ode,1391030,497540,v10,m s**-1,120.0,True,2.887494266108838,2.916479252470069,0.028984986361231257,0.00993834821100914,0.001933826419434792,
neural_ode,19,raw,pinn_statistical:kl_entropy,joint,pinn_statistical,observed_reconstruction,neural_ode/pinn_statistical:kl_entropy/vs_raw,whole_model_comparison,matched,spatial_neural_ode,raw_spatial_neural_ode,1391030,497540,msl,Pa,6.0,True,237.25380114133455,180.0388324519124,-57.214968689422136,-0.31779237795659454,-0.028001305700904533,
neural_ode,19,raw,pinn_statistical:kl_entropy,joint,pinn_statistical,observed_reconstruction,neural_ode/pinn_statistical:kl_entropy/vs_raw,whole_model_comparison,matched,spatial_neural_ode,raw_spatial_neural_ode,1391030,497540,msl,Pa,12.0,True,256.2962852852618,225.23797182328056,-31.058313461981214,-0.13789110783837666,-0.021149512405902016,
neural_ode,19,raw,pinn_statistical:kl_entropy,joint,pinn_statistical,observed_reconstruction,neural_ode/pinn_statistical:kl_entropy/vs_raw,whole_model_comparison,matched,spatial_neural_ode,raw_spatial_neural_ode,1391030,497540,msl,Pa,18.0,True,306.3538304217387,292.5985426364673,-13.755287785271378,-0.047010787071353644,-0.018801106828774894,
neural_ode,19,raw,pinn_statistical:kl_entropy,joint,pinn_statistical,observed_reconstruction,neural_ode/pinn_statistical:kl_entropy/vs_raw,whole_model_comparison,matched,spatial_neural_ode,raw_spatial_neural_ode,1391030,497540,msl,Pa,24.0,True,328.1834271511304,322.41725791993537,-5.766169231195022,-0.017884182963391115,-0.015436364022789362,
neural_ode,19,raw,pinn_statistical:kl_entropy,joint,pinn_statistical,observed_reconstruction,neural_ode/pinn_statistical:kl_entropy/vs_raw,whole_model_comparison,matched,spatial_neural_ode,raw_spatial_neural_ode,1391030,497540,msl,Pa,30.0,True,378.99667665451966,374.8306688419186,-4.166007812601038,-0.011114372859276411,-0.019246604487070385,
neural_ode,19,raw,pinn_statistical:kl_entropy,joint,pinn_statistical,observed_reconstruction,neural_ode/pinn_statistical:kl_entropy/vs_raw,whole_model_comparison,matched,spatial_neural_ode,raw_spatial_neural_ode,1391030,497540,msl,Pa,36.0,True,407.76451605918777,404.01791883973175,-3.746597219456021,-0.009273344187840982,-0.020448050424265674,
neural_ode,19,raw,pinn_statistical:kl_entropy,joint,pinn_statistical,observed_reconstruction,neural_ode/pinn_statistical:kl_entropy/vs_raw,whole_model_comparison,matched,spatial_neural_ode,raw_spatial_neural_ode,1391030,497540,msl,Pa,42.0,True,440.0489466098311,435.5309495537458,-4.517997056085278,-0.010373538460847653,-0.0234034322537765,
neural_ode,19,raw,pinn_statistical:kl_entropy,joint,pinn_statistical,observed_reconstruction,neural_ode/pinn_statistical:kl_entropy/vs_raw,whole_model_comparison,matched,spatial_neural_ode,raw_spatial_neural_ode,1391030,497540,msl,Pa,48.0,True,456.2250624603416,451.57991349277637,-4.645148967565206,-0.01028643841050636,-0.02227308862684907,
neural_ode,19,raw,pinn_statistical:kl_entropy,joint,pinn_statistical,observed_reconstruction,neural_ode/pinn_statistical:kl_entropy/vs_raw,whole_model_comparison,matched,spatial_neural_ode,raw_spatial_neural_ode,1391030,497540,msl,Pa,54.0,True,485.595000516216,481.84838402864926,-3.746616487566712,-0.007775509084915644,-0.023645521056082974,
neural_ode,19,raw,pinn_statistical:kl_entropy,joint,pinn_statistical,observed_reconstruction,neural_ode/pinn_statistical:kl_entropy/vs_raw,whole_model_comparison,matched,spatial_neural_ode,raw_spatial_neural_ode,1391030,497540,msl,Pa,60.0,True,504.9159965253989,499.71512034677346,-5.200876178625435,-0.010407682231060589,-0.025839557602999497,
neural_ode,19,raw,pinn_statistical:kl_entropy,joint,pinn_statistical,observed_reconstruction,neural_ode/pinn_statistical:kl_entropy/vs_raw,whole_model_comparison,matched,spatial_neural_ode,raw_spatial_neural_ode,1391030,497540,msl,Pa,66.0,True,523.9221023449901,519.2867904199841,-4.635311925006022,-0.008926304328398471,-0.025656120609961253,
neural_ode,19,raw,pinn_statistical:kl_entropy,joint,pinn_statistical,observed_reconstruction,neural_ode/pinn_statistical:kl_entropy/vs_raw,whole_model_comparison,matched,spatial_neural_ode,raw_spatial_neural_ode,1391030,497540,msl,Pa,72.0,True,532.3132707230241,527.7588561950586,-4.554414527965491,-0.008629726388299952,-0.023474630638352756,
neural_ode,19,raw,pinn_statistical:kl_entropy,joint,pinn_statistical,observed_reconstruction,neural_ode/pinn_statistical:kl_entropy/vs_raw,whole_model_comparison,matched,spatial_neural_ode,raw_spatial_neural_ode,1391030,497540,msl,Pa,78.0,True,551.0142907435,548.796550192472,-2.2177405510281005,-0.004041097835346008,-0.02129027269635697,
neural_ode,19,raw,pinn_statistical:kl_entropy,joint,pinn_statistical,observed_reconstruction,neural_ode/pinn_statistical:kl_entropy/vs_raw,whole_model_comparison,matched,spatial_neural_ode,raw_spatial_neural_ode,1391030,497540,msl,Pa,84.0,True,562.7088758069873,559.8655338166031,-2.843341990384147,-0.0050786158794255964,-0.022048993971810593,
neural_ode,19,raw,pinn_statistical:kl_entropy,joint,pinn_statistical,observed_reconstruction,neural_ode/pinn_statistical:kl_entropy/vs_raw,whole_model_comparison,matched,spatial_neural_ode,raw_spatial_neural_ode,1391030,497540,msl,Pa,90.0,True,575.6690304307814,573.1876348857726,-2.4813955450088088,-0.004329115622850654,-0.02155599984740364,
neural_ode,19,raw,pinn_statistical:kl_entropy,joint,pinn_statistical,observed_reconstruction,neural_ode/pinn_statistical:kl_entropy/vs_raw,whole_model_comparison,matched,spatial_neural_ode,raw_spatial_neural_ode,1391030,497540,msl,Pa,96.0,True,578.5980352675283,576.952727266753,-1.6453080007753442,-0.0028517206402156603,-0.01799836056927029,
neural_ode,19,raw,pinn_statistical:kl_entropy,joint,pinn_statistical,observed_reconstruction,neural_ode/pinn_statistical:kl_entropy/vs_raw,whole_model_comparison,matched,spatial_neural_ode,raw_spatial_neural_ode,1391030,497540,msl,Pa,102.0,True,592.2886297423121,592.6374353245823,0.3488055822701881,0.0005885648821343237,-0.015309415214574962,
neural_ode,19,raw,pinn_statistical:kl_entropy,joint,pinn_statistical,observed_reconstruction,neural_ode/pinn_statistical:kl_entropy/vs_raw,whole_model_comparison,matched,spatial_neural_ode,raw_spatial_neural_ode,1391030,497540,msl,Pa,108.0,True,599.0201339374145,599.0249088485565,0.004774911142021665,7.971139549423079e-06,-0.015509604232273877,
neural_ode,19,raw,pinn_statistical:kl_entropy,joint,pinn_statistical,observed_reconstruction,neural_ode/pinn_statistical:kl_entropy/vs_raw,whole_model_comparison,matched,spatial_neural_ode,raw_spatial_neural_ode,1391030,497540,msl,Pa,114.0,True,608.4453261291104,608.3232146354338,-0.12211149367658436,-0.00020073456139546586,-0.015596121481149305,
neural_ode,19,raw,pinn_statistical:kl_entropy,joint,pinn_statistical,observed_reconstruction,neural_ode/pinn_statistical:kl_entropy/vs_raw,whole_model_comparison,matched,spatial_neural_ode,raw_spatial_neural_ode,1391030,497540,msl,Pa,120.0,True,608.2683278695563,608.5995451147479,0.331217245191624,0.0005442285454373419,-0.012657217261017817,
neural_ode,19,raw,pinn_statistical:kl_entropy,joint,pinn_statistical,observed_reconstruction,neural_ode/pinn_statistical:kl_entropy/vs_raw,whole_model_comparison,matched,spatial_neural_ode,raw_spatial_neural_ode,1391030,497540,t2m,K,6.0,True,2.5929488727597803,2.2789065710514045,-0.31404230170837577,-0.1378039388264558,-0.04037012416081942,
neural_ode,19,raw,pinn_statistical:kl_entropy,joint,pinn_statistical,observed_reconstruction,neural_ode/pinn_statistical:kl_entropy/vs_raw,whole_model_comparison,matched,spatial_neural_ode,raw_spatial_neural_ode,1391030,497540,t2m,K,12.0,True,3.034803221695703,2.877735126392201,-0.15706809530350174,-0.05458045595058536,-0.02733747837200362,
neural_ode,19,raw,pinn_statistical:kl_entropy,joint,pinn_statistical,observed_reconstruction,neural_ode/pinn_statistical:kl_entropy/vs_raw,whole_model_comparison,matched,spatial_neural_ode,raw_spatial_neural_ode,1391030,497540,t2m,K,18.0,True,2.4740858502622207,2.3877958458365938,-0.08629000442562695,-0.036137932217314095,-0.01582300041659701,
neural_ode,19,raw,pinn_statistical:kl_entropy,joint,pinn_statistical,observed_reconstruction,neural_ode/pinn_statistical:kl_entropy/vs_raw,whole_model_comparison,matched,spatial_neural_ode,raw_spatial_neural_ode,1391030,497540,t2m,K,24.0,True,1.6868035683787403,1.6461791962677375,-0.04062437211100289,-0.02467797685884232,-0.008103124094569036,
neural_ode,19,raw,pinn_statistical:kl_entropy,joint,pinn_statistical,observed_reconstruction,neural_ode/pinn_statistical:kl_entropy/vs_raw,whole_model_comparison,matched,spatial_neural_ode,raw_spatial_neural_ode,1391030,497540,t2m,K,30.0,True,2.5302250668523634,2.454703119785756,-0.07552194706660753,-0.030766224419513044,-0.017574329877554695,
neural_ode,19,raw,pinn_statistical:kl_entropy,joint,pinn_statistical,observed_reconstruction,neural_ode/pinn_statistical:kl_entropy/vs_raw,whole_model_comparison,matched,spatial_neural_ode,raw_spatial_neural_ode,1391030,497540,t2m,K,36.0,True,3.0091619943370422,2.9234578020799646,-0.0857041922570776,-0.029316035345576585,-0.021290391019943566,
neural_ode,19,raw,pinn_statistical:kl_entropy,joint,pinn_statistical,observed_reconstruction,neural_ode/pinn_statistical:kl_entropy/vs_raw,whole_model_comparison,matched,spatial_neural_ode,raw_spatial_neural_ode,1391030,497540,t2m,K,42.0,True,2.5257789093382215,2.504115815853873,-0.021663093484348472,-0.008650995032736475,-0.010070723205369059,
neural_ode,19,raw,pinn_statistical:kl_entropy,joint,pinn_statistical,observed_reconstruction,neural_ode/pinn_statistical:kl_entropy/vs_raw,whole_model_comparison,matched,spatial_neural_ode,raw_spatial_neural_ode,1391030,497540,t2m,K,48.0,True,1.8501046958939231,1.9115693537397571,0.06146465784583399,0.0321540297377052,-0.00043373568992299827,
neural_ode,19,raw,pinn_statistical:kl_entropy,joint,pinn_statistical,observed_reconstruction,neural_ode/pinn_statistical:kl_entropy/vs_raw,whole_model_comparison,matched,spatial_neural_ode,raw_spatial_neural_ode,1391030,497540,t2m,K,54.0,True,2.637742256385054,2.6024323588312432,-0.03530989755381064,-0.01356803662311834,-0.01379815892374825,
neural_ode,19,raw,pinn_statistical:kl_entropy,joint,pinn_statistical,observed_reconstruction,neural_ode/pinn_statistical:kl_entropy/vs_raw,whole_model_comparison,matched,spatial_neural_ode,raw_spatial_neural_ode,1391030,497540,t2m,K,60.0,True,3.095251916783707,3.014413378099044,-0.08083853868466306,-0.026817336756792765,-0.02090170352248988,
neural_ode,19,raw,pinn_statistical:kl_entropy,joint,pinn_statistical,observed_reconstruction,neural_ode/pinn_statistical:kl_entropy/vs_raw,whole_model_comparison,matched,spatial_neural_ode,raw_spatial_neural_ode,1391030,497540,t2m,K,66.0,True,2.646907276964017,2.6328124713725116,-0.014094805591505555,-0.005353516722046647,-0.009093401968227277,
neural_ode,19,raw,pinn_statistical:kl_entropy,joint,pinn_statistical,observed_reconstruction,neural_ode/pinn_statistical:kl_entropy/vs_raw,whole_model_comparison,matched,spatial_neural_ode,raw_spatial_neural_ode,1391030,497540,t2m,K,72.0,True,2.0359013725249673,2.131292926933068,0.09539155440810054,0.04475759910927357,0.002648096010846257,
neural_ode,19,raw,pinn_statistical:kl_entropy,joint,pinn_statistical,observed_reconstruction,neural_ode/pinn_statistical:kl_entropy/vs_raw,whole_model_comparison,matched,spatial_neural_ode,raw_spatial_neural_ode,1391030,497540,t2m,K,78.0,True,2.75372229708429,2.743259646527474,-0.010462650556815944,-0.0038139483333485824,-0.010780444557710767,
neural_ode,19,raw,pinn_statistical:kl_entropy,joint,pinn_statistical,observed_reconstruction,neural_ode/pinn_statistical:kl_entropy/vs_raw,whole_model_comparison,matched,spatial_neural_ode,raw_spatial_neural_ode,1391030,497540,t2m,K,84.0,True,3.1784671969516536,3.111966250330143,-0.06650094662151051,-0.021369430537511613,-0.018378221129113692,
neural_ode,19,raw,pinn_statistical:kl_entropy,joint,pinn_statistical,observed_reconstruction,neural_ode/pinn_statistical:kl_entropy/vs_raw,whole_model_comparison,matched,spatial_neural_ode,raw_spatial_neural_ode,1391030,497540,t2m,K,90.0,True,2.7434849039114484,2.7542283665367333,0.010743462625284916,0.0039007159884836273,-0.006556743555068523,
neural_ode,19,raw,pinn_statistical:kl_entropy,joint,pinn_statistical,observed_reconstruction,neural_ode/pinn_statistical:kl_entropy/vs_raw,whole_model_comparison,matched,spatial_neural_ode,raw_spatial_neural_ode,1391030,497540,t2m,K,96.0,True,2.169549404569154,2.311677765674222,0.14212836110506766,0.06148277377388478,0.005652281705562756,
neural_ode,19,raw,pinn_statistical:kl_entropy,joint,pinn_statistical,observed_reconstruction,neural_ode/pinn_statistical:kl_entropy/vs_raw,whole_model_comparison,matched,spatial_neural_ode,raw_spatial_neural_ode,1391030,497540,t2m,K,102.0,True,2.8403711049769136,2.878249954522321,0.037878849545407434,0.013160375278002512,-0.006147075804548541,
neural_ode,19,raw,pinn_statistical:kl_entropy,joint,pinn_statistical,observed_reconstruction,neural_ode/pinn_statistical:kl_entropy/vs_raw,whole_model_comparison,matched,spatial_neural_ode,raw_spatial_neural_ode,1391030,497540,t2m,K,108.0,True,3.2392012520842632,3.219652748656867,-0.019548503427396113,-0.006071618573012527,-0.012955187807972224,
neural_ode,19,raw,pinn_statistical:kl_entropy,joint,pinn_statistical,observed_reconstruction,neural_ode/pinn_statistical:kl_entropy/vs_raw,whole_model_comparison,matched,spatial_neural_ode,raw_spatial_neural_ode,1391030,497540,t2m,K,114.0,True,2.8124021789834655,2.8762693882106705,0.06386720922720501,0.022204877432199344,-0.0025866303278154756,
neural_ode,19,raw,pinn_statistical:kl_entropy,joint,pinn_statistical,observed_reconstruction,neural_ode/pinn_statistical:kl_entropy/vs_raw,whole_model_comparison,matched,spatial_neural_ode,raw_spatial_neural_ode,1391030,497540,t2m,K,120.0,True,2.2679288572928566,2.4787467933336345,0.2108179360407778,0.08505021029487703,0.008847571114514952,
neural_ode,19,raw,pinn_statistical:kl_entropy,joint,pinn_statistical,observed_reconstruction,neural_ode/pinn_statistical:kl_entropy/vs_raw,whole_model_comparison,matched,spatial_neural_ode,raw_spatial_neural_ode,1391030,497540,u10,m s**-1,6.0,True,1.2429388693677448,0.8218074140548512,-0.42113145531289353,-0.5124454319960483,-0.05131521026384389,
neural_ode,19,raw,pinn_statistical:kl_entropy,joint,pinn_statistical,observed_reconstruction,neural_ode/pinn_statistical:kl_entropy/vs_raw,whole_model_comparison,matched,spatial_neural_ode,raw_spatial_neural_ode,1391030,497540,u10,m s**-1,12.0,True,1.372186324261781,1.1260741283186781,-0.24611219594310296,-0.21855772169330345,-0.037877234283581696,
neural_ode,19,raw,pinn_statistical:kl_entropy,joint,pinn_statistical,observed_reconstruction,neural_ode/pinn_statistical:kl_entropy/vs_raw,whole_model_comparison,matched,spatial_neural_ode,raw_spatial_neural_ode,1391030,497540,u10,m s**-1,18.0,True,1.5454488520809417,1.3686898732907589,-0.17675897879018287,-0.1291446530288114,-0.03367135843894986,
neural_ode,19,raw,pinn_statistical:kl_entropy,joint,pinn_statistical,observed_reconstruction,neural_ode/pinn_statistical:kl_entropy/vs_raw,whole_model_comparison,matched,spatial_neural_ode,raw_spatial_neural_ode,1391030,497540,u10,m s**-1,24.0,True,1.6830698155444495,1.5352546398183013,-0.1478151757261481,-0.09628055951919623,-0.03287585967597606,
neural_ode,19,raw,pinn_statistical:kl_entropy,joint,pinn_statistical,observed_reconstruction,neural_ode/pinn_statistical:kl_entropy/vs_raw,whole_model_comparison,matched,spatial_neural_ode,raw_spatial_neural_ode,1391030,497540,u10,m s**-1,30.0,True,1.842754139014124,1.7285627707800963,-0.11419136823402765,-0.0660614529968695,-0.030769438918443748,
neural_ode,19,raw,pinn_statistical:kl_entropy,joint,pinn_statistical,observed_reconstruction,neural_ode/pinn_statistical:kl_entropy/vs_raw,whole_model_comparison,matched,spatial_neural_ode,raw_spatial_neural_ode,1391030,497540,u10,m s**-1,36.0,True,1.9704445639028125,1.8823651066023028,-0.0880794573005097,-0.046791909280285315,-0.028144367581222962,
neural_ode,19,raw,pinn_statistical:kl_entropy,joint,pinn_statistical,observed_reconstruction,neural_ode/pinn_statistical:kl_entropy/vs_raw,whole_model_comparison,matched,spatial_neural_ode,raw_spatial_neural_ode,1391030,497540,u10,m s**-1,42.0,True,2.081254693284363,2.0151664647683654,-0.06608822851599783,-0.03279541897477656,-0.025442644374629397,
neural_ode,19,raw,pinn_statistical:kl_entropy,joint,pinn_statistical,observed_reconstruction,neural_ode/pinn_statistical:kl_entropy/vs_raw,whole_model_comparison,matched,spatial_neural_ode,raw_spatial_neural_ode,1391030,497540,u10,m s**-1,48.0,True,2.1663963982056265,2.1105021800285195,-0.055894218177106936,-0.026483847638741453,-0.02448779730728512,
neural_ode,19,raw,pinn_statistical:kl_entropy,joint,pinn_statistical,observed_reconstruction,neural_ode/pinn_statistical:kl_entropy/vs_raw,whole_model_comparison,matched,spatial_neural_ode,raw_spatial_neural_ode,1391030,497540,u10,m s**-1,54.0,True,2.2552636739702248,2.2183254109639945,-0.036938263006230265,-0.01665141769718015,-0.020997290930936496,
neural_ode,19,raw,pinn_statistical:kl_entropy,joint,pinn_statistical,observed_reconstruction,neural_ode/pinn_statistical:kl_entropy/vs_raw,whole_model_comparison,matched,spatial_neural_ode,raw_spatial_neural_ode,1391030,497540,u10,m s**-1,60.0,True,2.3294515057832967,2.307209755359544,-0.02224175042375265,-0.009640107654748764,-0.017461986480197145,
neural_ode,19,raw,pinn_statistical:kl_entropy,joint,pinn_statistical,observed_reconstruction,neural_ode/pinn_statistical:kl_entropy/vs_raw,whole_model_comparison,matched,spatial_neural_ode,raw_spatial_neural_ode,1391030,497540,u10,m s**-1,66.0,True,2.397167610761316,2.389440742326365,-0.007726868434950962,-0.0032337560409336774,-0.013531759658722109,
neural_ode,19,raw,pinn_statistical:kl_entropy,joint,pinn_statistical,observed_reconstruction,neural_ode/pinn_statistical:kl_entropy/vs_raw,whole_model_comparison,matched,spatial_neural_ode,raw_spatial_neural_ode,1391030,497540,u10,m s**-1,72.0,True,2.446294765253696,2.4423497198860424,-0.003945045367653499,-0.0016152663705497616,-0.01257767760623607,
neural_ode,19,raw,pinn_statistical:kl_entropy,joint,pinn_statistical,observed_reconstruction,neural_ode/pinn_statistical:kl_entropy/vs_raw,whole_model_comparison,matched,spatial_neural_ode,raw_spatial_neural_ode,1391030,497540,u10,m s**-1,78.0,True,2.5011801006967054,2.509019048326183,0.007838947629477566,0.0031243077387982376,-0.008993593933595556,
neural_ode,19,raw,pinn_statistical:kl_entropy,joint,pinn_statistical,observed_reconstruction,neural_ode/pinn_statistical:kl_entropy/vs_raw,whole_model_comparison,matched,spatial_neural_ode,raw_spatial_neural_ode,1391030,497540,u10,m s**-1,84.0,True,2.543650286508904,2.5600207486568527,0.016370462147948572,0.006394659948181114,-0.0053854864957102455,
neural_ode,19,raw,pinn_statistical:kl_entropy,joint,pinn_statistical,observed_reconstruction,neural_ode/pinn_statistical:kl_entropy/vs_raw,whole_model_comparison,matched,spatial_neural_ode,raw_spatial_neural_ode,1391030,497540,u10,m s**-1,90.0,True,2.5886244692892806,2.6116284415337785,0.023003972244497906,0.008808286768001272,-0.0024515807618961105,
neural_ode,19,raw,pinn_statistical:kl_entropy,joint,pinn_statistical,observed_reconstruction,neural_ode/pinn_statistical:kl_entropy/vs_raw,whole_model_comparison,matched,spatial_neural_ode,raw_spatial_neural_ode,1391030,497540,u10,m s**-1,96.0,True,2.616040589924211,2.638251935405842,0.02221134548163084,0.008418963020002113,-0.002324312166930298,
neural_ode,19,raw,pinn_statistical:kl_entropy,joint,pinn_statistical,observed_reconstruction,neural_ode/pinn_statistical:kl_entropy/vs_raw,whole_model_comparison,matched,spatial_neural_ode,raw_spatial_neural_ode,1391030,497540,u10,m s**-1,102.0,True,2.6525879810547828,2.6814012238911165,0.028813242836333686,0.01074559173748768,0.0005135128710587189,
neural_ode,19,raw,pinn_statistical:kl_entropy,joint,pinn_statistical,observed_reconstruction,neural_ode/pinn_statistical:kl_entropy/vs_raw,whole_model_comparison,matched,spatial_neural_ode,raw_spatial_neural_ode,1391030,497540,u10,m s**-1,108.0,True,2.676960270286173,2.7102666490629987,0.03330637877682596,0.012288967503747528,0.003643361978592441,
neural_ode,19,raw,pinn_statistical:kl_entropy,joint,pinn_statistical,observed_reconstruction,neural_ode/pinn_statistical:kl_entropy/vs_raw,whole_model_comparison,matched,spatial_neural_ode,raw_spatial_neural_ode,1391030,497540,u10,m s**-1,114.0,True,2.708278212856558,2.7437268207135466,0.035448607856988446,0.012919875109056789,0.005673379345113139,
neural_ode,19,raw,pinn_statistical:kl_entropy,joint,pinn_statistical,observed_reconstruction,neural_ode/pinn_statistical:kl_entropy/vs_raw,whole_model_comparison,matched,spatial_neural_ode,raw_spatial_neural_ode,1391030,497540,u10,m s**-1,120.0,True,2.723199803999663,2.75496120990548,0.031761405905816886,0.011528803306419921,0.00469591244561679,
neural_ode,19,raw,pinn_statistical:kl_entropy,joint,pinn_statistical,observed_reconstruction,neural_ode/pinn_statistical:kl_entropy/vs_raw,whole_model_comparison,matched,spatial_neural_ode,raw_spatial_neural_ode,1391030,497540,v10,m s**-1,6.0,True,1.3504519497044118,0.8993411345658182,-0.45111081513859363,-0.5016014477714064,-0.05743768137307659,
neural_ode,19,raw,pinn_statistical:kl_entropy,joint,pinn_statistical,observed_reconstruction,neural_ode/pinn_statistical:kl_entropy/vs_raw,whole_model_comparison,matched,spatial_neural_ode,raw_spatial_neural_ode,1391030,497540,v10,m s**-1,12.0,True,1.4871727317924426,1.244977860099599,-0.24219487169284348,-0.19453749295868428,-0.039526996951376736,
neural_ode,19,raw,pinn_statistical:kl_entropy,joint,pinn_statistical,observed_reconstruction,neural_ode/pinn_statistical:kl_entropy/vs_raw,whole_model_comparison,matched,spatial_neural_ode,raw_spatial_neural_ode,1391030,497540,v10,m s**-1,18.0,True,1.6701359727167124,1.501176877726207,-0.16895909499050554,-0.11255109074583092,-0.03491978683434327,
neural_ode,19,raw,pinn_statistical:kl_entropy,joint,pinn_statistical,observed_reconstruction,neural_ode/pinn_statistical:kl_entropy/vs_raw,whole_model_comparison,matched,spatial_neural_ode,raw_spatial_neural_ode,1391030,497540,v10,m s**-1,24.0,True,1.8344223262272734,1.6936241824656209,-0.14079814376165256,-0.08313423085201532,-0.035236035669695354,
neural_ode,19,raw,pinn_statistical:kl_entropy,joint,pinn_statistical,observed_reconstruction,neural_ode/pinn_statistical:kl_entropy/vs_raw,whole_model_comparison,matched,spatial_neural_ode,raw_spatial_neural_ode,1391030,497540,v10,m s**-1,30.0,True,1.999013100338267,1.8889109936901374,-0.11010210664812958,-0.05828866845284031,-0.034463734977184135,
neural_ode,19,raw,pinn_statistical:kl_entropy,joint,pinn_statistical,observed_reconstruction,neural_ode/pinn_statistical:kl_entropy/vs_raw,whole_model_comparison,matched,spatial_neural_ode,raw_spatial_neural_ode,1391030,497540,v10,m s**-1,36.0,True,2.1429175182479656,2.0492183071390904,-0.09369921110887525,-0.04572436757101217,-0.0349064151842029,
neural_ode,19,raw,pinn_statistical:kl_entropy,joint,pinn_statistical,observed_reconstruction,neural_ode/pinn_statistical:kl_entropy/vs_raw,whole_model_comparison,matched,spatial_neural_ode,raw_spatial_neural_ode,1391030,497540,v10,m s**-1,42.0,True,2.26526299114847,2.182969184311154,-0.08229380683731602,-0.037698107434935846,-0.035319264857861854,
neural_ode,19,raw,pinn_statistical:kl_entropy,joint,pinn_statistical,observed_reconstruction,neural_ode/pinn_statistical:kl_entropy/vs_raw,whole_model_comparison,matched,spatial_neural_ode,raw_spatial_neural_ode,1391030,497540,v10,m s**-1,48.0,True,2.368160454762857,2.290278371869762,-0.07788208289309528,-0.03400550948289882,-0.0361785978193222,
neural_ode,19,raw,pinn_statistical:kl_entropy,joint,pinn_statistical,observed_reconstruction,neural_ode/pinn_statistical:kl_entropy/vs_raw,whole_model_comparison,matched,spatial_neural_ode,raw_spatial_neural_ode,1391030,497540,v10,m s**-1,54.0,True,2.4584904612553795,2.3927311347236526,-0.06575932653172689,-0.027482956851030194,-0.034465268825924156,
neural_ode,19,raw,pinn_statistical:kl_entropy,joint,pinn_statistical,observed_reconstruction,neural_ode/pinn_statistical:kl_entropy/vs_raw,whole_model_comparison,matched,spatial_neural_ode,raw_spatial_neural_ode,1391030,497540,v10,m s**-1,60.0,True,2.5397663724512203,2.4834068170558528,-0.05635955539536752,-0.02269445143191784,-0.032709906507280784,
neural_ode,19,raw,pinn_statistical:kl_entropy,joint,pinn_statistical,observed_reconstruction,neural_ode/pinn_statistical:kl_entropy/vs_raw,whole_model_comparison,matched,spatial_neural_ode,raw_spatial_neural_ode,1391030,497540,v10,m s**-1,66.0,True,2.608129034235934,2.559346849509687,-0.04878218472624685,-0.01906040392125541,-0.03109732836302248,
neural_ode,19,raw,pinn_statistical:kl_entropy,joint,pinn_statistical,observed_reconstruction,neural_ode/pinn_statistical:kl_entropy/vs_raw,whole_model_comparison,matched,spatial_neural_ode,raw_spatial_neural_ode,1391030,497540,v10,m s**-1,72.0,True,2.6658404145014627,2.620209138885873,-0.04563127561558966,-0.017415127265372643,-0.030252592637748488,
neural_ode,19,raw,pinn_statistical:kl_entropy,joint,pinn_statistical,observed_reconstruction,neural_ode/pinn_statistical:kl_entropy/vs_raw,whole_model_comparison,matched,spatial_neural_ode,raw_spatial_neural_ode,1391030,497540,v10,m s**-1,78.0,True,2.713052302832169,2.6787834841089175,-0.03426881872325138,-0.012792679560158948,-0.025770683444875986,
neural_ode,19,raw,pinn_statistical:kl_entropy,joint,pinn_statistical,observed_reconstruction,neural_ode/pinn_statistical:kl_entropy/vs_raw,whole_model_comparison,matched,spatial_neural_ode,raw_spatial_neural_ode,1391030,497540,v10,m s**-1,84.0,True,2.7585890007903062,2.7333631208824114,-0.02522587990789482,-0.009228879878847351,-0.021805707095462146,
neural_ode,19,raw,pinn_statistical:kl_entropy,joint,pinn_statistical,observed_reconstruction,neural_ode/pinn_statistical:kl_entropy/vs_raw,whole_model_comparison,matched,spatial_neural_ode,raw_spatial_neural_ode,1391030,497540,v10,m s**-1,90.0,True,2.795078149203567,2.7763791680476384,-0.018698981155928607,-0.0067350242975197094,-0.01862041293517902,
neural_ode,19,raw,pinn_statistical:kl_entropy,joint,pinn_statistical,observed_reconstruction,neural_ode/pinn_statistical:kl_entropy/vs_raw,whole_model_comparison,matched,spatial_neural_ode,raw_spatial_neural_ode,1391030,497540,v10,m s**-1,96.0,True,2.828054318598157,2.81006303561159,-0.017991282986566937,-0.006402448186594301,-0.017828403329274545,
neural_ode,19,raw,pinn_statistical:kl_entropy,joint,pinn_statistical,observed_reconstruction,neural_ode/pinn_statistical:kl_entropy/vs_raw,whole_model_comparison,matched,spatial_neural_ode,raw_spatial_neural_ode,1391030,497540,v10,m s**-1,102.0,True,2.8517568206282466,2.8426501841214877,-0.009106636506758914,-0.0032035726934065423,-0.012663286253503658,
neural_ode,19,raw,pinn_statistical:kl_entropy,joint,pinn_statistical,observed_reconstruction,neural_ode/pinn_statistical:kl_entropy/vs_raw,whole_model_comparison,matched,spatial_neural_ode,raw_spatial_neural_ode,1391030,497540,v10,m s**-1,108.0,True,2.878611646753577,2.8751267744540994,-0.0034848722994778036,-0.001212076048416888,-0.009144221866668467,
neural_ode,19,raw,pinn_statistical:kl_entropy,joint,pinn_statistical,observed_reconstruction,neural_ode/pinn_statistical:kl_entropy/vs_raw,whole_model_comparison,matched,spatial_neural_ode,raw_spatial_neural_ode,1391030,497540,v10,m s**-1,114.0,True,2.898842789381999,2.8983721394675435,-0.0004706499144555565,-0.0001623842252851393,-0.006995631722698015,
neural_ode,19,raw,pinn_statistical:kl_entropy,joint,pinn_statistical,observed_reconstruction,neural_ode/pinn_statistical:kl_entropy/vs_raw,whole_model_comparison,matched,spatial_neural_ode,raw_spatial_neural_ode,1391030,497540,v10,m s**-1,120.0,True,2.9188620179685185,2.916479252470069,-0.0023827654984494018,-0.0008170006683336783,-0.007474513800227178,
climode,19,raw,pinn_statistical,joint,pinn_statistical,observed_reconstruction,climode/pinn_statistical/vs_raw,whole_model_comparison,matched,latent_climode_transport_adaptation_v1,raw_climode_transport_adaptation_v1,1216918,248080,msl,Pa,6.0,True,232.13845788352307,200.55222268356997,-31.58623519995311,-0.15749631082269122,-0.015183237522960025,
climode,19,raw,pinn_statistical,joint,pinn_statistical,observed_reconstruction,climode/pinn_statistical/vs_raw,whole_model_comparison,matched,latent_climode_transport_adaptation_v1,raw_climode_transport_adaptation_v1,1216918,248080,msl,Pa,12.0,True,245.09970238381,252.9008406982741,7.801138314464083,0.030846628634862094,0.004407606115115259,
climode,19,raw,pinn_statistical,joint,pinn_statistical,observed_reconstruction,climode/pinn_statistical/vs_raw,whole_model_comparison,matched,latent_climode_transport_adaptation_v1,raw_climode_transport_adaptation_v1,1216918,248080,msl,Pa,18.0,True,295.5941040051283,333.5492222384406,37.955118233312305,0.11379165563210258,0.028207910600579478,
climode,19,raw,pinn_statistical,joint,pinn_statistical,observed_reconstruction,climode/pinn_statistical/vs_raw,whole_model_comparison,matched,latent_climode_transport_adaptation_v1,raw_climode_transport_adaptation_v1,1216918,248080,msl,Pa,24.0,True,313.5864183201241,363.81405476059916,50.22763644047507,0.13805853782511612,0.041115906329456275,
climode,19,raw,pinn_statistical,joint,pinn_statistical,observed_reconstruction,climode/pinn_statistical/vs_raw,whole_model_comparison,matched,latent_climode_transport_adaptation_v1,raw_climode_transport_adaptation_v1,1216918,248080,msl,Pa,30.0,True,364.8406085752551,427.3142201459198,62.47361157066473,0.1462006379037214,0.06395647798016013,
climode,19,raw,pinn_statistical,joint,pinn_statistical,observed_reconstruction,climode/pinn_statistical/vs_raw,whole_model_comparison,matched,latent_climode_transport_adaptation_v1,raw_climode_transport_adaptation_v1,1216918,248080,msl,Pa,36.0,True,392.18192570918336,457.1866516833363,65.00472597415296,0.1421842167412568,0.07448677729032316,
climode,19,raw,pinn_statistical,joint,pinn_statistical,observed_reconstruction,climode/pinn_statistical/vs_raw,whole_model_comparison,matched,latent_climode_transport_adaptation_v1,raw_climode_transport_adaptation_v1,1216918,248080,msl,Pa,42.0,True,425.56115734334463,495.1525860839722,69.59142874062758,0.1405454211418088,0.09091371932792625,
climode,19,raw,pinn_statistical,joint,pinn_statistical,observed_reconstruction,climode/pinn_statistical/vs_raw,whole_model_comparison,matched,latent_climode_transport_adaptation_v1,raw_climode_transport_adaptation_v1,1216918,248080,msl,Pa,48.0,True,442.8599941402161,510.04789159418243,67.18789745396634,0.1317286054138307,0.09352659730939983,
climode,19,raw,pinn_statistical,joint,pinn_statistical,observed_reconstruction,climode/pinn_statistical/vs_raw,whole_model_comparison,matched,latent_climode_transport_adaptation_v1,raw_climode_transport_adaptation_v1,1216918,248080,msl,Pa,54.0,True,474.49790476137457,541.6541976766417,67.15629291526716,0.12398370252335478,0.10589275182433822,
climode,19,raw,pinn_statistical,joint,pinn_statistical,observed_reconstruction,climode/pinn_statistical/vs_raw,whole_model_comparison,matched,latent_climode_transport_adaptation_v1,raw_climode_transport_adaptation_v1,1216918,248080,msl,Pa,60.0,True,495.5881578587173,555.1981569132689,59.60999905455162,0.10736706941889884,0.10213577663738649,
climode,19,raw,pinn_statistical,joint,pinn_statistical,observed_reconstruction,climode/pinn_statistical/vs_raw,whole_model_comparison,matched,latent_climode_transport_adaptation_v1,raw_climode_transport_adaptation_v1,1216918,248080,msl,Pa,66.0,True,516.1769282072938,573.7255880365146,57.54865982922081,0.10030694295189457,0.10703618006351145,
climode,19,raw,pinn_statistical,joint,pinn_statistical,observed_reconstruction,climode/pinn_statistical/vs_raw,whole_model_comparison,matched,latent_climode_transport_adaptation_v1,raw_climode_transport_adaptation_v1,1216918,248080,msl,Pa,72.0,True,527.033450468263,579.8250281183799,52.79157765011689,0.09104742825854473,0.10265387955787286,
climode,19,raw,pinn_statistical,joint,pinn_statistical,observed_reconstruction,climode/pinn_statistical/vs_raw,whole_model_comparison,matched,latent_climode_transport_adaptation_v1,raw_climode_transport_adaptation_v1,1216918,248080,msl,Pa,78.0,True,547.084989117203,597.9248136452853,50.83982452808232,0.08502711941010477,0.10862395183195817,
climode,19,raw,pinn_statistical,joint,pinn_statistical,observed_reconstruction,climode/pinn_statistical/vs_raw,whole_model_comparison,matched,latent_climode_transport_adaptation_v1,raw_climode_transport_adaptation_v1,1216918,248080,msl,Pa,84.0,True,560.3204470954956,604.7327515485836,44.41230445308793,0.07344120909502272,0.10209062335028185,
climode,19,raw,pinn_statistical,joint,pinn_statistical,observed_reconstruction,climode/pinn_statistical/vs_raw,whole_model_comparison,matched,latent_climode_transport_adaptation_v1,raw_climode_transport_adaptation_v1,1216918,248080,msl,Pa,90.0,True,573.7530846994887,615.2126620294548,41.45957732996612,0.06739064373805292,0.10214274660826433,
climode,19,raw,pinn_statistical,joint,pinn_statistical,observed_reconstruction,climode/pinn_statistical/vs_raw,whole_model_comparison,matched,latent_climode_transport_adaptation_v1,raw_climode_transport_adaptation_v1,1216918,248080,msl,Pa,96.0,True,578.8316384242308,618.2263336977813,39.3946952735505,0.06372212428726554,0.09998419518211016,
climode,19,raw,pinn_statistical,joint,pinn_statistical,observed_reconstruction,climode/pinn_statistical/vs_raw,whole_model_comparison,matched,latent_climode_transport_adaptation_v1,raw_climode_transport_adaptation_v1,1216918,248080,msl,Pa,102.0,True,592.9531838238282,630.3441700293736,37.390986205545346,0.05931836603454732,0.10351970510177194,
climode,19,raw,pinn_statistical,joint,pinn_statistical,observed_reconstruction,climode/pinn_statistical/vs_raw,whole_model_comparison,matched,latent_climode_transport_adaptation_v1,raw_climode_transport_adaptation_v1,1216918,248080,msl,Pa,108.0,True,601.0520412952568,634.0798283791027,33.02778708384585,0.052087742908136225,0.09785649512163958,
climode,19,raw,pinn_statistical,joint,pinn_statistical,observed_reconstruction,climode/pinn_statistical/vs_raw,whole_model_comparison,matched,latent_climode_transport_adaptation_v1,raw_climode_transport_adaptation_v1,1216918,248080,msl,Pa,114.0,True,610.383139351033,640.4429599094061,30.059820558373076,0.04693598406113353,0.09484071199961952,
climode,19,raw,pinn_statistical,joint,pinn_statistical,observed_reconstruction,climode/pinn_statistical/vs_raw,whole_model_comparison,matched,latent_climode_transport_adaptation_v1,raw_climode_transport_adaptation_v1,1216918,248080,msl,Pa,120.0,True,612.7253699566558,641.9991455892842,29.273775632628485,0.04559784204347872,0.09336403006298838,
climode,19,raw,pinn_statistical,joint,pinn_statistical,observed_reconstruction,climode/pinn_statistical/vs_raw,whole_model_comparison,matched,latent_climode_transport_adaptation_v1,raw_climode_transport_adaptation_v1,1216918,248080,t2m,K,6.0,True,2.664730660279456,2.3794191106291755,-0.2853115496502805,-0.11990806847593882,-0.030943796748013952,
climode,19,raw,pinn_statistical,joint,pinn_statistical,observed_reconstruction,climode/pinn_statistical/vs_raw,whole_model_comparison,matched,latent_climode_transport_adaptation_v1,raw_climode_transport_adaptation_v1,1216918,248080,t2m,K,12.0,True,3.1176136233367977,3.1973043022074714,0.07969067887067371,0.024924333544246613,0.015388779734089031,
climode,19,raw,pinn_statistical,joint,pinn_statistical,observed_reconstruction,climode/pinn_statistical/vs_raw,whole_model_comparison,matched,latent_climode_transport_adaptation_v1,raw_climode_transport_adaptation_v1,1216918,248080,t2m,K,18.0,True,2.5951475129692096,2.653692554632008,0.05854504166279817,0.022061727369513173,0.009437315219800402,
climode,19,raw,pinn_statistical,joint,pinn_statistical,observed_reconstruction,climode/pinn_statistical/vs_raw,whole_model_comparison,matched,latent_climode_transport_adaptation_v1,raw_climode_transport_adaptation_v1,1216918,248080,t2m,K,24.0,True,1.8975836378120274,1.774953797953004,-0.12262983985902354,-0.06908903206407313,-0.016586388963224397,
climode,19,raw,pinn_statistical,joint,pinn_statistical,observed_reconstruction,climode/pinn_statistical/vs_raw,whole_model_comparison,matched,latent_climode_transport_adaptation_v1,raw_climode_transport_adaptation_v1,1216918,248080,t2m,K,30.0,True,2.6682179353635007,2.7316020022019187,0.06338406683841802,0.02320399047420696,0.007484852661099439,
climode,19,raw,pinn_statistical,joint,pinn_statistical,observed_reconstruction,climode/pinn_statistical/vs_raw,whole_model_comparison,matched,latent_climode_transport_adaptation_v1,raw_climode_transport_adaptation_v1,1216918,248080,t2m,K,36.0,True,3.1122893890922296,3.3128800059189976,0.20059061682676793,0.06054871183634192,0.03788505634806538,
climode,19,raw,pinn_statistical,joint,pinn_statistical,observed_reconstruction,climode/pinn_statistical/vs_raw,whole_model_comparison,matched,latent_climode_transport_adaptation_v1,raw_climode_transport_adaptation_v1,1216918,248080,t2m,K,42.0,True,2.643433745355609,2.8409830934834273,0.1975493481278181,0.06953555921573473,0.03136967314905337,
climode,19,raw,pinn_statistical,joint,pinn_statistical,observed_reconstruction,climode/pinn_statistical/vs_raw,whole_model_comparison,matched,latent_climode_transport_adaptation_v1,raw_climode_transport_adaptation_v1,1216918,248080,t2m,K,48.0,True,2.0851031452225346,2.0629240163485756,-0.02217912887395901,-0.010751306736549893,-0.006444562783815333,
climode,19,raw,pinn_statistical,joint,pinn_statistical,observed_reconstruction,climode/pinn_statistical/vs_raw,whole_model_comparison,matched,latent_climode_transport_adaptation_v1,raw_climode_transport_adaptation_v1,1216918,248080,t2m,K,54.0,True,2.7605336761888557,2.826894178971012,0.06636050278215633,0.023474703537120556,0.011634260648435757,
climode,19,raw,pinn_statistical,joint,pinn_statistical,observed_reconstruction,climode/pinn_statistical/vs_raw,whole_model_comparison,matched,latent_climode_transport_adaptation_v1,raw_climode_transport_adaptation_v1,1216918,248080,t2m,K,60.0,True,3.1454355626058335,3.364124778448609,0.21868921584277556,0.06500627362092848,0.04438928883953297,
climode,19,raw,pinn_statistical,joint,pinn_statistical,observed_reconstruction,climode/pinn_statistical/vs_raw,whole_model_comparison,matched,latent_climode_transport_adaptation_v1,raw_climode_transport_adaptation_v1,1216918,248080,t2m,K,66.0,True,2.721572518831354,2.9533064198336176,0.23173390100226365,0.0784659185535238,0.03956579985632547,
climode,19,raw,pinn_statistical,joint,pinn_statistical,observed_reconstruction,climode/pinn_statistical/vs_raw,whole_model_comparison,matched,latent_climode_transport_adaptation_v1,raw_climode_transport_adaptation_v1,1216918,248080,t2m,K,72.0,True,2.2605391874893783,2.242864126807577,-0.01767506068180147,-0.007880575764952713,-0.004389972028955524,
climode,19,raw,pinn_statistical,joint,pinn_statistical,observed_reconstruction,climode/pinn_statistical/vs_raw,whole_model_comparison,matched,latent_climode_transport_adaptation_v1,raw_climode_transport_adaptation_v1,1216918,248080,t2m,K,78.0,True,2.83510655492964,2.916136673404973,0.08103011847533281,0.027786804100892626,0.014542810827779418,
climode,19,raw,pinn_statistical,joint,pinn_statistical,observed_reconstruction,climode/pinn_statistical/vs_raw,whole_model_comparison,matched,latent_climode_transport_adaptation_v1,raw_climode_transport_adaptation_v1,1216918,248080,t2m,K,84.0,True,3.1574009143256436,3.423793312293804,0.2663923979681604,0.07780621482366534,0.051793583088878714,
climode,19,raw,pinn_statistical,joint,pinn_statistical,observed_reconstruction,climode/pinn_statistical/vs_raw,whole_model_comparison,matched,latent_climode_transport_adaptation_v1,raw_climode_transport_adaptation_v1,1216918,248080,t2m,K,90.0,True,2.7669382090023475,3.0497320166543576,0.28279380765201,0.0927274285437849,0.0478879254428346,
climode,19,raw,pinn_statistical,joint,pinn_statistical,observed_reconstruction,climode/pinn_statistical/vs_raw,whole_model_comparison,matched,latent_climode_transport_adaptation_v1,raw_climode_transport_adaptation_v1,1216918,248080,t2m,K,96.0,True,2.3775854819435205,2.388591407912908,0.01100592596938732,0.004607705584524391,-0.001231765459672407,
climode,19,raw,pinn_statistical,joint,pinn_statistical,observed_reconstruction,climode/pinn_statistical/vs_raw,whole_model_comparison,matched,latent_climode_transport_adaptation_v1,raw_climode_transport_adaptation_v1,1216918,248080,t2m,K,102.0,True,2.877989703761677,3.004530324210715,0.12654062044903824,0.04211660618944835,0.019866073173624543,
climode,19,raw,pinn_statistical,joint,pinn_statistical,observed_reconstruction,climode/pinn_statistical/vs_raw,whole_model_comparison,matched,latent_climode_transport_adaptation_v1,raw_climode_transport_adaptation_v1,1216918,248080,t2m,K,108.0,True,3.1483830382248095,3.4868088811287605,0.33842584290395106,0.09705890240660242,0.06124913857177672,
climode,19,raw,pinn_statistical,joint,pinn_statistical,observed_reconstruction,climode/pinn_statistical/vs_raw,whole_model_comparison,matched,latent_climode_transport_adaptation_v1,raw_climode_transport_adaptation_v1,1216918,248080,t2m,K,114.0,True,2.7909185269716126,3.1355409510364756,0.344622424064863,0.1099084430553986,0.0564252252330073,
climode,19,raw,pinn_statistical,joint,pinn_statistical,observed_reconstruction,climode/pinn_statistical/vs_raw,whole_model_comparison,matched,latent_climode_transport_adaptation_v1,raw_climode_transport_adaptation_v1,1216918,248080,t2m,K,120.0,True,2.464269778086168,2.5143997881743267,0.05013001008815854,0.01993716763894471,0.0028484999158175928,
climode,19,raw,pinn_statistical,joint,pinn_statistical,observed_reconstruction,climode/pinn_statistical/vs_raw,whole_model_comparison,matched,latent_climode_transport_adaptation_v1,raw_climode_transport_adaptation_v1,1216918,248080,u10,m s**-1,6.0,True,1.1979278487745535,0.9343208228348092,-0.2636070259397443,-0.2821375907474031,-0.03450278898556558,
climode,19,raw,pinn_statistical,joint,pinn_statistical,observed_reconstruction,climode/pinn_statistical/vs_raw,whole_model_comparison,matched,latent_climode_transport_adaptation_v1,raw_climode_transport_adaptation_v1,1216918,248080,u10,m s**-1,12.0,True,1.3251065955653794,1.3179043228381155,-0.007202272727263814,-0.00546494354897753,-0.0018354932093063159,
climode,19,raw,pinn_statistical,joint,pinn_statistical,observed_reconstruction,climode/pinn_statistical/vs_raw,whole_model_comparison,matched,latent_climode_transport_adaptation_v1,raw_climode_transport_adaptation_v1,1216918,248080,u10,m s**-1,18.0,True,1.507147436356881,1.6125423155996115,0.10539487924273039,0.06535945024397083,0.0208039474352798,
climode,19,raw,pinn_statistical,joint,pinn_statistical,observed_reconstruction,climode/pinn_statistical/vs_raw,whole_model_comparison,matched,latent_climode_transport_adaptation_v1,raw_climode_transport_adaptation_v1,1216918,248080,u10,m s**-1,24.0,True,1.6512625357115842,1.7888411389966874,0.13757860328510318,0.07690934666354288,0.031514887238246914,
climode,19,raw,pinn_statistical,joint,pinn_statistical,observed_reconstruction,climode/pinn_statistical/vs_raw,whole_model_comparison,matched,latent_climode_transport_adaptation_v1,raw_climode_transport_adaptation_v1,1216918,248080,u10,m s**-1,30.0,True,1.807302727200923,2.0073572019123898,0.20005447471146676,0.09966062568280165,0.0554708217303409,
climode,19,raw,pinn_statistical,joint,pinn_statistical,observed_reconstruction,climode/pinn_statistical/vs_raw,whole_model_comparison,matched,latent_climode_transport_adaptation_v1,raw_climode_transport_adaptation_v1,1216918,248080,u10,m s**-1,36.0,True,1.9413125888981326,2.152525448352246,0.21121285945411317,0.09812328101198353,0.06681015173310423,
climode,19,raw,pinn_statistical,joint,pinn_statistical,observed_reconstruction,climode/pinn_statistical/vs_raw,whole_model_comparison,matched,latent_climode_transport_adaptation_v1,raw_climode_transport_adaptation_v1,1216918,248080,u10,m s**-1,42.0,True,2.05790275859342,2.2760158770384664,0.21811311844504644,0.09583110585715837,0.07723359420123199,
climode,19,raw,pinn_statistical,joint,pinn_statistical,observed_reconstruction,climode/pinn_statistical/vs_raw,whole_model_comparison,matched,latent_climode_transport_adaptation_v1,raw_climode_transport_adaptation_v1,1216918,248080,u10,m s**-1,48.0,True,2.1494417109042456,2.349758733031106,0.20031702212686042,0.08525003835966538,0.07736912988986266,
climode,19,raw,pinn_statistical,joint,pinn_statistical,observed_reconstruction,climode/pinn_statistical/vs_raw,whole_model_comparison,matched,latent_climode_transport_adaptation_v1,raw_climode_transport_adaptation_v1,1216918,248080,u10,m s**-1,54.0,True,2.244684804970457,2.449724081045677,0.2050392760752202,0.08369892661041978,0.08775129630889111,
climode,19,raw,pinn_statistical,joint,pinn_statistical,observed_reconstruction,climode/pinn_statistical/vs_raw,whole_model_comparison,matched,latent_climode_transport_adaptation_v1,raw_climode_transport_adaptation_v1,1216918,248080,u10,m s**-1,60.0,True,2.3285431326191848,2.51465206300226,0.1861089303830754,0.07400981357272896,0.08692816461378805,
climode,19,raw,pinn_statistical,joint,pinn_statistical,observed_reconstruction,climode/pinn_statistical/vs_raw,whole_model_comparison,matched,latent_climode_transport_adaptation_v1,raw_climode_transport_adaptation_v1,1216918,248080,u10,m s**-1,66.0,True,2.4040902298292894,2.5762904099217714,0.17220018009248195,0.06684036063221255,0.08766848589384357,
climode,19,raw,pinn_statistical,joint,pinn_statistical,observed_reconstruction,climode/pinn_statistical/vs_raw,whole_model_comparison,matched,latent_climode_transport_adaptation_v1,raw_climode_transport_adaptation_v1,1216918,248080,u10,m s**-1,72.0,True,2.459065266692825,2.607860201072521,0.14879493437969593,0.057056330825748236,0.08163156465548926,
climode,19,raw,pinn_statistical,joint,pinn_statistical,observed_reconstruction,climode/pinn_statistical/vs_raw,whole_model_comparison,matched,latent_climode_transport_adaptation_v1,raw_climode_transport_adaptation_v1,1216918,248080,u10,m s**-1,78.0,True,2.517740817466182,2.661587286960318,0.14384646949413593,0.054045369918495734,0.08603573463912012,
climode,19,raw,pinn_statistical,joint,pinn_statistical,observed_reconstruction,climode/pinn_statistical/vs_raw,whole_model_comparison,matched,latent_climode_transport_adaptation_v1,raw_climode_transport_adaptation_v1,1216918,248080,u10,m s**-1,84.0,True,2.56649366621219,2.6939862652949897,0.12749259908279953,0.04732488829850778,0.08292181066932958,
climode,19,raw,pinn_statistical,joint,pinn_statistical,observed_reconstruction,climode/pinn_statistical/vs_raw,whole_model_comparison,matched,latent_climode_transport_adaptation_v1,raw_climode_transport_adaptation_v1,1216918,248080,u10,m s**-1,90.0,True,2.613151814798826,2.728853037298948,0.11570122250012194,0.04239921348591369,0.0822547063117931,
climode,19,raw,pinn_statistical,joint,pinn_statistical,observed_reconstruction,climode/pinn_statistical/vs_raw,whole_model_comparison,matched,latent_climode_transport_adaptation_v1,raw_climode_transport_adaptation_v1,1216918,248080,u10,m s**-1,96.0,True,2.642278289996651,2.7424439359986637,0.10016564600201283,0.036524227418905264,0.07697796591164008,
climode,19,raw,pinn_statistical,joint,pinn_statistical,observed_reconstruction,climode/pinn_statistical/vs_raw,whole_model_comparison,matched,latent_climode_transport_adaptation_v1,raw_climode_transport_adaptation_v1,1216918,248080,u10,m s**-1,102.0,True,2.6778531217826638,2.775625162669486,0.09777204088682234,0.03522523221139451,0.08109068964197869,
climode,19,raw,pinn_statistical,joint,pinn_statistical,observed_reconstruction,climode/pinn_statistical/vs_raw,whole_model_comparison,matched,latent_climode_transport_adaptation_v1,raw_climode_transport_adaptation_v1,1216918,248080,u10,m s**-1,108.0,True,2.707250269483558,2.793689304486145,0.08643903500258698,0.030940818960713323,0.07817716772704097,
climode,19,raw,pinn_statistical,joint,pinn_statistical,observed_reconstruction,climode/pinn_statistical/vs_raw,whole_model_comparison,matched,latent_climode_transport_adaptation_v1,raw_climode_transport_adaptation_v1,1216918,248080,u10,m s**-1,114.0,True,2.7381822792597665,2.8153501002322385,0.07716782097247199,0.027409671346418474,0.07671929901079971,
climode,19,raw,pinn_statistical,joint,pinn_statistical,observed_reconstruction,climode/pinn_statistical/vs_raw,whole_model_comparison,matched,latent_climode_transport_adaptation_v1,raw_climode_transport_adaptation_v1,1216918,248080,u10,m s**-1,120.0,True,2.7566647039331458,2.8208049721981507,0.06414026826500496,0.022738285311168727,0.07044132557623517,
climode,19,raw,pinn_statistical,joint,pinn_statistical,observed_reconstruction,climode/pinn_statistical/vs_raw,whole_model_comparison,matched,latent_climode_transport_adaptation_v1,raw_climode_transport_adaptation_v1,1216918,248080,v10,m s**-1,6.0,True,1.3272442794655221,1.0802200187889985,-0.2470242606765236,-0.22867958043719172,-0.03452988599948381,
climode,19,raw,pinn_statistical,joint,pinn_statistical,observed_reconstruction,climode/pinn_statistical/vs_raw,whole_model_comparison,matched,latent_climode_transport_adaptation_v1,raw_climode_transport_adaptation_v1,1216918,248080,v10,m s**-1,12.0,True,1.4630455901596138,1.5514011145927087,0.08835552443309491,0.05695208260585205,0.015014216467142294,
climode,19,raw,pinn_statistical,joint,pinn_statistical,observed_reconstruction,climode/pinn_statistical/vs_raw,whole_model_comparison,matched,latent_climode_transport_adaptation_v1,raw_climode_transport_adaptation_v1,1216918,248080,v10,m s**-1,18.0,True,1.6617814506159025,1.881676646497712,0.2198951958818094,0.11686130892419344,0.048698079112683756,
climode,19,raw,pinn_statistical,joint,pinn_statistical,observed_reconstruction,climode/pinn_statistical/vs_raw,whole_model_comparison,matched,latent_climode_transport_adaptation_v1,raw_climode_transport_adaptation_v1,1216918,248080,v10,m s**-1,24.0,True,1.826189306739593,2.089233544708996,0.2630442379694029,0.12590465945540885,0.06762495678560276,
climode,19,raw,pinn_statistical,joint,pinn_statistical,observed_reconstruction,climode/pinn_statistical/vs_raw,whole_model_comparison,matched,latent_climode_transport_adaptation_v1,raw_climode_transport_adaptation_v1,1216918,248080,v10,m s**-1,30.0,True,1.9840888887197448,2.299008981382942,0.3149200926631974,0.13698080138589142,0.09707528266339316,
climode,19,raw,pinn_statistical,joint,pinn_statistical,observed_reconstruction,climode/pinn_statistical/vs_raw,whole_model_comparison,matched,latent_climode_transport_adaptation_v1,raw_climode_transport_adaptation_v1,1216918,248080,v10,m s**-1,36.0,True,2.12332911452169,2.4484561935587825,0.3251270790370926,0.13278860364845935,0.11683693624995628,
climode,19,raw,pinn_statistical,joint,pinn_statistical,observed_reconstruction,climode/pinn_statistical/vs_raw,whole_model_comparison,matched,latent_climode_transport_adaptation_v1,raw_climode_transport_adaptation_v1,1216918,248080,v10,m s**-1,42.0,True,2.2479778815863076,2.568092236264437,0.3201143546781293,0.12465064539261628,0.13169243853142842,
climode,19,raw,pinn_statistical,joint,pinn_statistical,observed_reconstruction,climode/pinn_statistical/vs_raw,whole_model_comparison,matched,latent_climode_transport_adaptation_v1,raw_climode_transport_adaptation_v1,1216918,248080,v10,m s**-1,48.0,True,2.355571936306854,2.6483409550268022,0.2927690187199481,0.11054808413706885,0.13491614847921218,
climode,19,raw,pinn_statistical,joint,pinn_statistical,observed_reconstruction,climode/pinn_statistical/vs_raw,whole_model_comparison,matched,latent_climode_transport_adaptation_v1,raw_climode_transport_adaptation_v1,1216918,248080,v10,m s**-1,54.0,True,2.454942283845269,2.73200605006417,0.27706376621890083,0.101414038308002,0.14444091788782115,
climode,19,raw,pinn_statistical,joint,pinn_statistical,observed_reconstruction,climode/pinn_statistical/vs_raw,whole_model_comparison,matched,latent_climode_transport_adaptation_v1,raw_climode_transport_adaptation_v1,1216918,248080,v10,m s**-1,60.0,True,2.542124492763241,2.7888609015480292,0.24673640878478809,0.08847211011772971,0.14434257128351463,
climode,19,raw,pinn_statistical,joint,pinn_statistical,observed_reconstruction,climode/pinn_statistical/vs_raw,whole_model_comparison,matched,latent_climode_transport_adaptation_v1,raw_climode_transport_adaptation_v1,1216918,248080,v10,m s**-1,66.0,True,2.6189738824688207,2.836156502344034,0.21718261987521315,0.07657638769077646,0.14178844772206173,
climode,19,raw,pinn_statistical,joint,pinn_statistical,observed_reconstruction,climode/pinn_statistical/vs_raw,whole_model_comparison,matched,latent_climode_transport_adaptation_v1,raw_climode_transport_adaptation_v1,1216918,248080,v10,m s**-1,72.0,True,2.682585479711514,2.865110485359098,0.18252500564758378,0.06370609670387883,0.13248860756416864,
climode,19,raw,pinn_statistical,joint,pinn_statistical,observed_reconstruction,climode/pinn_statistical/vs_raw,whole_model_comparison,matched,latent_climode_transport_adaptation_v1,raw_climode_transport_adaptation_v1,1216918,248080,v10,m s**-1,78.0,True,2.7365314073949474,2.9009629148186153,0.16443150742366797,0.056681699232942195,0.1322659252279353,
climode,19,raw,pinn_statistical,joint,pinn_statistical,observed_reconstruction,climode/pinn_statistical/vs_raw,whole_model_comparison,matched,latent_climode_transport_adaptation_v1,raw_climode_transport_adaptation_v1,1216918,248080,v10,m s**-1,84.0,True,2.783829670142827,2.923827535538531,0.13999786539570414,0.04788171111122608,0.12603259119269322,
climode,19,raw,pinn_statistical,joint,pinn_statistical,observed_reconstruction,climode/pinn_statistical/vs_raw,whole_model_comparison,matched,latent_climode_transport_adaptation_v1,raw_climode_transport_adaptation_v1,1216918,248080,v10,m s**-1,90.0,True,2.824004465363241,2.9445824614485896,0.1205779960853488,0.0409490981027002,0.12065618384517718,
climode,19,raw,pinn_statistical,joint,pinn_statistical,observed_reconstruction,climode/pinn_statistical/vs_raw,whole_model_comparison,matched,latent_climode_transport_adaptation_v1,raw_climode_transport_adaptation_v1,1216918,248080,v10,m s**-1,96.0,True,2.8590071628891884,2.9549580533182875,0.0959508904290991,0.03247115143355439,0.1095740799154129,
climode,19,raw,pinn_statistical,joint,pinn_statistical,observed_reconstruction,climode/pinn_statistical/vs_raw,whole_model_comparison,matched,latent_climode_transport_adaptation_v1,raw_climode_transport_adaptation_v1,1216918,248080,v10,m s**-1,102.0,True,2.886446371885286,2.973321631581496,0.0868752596962099,0.029218251659508976,0.10900207018210317,
climode,19,raw,pinn_statistical,joint,pinn_statistical,observed_reconstruction,climode/pinn_statistical/vs_raw,whole_model_comparison,matched,latent_climode_transport_adaptation_v1,raw_climode_transport_adaptation_v1,1216918,248080,v10,m s**-1,108.0,True,2.914090333299476,2.9837026794675876,0.06961234616811174,0.023330858884549888,0.10177613599798335,
climode,19,raw,pinn_statistical,joint,pinn_statistical,observed_reconstruction,climode/pinn_statistical/vs_raw,whole_model_comparison,matched,latent_climode_transport_adaptation_v1,raw_climode_transport_adaptation_v1,1216918,248080,v10,m s**-1,114.0,True,2.9374640778158136,2.993821456940066,0.056357379124252205,0.018824562498076958,0.09528240501448476,
climode,19,raw,pinn_statistical,joint,pinn_statistical,observed_reconstruction,climode/pinn_statistical/vs_raw,whole_model_comparison,matched,latent_climode_transport_adaptation_v1,raw_climode_transport_adaptation_v1,1216918,248080,v10,m s**-1,120.0,True,2.9598413601718896,2.9962743100993294,0.03643294992743984,0.012159417381992665,0.08237983377343933,
climode,19,raw,pinn_statistical:kl_entropy,joint,pinn_statistical,observed_reconstruction,climode/pinn_statistical:kl_entropy/vs_raw,whole_model_comparison,matched,latent_climode_transport_adaptation_v1,raw_climode_transport_adaptation_v1,1216918,248080,msl,Pa,6.0,True,231.52594924498985,200.55222268356997,-30.97372656141988,-0.15444220037536072,-0.015312505386192665,
climode,19,raw,pinn_statistical:kl_entropy,joint,pinn_statistical,observed_reconstruction,climode/pinn_statistical:kl_entropy/vs_raw,whole_model_comparison,matched,latent_climode_transport_adaptation_v1,raw_climode_transport_adaptation_v1,1216918,248080,msl,Pa,12.0,True,243.47539973381103,252.9008406982741,9.425440964463064,0.037269314480880555,0.005141861856984842,
climode,19,raw,pinn_statistical:kl_entropy,joint,pinn_statistical,observed_reconstruction,climode/pinn_statistical:kl_entropy/vs_raw,whole_model_comparison,matched,latent_climode_transport_adaptation_v1,raw_climode_transport_adaptation_v1,1216918,248080,msl,Pa,18.0,True,293.7757035933912,333.5492222384406,39.77351864504942,0.1192433260018726,0.02925329760998685,
climode,19,raw,pinn_statistical:kl_entropy,joint,pinn_statistical,observed_reconstruction,climode/pinn_statistical:kl_entropy/vs_raw,whole_model_comparison,matched,latent_climode_transport_adaptation_v1,raw_climode_transport_adaptation_v1,1216918,248080,msl,Pa,24.0,True,314.3272492534194,363.81405476059916,49.48680550717978,0.1360222477928832,0.040501001685930405,
climode,19,raw,pinn_statistical:kl_entropy,joint,pinn_statistical,observed_reconstruction,climode/pinn_statistical:kl_entropy/vs_raw,whole_model_comparison,matched,latent_climode_transport_adaptation_v1,raw_climode_transport_adaptation_v1,1216918,248080,msl,Pa,30.0,True,363.7932152832563,427.3142201459198,63.52100486266352,0.14865174587677488,0.06441178221220945,
climode,19,raw,pinn_statistical:kl_entropy,joint,pinn_statistical,observed_reconstruction,climode/pinn_statistical:kl_entropy/vs_raw,whole_model_comparison,matched,latent_climode_transport_adaptation_v1,raw_climode_transport_adaptation_v1,1216918,248080,msl,Pa,36.0,True,392.679525789599,457.1866516833363,64.50712589373734,0.14109582083428207,0.0732713939473233,
climode,19,raw,pinn_statistical:kl_entropy,joint,pinn_statistical,observed_reconstruction,climode/pinn_statistical:kl_entropy/vs_raw,whole_model_comparison,matched,latent_climode_transport_adaptation_v1,raw_climode_transport_adaptation_v1,1216918,248080,msl,Pa,42.0,True,424.2021399939403,495.1525860839722,70.9504460900319,0.1432900646872508,0.09127798775889862,
climode,19,raw,pinn_statistical:kl_entropy,joint,pinn_statistical,observed_reconstruction,climode/pinn_statistical:kl_entropy/vs_raw,whole_model_comparison,matched,latent_climode_transport_adaptation_v1,raw_climode_transport_adaptation_v1,1216918,248080,msl,Pa,48.0,True,441.1475404876201,510.04789159418243,68.90035110656231,0.13508604239341238,0.09428690302104437,
climode,19,raw,pinn_statistical:kl_entropy,joint,pinn_statistical,observed_reconstruction,climode/pinn_statistical:kl_entropy/vs_raw,whole_model_comparison,matched,latent_climode_transport_adaptation_v1,raw_climode_transport_adaptation_v1,1216918,248080,msl,Pa,54.0,True,470.50380531664706,541.6541976766417,71.15039235999467,0.13135759431974392,0.10907014877040533,
climode,19,raw,pinn_statistical:kl_entropy,joint,pinn_statistical,observed_reconstruction,climode/pinn_statistical:kl_entropy/vs_raw,whole_model_comparison,matched,latent_climode_transport_adaptation_v1,raw_climode_transport_adaptation_v1,1216918,248080,msl,Pa,60.0,True,490.8704688178265,555.1981569132689,64.3276880954424,0.11586437615910794,0.1060385294153624,
climode,19,raw,pinn_statistical:kl_entropy,joint,pinn_statistical,observed_reconstruction,climode/pinn_statistical:kl_entropy/vs_raw,whole_model_comparison,matched,latent_climode_transport_adaptation_v1,raw_climode_transport_adaptation_v1,1216918,248080,msl,Pa,66.0,True,509.3457555045367,573.7255880365146,64.37983253197791,0.11221363291867059,0.11374873036788757,
climode,19,raw,pinn_statistical:kl_entropy,joint,pinn_statistical,observed_reconstruction,climode/pinn_statistical:kl_entropy/vs_raw,whole_model_comparison,matched,latent_climode_transport_adaptation_v1,raw_climode_transport_adaptation_v1,1216918,248080,msl,Pa,72.0,True,518.6469150713488,579.8250281183799,61.17811304703116,0.1055113354550482,0.11207272291359305,
climode,19,raw,pinn_statistical:kl_entropy,joint,pinn_statistical,observed_reconstruction,climode/pinn_statistical:kl_entropy/vs_raw,whole_model_comparison,matched,latent_climode_transport_adaptation_v1,raw_climode_transport_adaptation_v1,1216918,248080,msl,Pa,78.0,True,538.2158564258718,597.9248136452853,59.70895721941349,0.09986030995334372,0.11850244491845507,
climode,19,raw,pinn_statistical:kl_entropy,joint,pinn_statistical,observed_reconstruction,climode/pinn_statistical:kl_entropy/vs_raw,whole_model_comparison,matched,latent_climode_transport_adaptation_v1,raw_climode_transport_adaptation_v1,1216918,248080,msl,Pa,84.0,True,550.6265716506641,604.7327515485836,54.106179897919446,0.08947122470110269,0.11315249420685403,
climode,19,raw,pinn_statistical:kl_entropy,joint,pinn_statistical,observed_reconstruction,climode/pinn_statistical:kl_entropy/vs_raw,whole_model_comparison,matched,latent_climode_transport_adaptation_v1,raw_climode_transport_adaptation_v1,1216918,248080,msl,Pa,90.0,True,563.4879734845666,615.2126620294548,51.72468854488818,0.0840761117858978,0.11382869191676587,
climode,19,raw,pinn_statistical:kl_entropy,joint,pinn_statistical,observed_reconstruction,climode/pinn_statistical:kl_entropy/vs_raw,whole_model_comparison,matched,latent_climode_transport_adaptation_v1,raw_climode_transport_adaptation_v1,1216918,248080,msl,Pa,96.0,True,567.5023160114413,618.2263336977813,50.72401768634006,0.08204764973847978,0.11380145947506998,
climode,19,raw,pinn_statistical:kl_entropy,joint,pinn_statistical,observed_reconstruction,climode/pinn_statistical:kl_entropy/vs_raw,whole_model_comparison,matched,latent_climode_transport_adaptation_v1,raw_climode_transport_adaptation_v1,1216918,248080,msl,Pa,102.0,True,582.0281451593924,630.3441700293736,48.31602486998122,0.07665022882297734,0.1157024110342843,
climode,19,raw,pinn_statistical:kl_entropy,joint,pinn_statistical,observed_reconstruction,climode/pinn_statistical:kl_entropy/vs_raw,whole_model_comparison,matched,latent_climode_transport_adaptation_v1,raw_climode_transport_adaptation_v1,1216918,248080,msl,Pa,108.0,True,589.6014468649939,634.0798283791027,44.47838151410872,0.07014634360441452,0.1106719441689718,
climode,19,raw,pinn_statistical:kl_entropy,joint,pinn_statistical,observed_reconstruction,climode/pinn_statistical:kl_entropy/vs_raw,whole_model_comparison,matched,latent_climode_transport_adaptation_v1,raw_climode_transport_adaptation_v1,1216918,248080,msl,Pa,114.0,True,599.0051539382159,640.4429599094061,41.43780597119019,0.06470179011266164,0.10713331781500163,
climode,19,raw,pinn_statistical:kl_entropy,joint,pinn_statistical,observed_reconstruction,climode/pinn_statistical:kl_entropy/vs_raw,whole_model_comparison,matched,latent_climode_transport_adaptation_v1,raw_climode_transport_adaptation_v1,1216918,248080,msl,Pa,120.0,True,600.8497979179599,641.9991455892842,41.149347671324335,0.06409564242262933,0.10738483763091616,
climode,19,raw,pinn_statistical:kl_entropy,joint,pinn_statistical,observed_reconstruction,climode/pinn_statistical:kl_entropy/vs_raw,whole_model_comparison,matched,latent_climode_transport_adaptation_v1,raw_climode_transport_adaptation_v1,1216918,248080,t2m,K,6.0,True,2.611805668453885,2.3794191106291755,-0.23238655782470952,-0.09766524812153032,-0.02518844139275711,
climode,19,raw,pinn_statistical:kl_entropy,joint,pinn_statistical,observed_reconstruction,climode/pinn_statistical:kl_entropy/vs_raw,whole_model_comparison,matched,latent_climode_transport_adaptation_v1,raw_climode_transport_adaptation_v1,1216918,248080,t2m,K,12.0,True,3.11963405280259,3.1973043022074714,0.07767024940488154,0.024292417006181344,0.013633320654644954,
climode,19,raw,pinn_statistical:kl_entropy,joint,pinn_statistical,observed_reconstruction,climode/pinn_statistical:kl_entropy/vs_raw,whole_model_comparison,matched,latent_climode_transport_adaptation_v1,raw_climode_transport_adaptation_v1,1216918,248080,t2m,K,18.0,True,2.569666808898332,2.653692554632008,0.08402574573367572,0.03166370783495964,0.011433329358497835,
climode,19,raw,pinn_statistical:kl_entropy,joint,pinn_statistical,observed_reconstruction,climode/pinn_statistical:kl_entropy/vs_raw,whole_model_comparison,matched,latent_climode_transport_adaptation_v1,raw_climode_transport_adaptation_v1,1216918,248080,t2m,K,24.0,True,1.7690270731345845,1.774953797953004,0.005926724818419382,0.0033390868118676753,-0.005189179987365233,
climode,19,raw,pinn_statistical:kl_entropy,joint,pinn_statistical,observed_reconstruction,climode/pinn_statistical:kl_entropy/vs_raw,whole_model_comparison,matched,latent_climode_transport_adaptation_v1,raw_climode_transport_adaptation_v1,1216918,248080,t2m,K,30.0,True,2.6344982703756616,2.7316020022019187,0.09710373182625709,0.035548272313456586,0.011527820122374188,
climode,19,raw,pinn_statistical:kl_entropy,joint,pinn_statistical,observed_reconstruction,climode/pinn_statistical:kl_entropy/vs_raw,whole_model_comparison,matched,latent_climode_transport_adaptation_v1,raw_climode_transport_adaptation_v1,1216918,248080,t2m,K,36.0,True,3.111718527705181,3.3128800059189976,0.20116147821381647,0.06072102758156317,0.03621816245542531,
climode,19,raw,pinn_statistical:kl_entropy,joint,pinn_statistical,observed_reconstruction,climode/pinn_statistical:kl_entropy/vs_raw,whole_model_comparison,matched,latent_climode_transport_adaptation_v1,raw_climode_transport_adaptation_v1,1216918,248080,t2m,K,42.0,True,2.6118578956538103,2.8409830934834273,0.22912519782961693,0.08064996879255582,0.034639850530515215,
climode,19,raw,pinn_statistical:kl_entropy,joint,pinn_statistical,observed_reconstruction,climode/pinn_statistical:kl_entropy/vs_raw,whole_model_comparison,matched,latent_climode_transport_adaptation_v1,raw_climode_transport_adaptation_v1,1216918,248080,t2m,K,48.0,True,1.9705885254567606,2.0629240163485756,0.09233549089181503,0.04475952102940317,0.0051402236775227594,
climode,19,raw,pinn_statistical:kl_entropy,joint,pinn_statistical,observed_reconstruction,climode/pinn_statistical:kl_entropy/vs_raw,whole_model_comparison,matched,latent_climode_transport_adaptation_v1,raw_climode_transport_adaptation_v1,1216918,248080,t2m,K,54.0,True,2.7170121618223817,2.826894178971012,0.10988201714863033,0.03887022654262473,0.016907758807132356,
climode,19,raw,pinn_statistical:kl_entropy,joint,pinn_statistical,observed_reconstruction,climode/pinn_statistical:kl_entropy/vs_raw,whole_model_comparison,matched,latent_climode_transport_adaptation_v1,raw_climode_transport_adaptation_v1,1216918,248080,t2m,K,60.0,True,3.11465646863138,3.364124778448609,0.249468309817229,0.07415548656678339,0.04646552966100603,
climode,19,raw,pinn_statistical:kl_entropy,joint,pinn_statistical,observed_reconstruction,climode/pinn_statistical:kl_entropy/vs_raw,whole_model_comparison,matched,latent_climode_transport_adaptation_v1,raw_climode_transport_adaptation_v1,1216918,248080,t2m,K,66.0,True,2.6715175136547322,2.9533064198336176,0.2817889061788854,0.09541472035765286,0.045486131162829624,
climode,19,raw,pinn_statistical:kl_entropy,joint,pinn_statistical,observed_reconstruction,climode/pinn_statistical:kl_entropy/vs_raw,whole_model_comparison,matched,latent_climode_transport_adaptation_v1,raw_climode_transport_adaptation_v1,1216918,248080,t2m,K,72.0,True,2.1550878241410034,2.242864126807577,0.08777630266657344,0.0391358092616656,0.007504326242890769,
climode,19,raw,pinn_statistical:kl_entropy,joint,pinn_statistical,observed_reconstruction,climode/pinn_statistical:kl_entropy/vs_raw,whole_model_comparison,matched,latent_climode_transport_adaptation_v1,raw_climode_transport_adaptation_v1,1216918,248080,t2m,K,78.0,True,2.777416712256294,2.916136673404973,0.1387199611486789,0.04756977353420999,0.021800250270769927,
climode,19,raw,pinn_statistical:kl_entropy,joint,pinn_statistical,observed_reconstruction,climode/pinn_statistical:kl_entropy/vs_raw,whole_model_comparison,matched,latent_climode_transport_adaptation_v1,raw_climode_transport_adaptation_v1,1216918,248080,t2m,K,84.0,True,3.1044902032215855,3.423793312293804,0.3193031090722185,0.09326004228283813,0.05743805803488422,
climode,19,raw,pinn_statistical:kl_entropy,joint,pinn_statistical,observed_reconstruction,climode/pinn_statistical:kl_entropy/vs_raw,whole_model_comparison,matched,latent_climode_transport_adaptation_v1,raw_climode_transport_adaptation_v1,1216918,248080,t2m,K,90.0,True,2.7088997480259933,3.0497320166543576,0.34083226862836424,0.11175810424230881,0.0554044011416337,
climode,19,raw,pinn_statistical:kl_entropy,joint,pinn_statistical,observed_reconstruction,climode/pinn_statistical:kl_entropy/vs_raw,whole_model_comparison,matched,latent_climode_transport_adaptation_v1,raw_climode_transport_adaptation_v1,1216918,248080,t2m,K,96.0,True,2.2812036406345664,2.388591407912908,0.10738776727834143,0.044958617418863756,0.011134086164150903,
climode,19,raw,pinn_statistical:kl_entropy,joint,pinn_statistical,observed_reconstruction,climode/pinn_statistical:kl_entropy/vs_raw,whole_model_comparison,matched,latent_climode_transport_adaptation_v1,raw_climode_transport_adaptation_v1,1216918,248080,t2m,K,102.0,True,2.808120637023394,3.004530324210715,0.19640968718732088,0.0653711781853682,0.02945095500970718,
climode,19,raw,pinn_statistical:kl_entropy,joint,pinn_statistical,observed_reconstruction,climode/pinn_statistical:kl_entropy/vs_raw,whole_model_comparison,matched,latent_climode_transport_adaptation_v1,raw_climode_transport_adaptation_v1,1216918,248080,t2m,K,108.0,True,3.08252109263434,3.4868088811287605,0.4042877884944205,0.11594779131213617,0.06961658442779473,
climode,19,raw,pinn_statistical:kl_entropy,joint,pinn_statistical,observed_reconstruction,climode/pinn_statistical:kl_entropy/vs_raw,whole_model_comparison,matched,latent_climode_transport_adaptation_v1,raw_climode_transport_adaptation_v1,1216918,248080,t2m,K,114.0,True,2.726468940807222,3.1355409510364756,0.40907201022925355,0.13046297803702156,0.06497375674561612,
climode,19,raw,pinn_statistical:kl_entropy,joint,pinn_statistical,observed_reconstruction,climode/pinn_statistical:kl_entropy/vs_raw,whole_model_comparison,matched,latent_climode_transport_adaptation_v1,raw_climode_transport_adaptation_v1,1216918,248080,t2m,K,120.0,True,2.3725855045472315,2.5143997881743267,0.14181428362709525,0.056400849337513215,0.015717265375872813,
climode,19,raw,pinn_statistical:kl_entropy,joint,pinn_statistical,observed_reconstruction,climode/pinn_statistical:kl_entropy/vs_raw,whole_model_comparison,matched,latent_climode_transport_adaptation_v1,raw_climode_transport_adaptation_v1,1216918,248080,u10,m s**-1,6.0,True,1.2622339741095112,0.9343208228348092,-0.327913151274702,-0.3509641905226788,-0.04363870081407073,
climode,19,raw,pinn_statistical:kl_entropy,joint,pinn_statistical,observed_reconstruction,climode/pinn_statistical:kl_entropy/vs_raw,whole_model_comparison,matched,latent_climode_transport_adaptation_v1,raw_climode_transport_adaptation_v1,1216918,248080,u10,m s**-1,12.0,True,1.3747079169220373,1.3179043228381155,-0.05680359408392177,-0.04310145516602826,-0.010203785222138828,
climode,19,raw,pinn_statistical:kl_entropy,joint,pinn_statistical,observed_reconstruction,climode/pinn_statistical:kl_entropy/vs_raw,whole_model_comparison,matched,latent_climode_transport_adaptation_v1,raw_climode_transport_adaptation_v1,1216918,248080,u10,m s**-1,18.0,True,1.5462997805633172,1.6125423155996115,0.06624253503629429,0.041079563863514856,0.01294498376606612,
climode,19,raw,pinn_statistical:kl_entropy,joint,pinn_statistical,observed_reconstruction,climode/pinn_statistical:kl_entropy/vs_raw,whole_model_comparison,matched,latent_climode_transport_adaptation_v1,raw_climode_transport_adaptation_v1,1216918,248080,u10,m s**-1,24.0,True,1.6855648784063606,1.7888411389966874,0.1032762605903268,0.05773361219110362,0.023738524969801,
climode,19,raw,pinn_statistical:kl_entropy,joint,pinn_statistical,observed_reconstruction,climode/pinn_statistical:kl_entropy/vs_raw,whole_model_comparison,matched,latent_climode_transport_adaptation_v1,raw_climode_transport_adaptation_v1,1216918,248080,u10,m s**-1,30.0,True,1.8376503708324379,2.0073572019123898,0.16970683107995188,0.08454241772130733,0.04781296086923437,
climode,19,raw,pinn_statistical:kl_entropy,joint,pinn_statistical,observed_reconstruction,climode/pinn_statistical:kl_entropy/vs_raw,whole_model_comparison,matched,latent_climode_transport_adaptation_v1,raw_climode_transport_adaptation_v1,1216918,248080,u10,m s**-1,36.0,True,1.964349794680447,2.152525448352246,0.1881756536717989,0.08742087291736644,0.06055950046251013,
climode,19,raw,pinn_statistical:kl_entropy,joint,pinn_statistical,observed_reconstruction,climode/pinn_statistical:kl_entropy/vs_raw,whole_model_comparison,matched,latent_climode_transport_adaptation_v1,raw_climode_transport_adaptation_v1,1216918,248080,u10,m s**-1,42.0,True,2.072155674475573,2.2760158770384664,0.20386020256289328,0.08956888421540998,0.0731819380159262,
climode,19,raw,pinn_statistical:kl_entropy,joint,pinn_statistical,observed_reconstruction,climode/pinn_statistical:kl_entropy/vs_raw,whole_model_comparison,matched,latent_climode_transport_adaptation_v1,raw_climode_transport_adaptation_v1,1216918,248080,u10,m s**-1,48.0,True,2.158042511897335,2.349758733031106,0.19171622113377085,0.08158974725309931,0.07497383560220727,
climode,19,raw,pinn_statistical:kl_entropy,joint,pinn_statistical,observed_reconstruction,climode/pinn_statistical:kl_entropy/vs_raw,whole_model_comparison,matched,latent_climode_transport_adaptation_v1,raw_climode_transport_adaptation_v1,1216918,248080,u10,m s**-1,54.0,True,2.2460802320870217,2.449724081045677,0.2036438489586554,0.08312930037072952,0.08792575424645765,
climode,19,raw,pinn_statistical:kl_entropy,joint,pinn_statistical,observed_reconstruction,climode/pinn_statistical:kl_entropy/vs_raw,whole_model_comparison,matched,latent_climode_transport_adaptation_v1,raw_climode_transport_adaptation_v1,1216918,248080,u10,m s**-1,60.0,True,2.3218680876668105,2.51465206300226,0.19278397533544966,0.07666427422379996,0.090389255338448,
climode,19,raw,pinn_statistical:kl_entropy,joint,pinn_statistical,observed_reconstruction,climode/pinn_statistical:kl_entropy/vs_raw,whole_model_comparison,matched,latent_climode_transport_adaptation_v1,raw_climode_transport_adaptation_v1,1216918,248080,u10,m s**-1,66.0,True,2.3889780675419736,2.5762904099217714,0.18731234237979777,0.07270622196101151,0.0948325602973703,
climode,19,raw,pinn_statistical:kl_entropy,joint,pinn_statistical,observed_reconstruction,climode/pinn_statistical:kl_entropy/vs_raw,whole_model_comparison,matched,latent_climode_transport_adaptation_v1,raw_climode_transport_adaptation_v1,1216918,248080,u10,m s**-1,72.0,True,2.4390556521210534,2.607860201072521,0.16880454895146757,0.06472914034350619,0.09114649989953916,
climode,19,raw,pinn_statistical:kl_entropy,joint,pinn_statistical,observed_reconstruction,climode/pinn_statistical:kl_entropy/vs_raw,whole_model_comparison,matched,latent_climode_transport_adaptation_v1,raw_climode_transport_adaptation_v1,1216918,248080,u10,m s**-1,78.0,True,2.4934336025474524,2.661587286960318,0.1681536844128657,0.06317797099373235,0.09783565163267566,
climode,19,raw,pinn_statistical:kl_entropy,joint,pinn_statistical,observed_reconstruction,climode/pinn_statistical:kl_entropy/vs_raw,whole_model_comparison,matched,latent_climode_transport_adaptation_v1,raw_climode_transport_adaptation_v1,1216918,248080,u10,m s**-1,84.0,True,2.5373833700494735,2.6939862652949897,0.1566028952455163,0.058130547012409606,0.09725764851447516,
climode,19,raw,pinn_statistical:kl_entropy,joint,pinn_statistical,observed_reconstruction,climode/pinn_statistical:kl_entropy/vs_raw,whole_model_comparison,matched,latent_climode_transport_adaptation_v1,raw_climode_transport_adaptation_v1,1216918,248080,u10,m s**-1,90.0,True,2.5806770533272996,2.728853037298948,0.14817598397164833,0.054299730306588745,0.09850415865587259,
climode,19,raw,pinn_statistical:kl_entropy,joint,pinn_statistical,observed_reconstruction,climode/pinn_statistical:kl_entropy/vs_raw,whole_model_comparison,matched,latent_climode_transport_adaptation_v1,raw_climode_transport_adaptation_v1,1216918,248080,u10,m s**-1,96.0,True,2.608621300002634,2.7424439359986637,0.1338226359960295,0.04879685387161725,0.09392954403397769,
climode,19,raw,pinn_statistical:kl_entropy,joint,pinn_statistical,observed_reconstruction,climode/pinn_statistical:kl_entropy/vs_raw,whole_model_comparison,matched,latent_climode_transport_adaptation_v1,raw_climode_transport_adaptation_v1,1216918,248080,u10,m s**-1,102.0,True,2.64413833858538,2.775625162669486,0.13148682408410606,0.047371967170685036,0.09846510824733268,
climode,19,raw,pinn_statistical:kl_entropy,joint,pinn_statistical,observed_reconstruction,climode/pinn_statistical:kl_entropy/vs_raw,whole_model_comparison,matched,latent_climode_transport_adaptation_v1,raw_climode_transport_adaptation_v1,1216918,248080,u10,m s**-1,108.0,True,2.6713093488864295,2.793689304486145,0.12237995559971537,0.04380585751006594,0.09700673388660203,
climode,19,raw,pinn_statistical:kl_entropy,joint,pinn_statistical,observed_reconstruction,climode/pinn_statistical:kl_entropy/vs_raw,whole_model_comparison,matched,latent_climode_transport_adaptation_v1,raw_climode_transport_adaptation_v1,1216918,248080,u10,m s**-1,114.0,True,2.7002675898531376,2.8153501002322385,0.11508251037910089,0.04087680262913229,0.09705280198654082,
climode,19,raw,pinn_statistical:kl_entropy,joint,pinn_statistical,observed_reconstruction,climode/pinn_statistical:kl_entropy/vs_raw,whole_model_comparison,matched,latent_climode_transport_adaptation_v1,raw_climode_transport_adaptation_v1,1216918,248080,u10,m s**-1,120.0,True,2.7171599022118773,2.8208049721981507,0.10364506998627343,0.03674308256253056,0.09193686135609042,
climode,19,raw,pinn_statistical:kl_entropy,joint,pinn_statistical,observed_reconstruction,climode/pinn_statistical:kl_entropy/vs_raw,whole_model_comparison,matched,latent_climode_transport_adaptation_v1,raw_climode_transport_adaptation_v1,1216918,248080,v10,m s**-1,6.0,True,1.376790202817612,1.0802200187889985,-0.29657018402861346,-0.27454609141671815,-0.04217851942191009,
climode,19,raw,pinn_statistical:kl_entropy,joint,pinn_statistical,observed_reconstruction,climode/pinn_statistical:kl_entropy/vs_raw,whole_model_comparison,matched,latent_climode_transport_adaptation_v1,raw_climode_transport_adaptation_v1,1216918,248080,v10,m s**-1,12.0,True,1.505412001496689,1.5514011145927087,0.04598911309601972,0.029643599365398954,0.00704546204066181,
climode,19,raw,pinn_statistical:kl_entropy,joint,pinn_statistical,observed_reconstruction,climode/pinn_statistical:kl_entropy/vs_raw,whole_model_comparison,matched,latent_climode_transport_adaptation_v1,raw_climode_transport_adaptation_v1,1216918,248080,v10,m s**-1,18.0,True,1.7025708372125097,1.881676646497712,0.17910580928520226,0.09518415909479694,0.03962481299692877,
climode,19,raw,pinn_statistical:kl_entropy,joint,pinn_statistical,observed_reconstruction,climode/pinn_statistical:kl_entropy/vs_raw,whole_model_comparison,matched,latent_climode_transport_adaptation_v1,raw_climode_transport_adaptation_v1,1216918,248080,v10,m s**-1,24.0,True,1.8634642031241497,2.089233544708996,0.22576934158484607,0.10806323790684347,0.05809765667653566,
climode,19,raw,pinn_statistical:kl_entropy,joint,pinn_statistical,observed_reconstruction,climode/pinn_statistical:kl_entropy/vs_raw,whole_model_comparison,matched,latent_climode_transport_adaptation_v1,raw_climode_transport_adaptation_v1,1216918,248080,v10,m s**-1,30.0,True,2.017951213153023,2.299008981382942,0.28105776822991935,0.12225170519379713,0.08713276696246064,
climode,19,raw,pinn_statistical:kl_entropy,joint,pinn_statistical,observed_reconstruction,climode/pinn_statistical:kl_entropy/vs_raw,whole_model_comparison,matched,latent_climode_transport_adaptation_v1,raw_climode_transport_adaptation_v1,1216918,248080,v10,m s**-1,36.0,True,2.151662305818288,2.4484561935587825,0.29679388774049453,0.12121674405336635,0.1072833432171576,
climode,19,raw,pinn_statistical:kl_entropy,joint,pinn_statistical,observed_reconstruction,climode/pinn_statistical:kl_entropy/vs_raw,whole_model_comparison,matched,latent_climode_transport_adaptation_v1,raw_climode_transport_adaptation_v1,1216918,248080,v10,m s**-1,42.0,True,2.269724144110669,2.568092236264437,0.29836809215376814,0.11618277877268779,0.12322254978366798,
climode,19,raw,pinn_statistical:kl_entropy,joint,pinn_statistical,observed_reconstruction,climode/pinn_statistical:kl_entropy/vs_raw,whole_model_comparison,matched,latent_climode_transport_adaptation_v1,raw_climode_transport_adaptation_v1,1216918,248080,v10,m s**-1,48.0,True,2.368909430107408,2.6483409550268022,0.2794315249193944,0.10551191469097165,0.12846642397225205,
climode,19,raw,pinn_statistical:kl_entropy,joint,pinn_statistical,observed_reconstruction,climode/pinn_statistical:kl_entropy/vs_raw,whole_model_comparison,matched,latent_climode_transport_adaptation_v1,raw_climode_transport_adaptation_v1,1216918,248080,v10,m s**-1,54.0,True,2.4596977639092077,2.73200605006417,0.27230828615496216,0.09967338328133135,0.14034649735701438,
climode,19,raw,pinn_statistical:kl_entropy,joint,pinn_statistical,observed_reconstruction,climode/pinn_statistical:kl_entropy/vs_raw,whole_model_comparison,matched,latent_climode_transport_adaptation_v1,raw_climode_transport_adaptation_v1,1216918,248080,v10,m s**-1,60.0,True,2.5392210969380455,2.7888609015480292,0.2496398046099837,0.08951317882918242,0.14261572303307418,
climode,19,raw,pinn_statistical:kl_entropy,joint,pinn_statistical,observed_reconstruction,climode/pinn_statistical:kl_entropy/vs_raw,whole_model_comparison,matched,latent_climode_transport_adaptation_v1,raw_climode_transport_adaptation_v1,1216918,248080,v10,m s**-1,66.0,True,2.607744445610046,2.836156502344034,0.2284120567339878,0.08053577316527105,0.14297729861044056,
climode,19,raw,pinn_statistical:kl_entropy,joint,pinn_statistical,observed_reconstruction,climode/pinn_statistical:kl_entropy/vs_raw,whole_model_comparison,matched,latent_climode_transport_adaptation_v1,raw_climode_transport_adaptation_v1,1216918,248080,v10,m s**-1,72.0,True,2.6654361296681444,2.865110485359098,0.1996743556909535,0.06969167741045323,0.13584759481205783,
climode,19,raw,pinn_statistical:kl_entropy,joint,pinn_statistical,observed_reconstruction,climode/pinn_statistical:kl_entropy/vs_raw,whole_model_comparison,matched,latent_climode_transport_adaptation_v1,raw_climode_transport_adaptation_v1,1216918,248080,v10,m s**-1,78.0,True,2.713922750741824,2.9009629148186153,0.18704016407679136,0.06447519998320494,0.13756732430796953,
climode,19,raw,pinn_statistical:kl_entropy,joint,pinn_statistical,observed_reconstruction,climode/pinn_statistical:kl_entropy/vs_raw,whole_model_comparison,matched,latent_climode_transport_adaptation_v1,raw_climode_transport_adaptation_v1,1216918,248080,v10,m s**-1,84.0,True,2.758733333497623,2.923827535538531,0.16509420204090786,0.05646509584926651,0.13197354706537834,
climode,19,raw,pinn_statistical:kl_entropy,joint,pinn_statistical,observed_reconstruction,climode/pinn_statistical:kl_entropy/vs_raw,whole_model_comparison,matched,latent_climode_transport_adaptation_v1,raw_climode_transport_adaptation_v1,1216918,248080,v10,m s**-1,90.0,True,2.795231569971319,2.9445824614485896,0.14935089147727076,0.05072056681469106,0.1279405461498468,
climode,19,raw,pinn_statistical:kl_entropy,joint,pinn_statistical,observed_reconstruction,climode/pinn_statistical:kl_entropy/vs_raw,whole_model_comparison,matched,latent_climode_transport_adaptation_v1,raw_climode_transport_adaptation_v1,1216918,248080,v10,m s**-1,96.0,True,2.8292053165483138,2.9549580533182875,0.12575273676997378,0.04255652178505853,0.11701803270151662,
climode,19,raw,pinn_statistical:kl_entropy,joint,pinn_statistical,observed_reconstruction,climode/pinn_statistical:kl_entropy/vs_raw,whole_model_comparison,matched,latent_climode_transport_adaptation_v1,raw_climode_transport_adaptation_v1,1216918,248080,v10,m s**-1,102.0,True,2.855101977237264,2.973321631581496,0.11821965434423198,0.03976012991280442,0.11694766330974149,
climode,19,raw,pinn_statistical:kl_entropy,joint,pinn_statistical,observed_reconstruction,climode/pinn_statistical:kl_entropy/vs_raw,whole_model_comparison,matched,latent_climode_transport_adaptation_v1,raw_climode_transport_adaptation_v1,1216918,248080,v10,m s**-1,108.0,True,2.8822210693143218,2.9837026794675876,0.10148161015326584,0.03401197138428491,0.10979116387959598,
climode,19,raw,pinn_statistical:kl_entropy,joint,pinn_statistical,observed_reconstruction,climode/pinn_statistical:kl_entropy/vs_raw,whole_model_comparison,matched,latent_climode_transport_adaptation_v1,raw_climode_transport_adaptation_v1,1216918,248080,v10,m s**-1,114.0,True,2.903325592237954,2.993821456940066,0.0904958647021119,0.030227542291251464,0.10469664603475076,
climode,19,raw,pinn_statistical:kl_entropy,joint,pinn_statistical,observed_reconstruction,climode/pinn_statistical:kl_entropy/vs_raw,whole_model_comparison,matched,latent_climode_transport_adaptation_v1,raw_climode_transport_adaptation_v1,1216918,248080,v10,m s**-1,120.0,True,2.9248435965010726,2.9962743100993294,0.07143071359825681,0.02383984448870069,0.09261527302704409,
convlstm,19,raw,pinn_statistical,joint,pinn_statistical,observed_reconstruction,convlstm/pinn_statistical/vs_raw,whole_model_comparison,matched,convlstm_time_conditioned_adaptation_v1,convlstm_time_conditioned_adaptation_v1,1604278,855940,msl,Pa,6.0,True,228.67821610486666,176.38758293301686,-52.290633171849805,-0.29645302862224243,-0.021419336315176007,
convlstm,19,raw,pinn_statistical,joint,pinn_statistical,observed_reconstruction,convlstm/pinn_statistical/vs_raw,whole_model_comparison,matched,convlstm_time_conditioned_adaptation_v1,convlstm_time_conditioned_adaptation_v1,1604278,855940,msl,Pa,12.0,True,247.34461060730825,216.3729162589156,-30.971694348392646,-0.14314034715570112,-0.014919121627281373,
convlstm,19,raw,pinn_statistical,joint,pinn_statistical,observed_reconstruction,convlstm/pinn_statistical/vs_raw,whole_model_comparison,matched,convlstm_time_conditioned_adaptation_v1,convlstm_time_conditioned_adaptation_v1,1604278,855940,msl,Pa,18.0,True,298.9815525307498,281.66295869020354,-17.31859384054627,-0.06148694141779121,-0.010947026636063395,
convlstm,19,raw,pinn_statistical,joint,pinn_statistical,observed_reconstruction,convlstm/pinn_statistical/vs_raw,whole_model_comparison,matched,convlstm_time_conditioned_adaptation_v1,convlstm_time_conditioned_adaptation_v1,1604278,855940,msl,Pa,24.0,True,330.6138501325028,300.9405699760205,-29.673280156482292,-0.09860179423082349,-0.022164437904258483,
convlstm,19,raw,pinn_statistical,joint,pinn_statistical,observed_reconstruction,convlstm/pinn_statistical/vs_raw,whole_model_comparison,matched,convlstm_time_conditioned_adaptation_v1,convlstm_time_conditioned_adaptation_v1,1604278,855940,msl,Pa,30.0,True,370.3346749206161,344.6077758223564,-25.726899098259707,-0.07465559660360599,-0.02270101344962827,
convlstm,19,raw,pinn_statistical,joint,pinn_statistical,observed_reconstruction,convlstm/pinn_statistical/vs_raw,whole_model_comparison,matched,convlstm_time_conditioned_adaptation_v1,convlstm_time_conditioned_adaptation_v1,1604278,855940,msl,Pa,36.0,True,404.3426609623076,373.71905803781914,-30.623602924488466,-0.08194284520911288,-0.030273818646151307,
convlstm,19,raw,pinn_statistical,joint,pinn_statistical,observed_reconstruction,convlstm/pinn_statistical/vs_raw,whole_model_comparison,matched,convlstm_time_conditioned_adaptation_v1,convlstm_time_conditioned_adaptation_v1,1604278,855940,msl,Pa,42.0,True,434.8167686107507,402.49564620721986,-32.321122403530865,-0.0803017938407482,-0.03656938376511343,
convlstm,19,raw,pinn_statistical,joint,pinn_statistical,observed_reconstruction,convlstm/pinn_statistical/vs_raw,whole_model_comparison,matched,convlstm_time_conditioned_adaptation_v1,convlstm_time_conditioned_adaptation_v1,1604278,855940,msl,Pa,48.0,True,458.8621509004415,422.2254232009003,-36.63672769954121,-0.08677053935264567,-0.04315785223790436,
convlstm,19,raw,pinn_statistical,joint,pinn_statistical,observed_reconstruction,convlstm/pinn_statistical/vs_raw,whole_model_comparison,matched,convlstm_time_conditioned_adaptation_v1,convlstm_time_conditioned_adaptation_v1,1604278,855940,msl,Pa,54.0,True,481.2262774533805,445.7120762524268,-35.514201200953664,-0.07967969254851504,-0.04571114702615309,
convlstm,19,raw,pinn_statistical,joint,pinn_statistical,observed_reconstruction,convlstm/pinn_statistical/vs_raw,whole_model_comparison,matched,convlstm_time_conditioned_adaptation_v1,convlstm_time_conditioned_adaptation_v1,1604278,855940,msl,Pa,60.0,True,501.32933576859733,467.3809090978822,-33.94842667071515,-0.07263545859466292,-0.046837590222805536,
convlstm,19,raw,pinn_statistical,joint,pinn_statistical,observed_reconstruction,convlstm/pinn_statistical/vs_raw,whole_model_comparison,matched,convlstm_time_conditioned_adaptation_v1,convlstm_time_conditioned_adaptation_v1,1604278,855940,msl,Pa,66.0,True,518.7602893164542,485.41173038181273,-33.34855893464146,-0.06870159258081854,-0.04993911395505135,
convlstm,19,raw,pinn_statistical,joint,pinn_statistical,observed_reconstruction,convlstm/pinn_statistical/vs_raw,whole_model_comparison,matched,convlstm_time_conditioned_adaptation_v1,convlstm_time_conditioned_adaptation_v1,1604278,855940,msl,Pa,72.0,True,533.8048526052149,498.9125452243141,-34.89230738090083,-0.0699367208038697,-0.05260190897726502,
convlstm,19,raw,pinn_statistical,joint,pinn_statistical,observed_reconstruction,convlstm/pinn_statistical/vs_raw,whole_model_comparison,matched,convlstm_time_conditioned_adaptation_v1,convlstm_time_conditioned_adaptation_v1,1604278,855940,msl,Pa,78.0,True,546.2889106914482,515.8330944578148,-30.455816233633414,-0.0590419974229166,-0.04987800686800137,
convlstm,19,raw,pinn_statistical,joint,pinn_statistical,observed_reconstruction,convlstm/pinn_statistical/vs_raw,whole_model_comparison,matched,convlstm_time_conditioned_adaptation_v1,convlstm_time_conditioned_adaptation_v1,1604278,855940,msl,Pa,84.0,True,559.1411964507208,530.1881371875162,-28.953059263204636,-0.05460902881907481,-0.049344054145501026,
convlstm,19,raw,pinn_statistical,joint,pinn_statistical,observed_reconstruction,convlstm/pinn_statistical/vs_raw,whole_model_comparison,matched,convlstm_time_conditioned_adaptation_v1,convlstm_time_conditioned_adaptation_v1,1604278,855940,msl,Pa,90.0,True,569.212269010683,544.4760959658075,-24.7361730448755,-0.04543114606527898,-0.045503108681389404,
convlstm,19,raw,pinn_statistical,joint,pinn_statistical,observed_reconstruction,convlstm/pinn_statistical/vs_raw,whole_model_comparison,matched,convlstm_time_conditioned_adaptation_v1,convlstm_time_conditioned_adaptation_v1,1604278,855940,msl,Pa,96.0,True,578.5673499546599,552.7859298932559,-25.781420061403992,-0.04663906707318399,-0.04644945408003398,
convlstm,19,raw,pinn_statistical,joint,pinn_statistical,observed_reconstruction,convlstm/pinn_statistical/vs_raw,whole_model_comparison,matched,convlstm_time_conditioned_adaptation_v1,convlstm_time_conditioned_adaptation_v1,1604278,855940,msl,Pa,102.0,True,586.0034879195111,564.9252556782346,-21.07823224127651,-0.037311541711780194,-0.04075130464254473,
convlstm,19,raw,pinn_statistical,joint,pinn_statistical,observed_reconstruction,convlstm/pinn_statistical/vs_raw,whole_model_comparison,matched,convlstm_time_conditioned_adaptation_v1,convlstm_time_conditioned_adaptation_v1,1604278,855940,msl,Pa,108.0,True,593.848676809104,575.7978785632735,-18.050798245830492,-0.031349191995758474,-0.03678804402489588,
convlstm,19,raw,pinn_statistical,joint,pinn_statistical,observed_reconstruction,convlstm/pinn_statistical/vs_raw,whole_model_comparison,matched,convlstm_time_conditioned_adaptation_v1,convlstm_time_conditioned_adaptation_v1,1604278,855940,msl,Pa,114.0,True,600.2598061910289,584.4257476609013,-15.834058530127663,-0.027093362319339453,-0.03360163012073558,
convlstm,19,raw,pinn_statistical,joint,pinn_statistical,observed_reconstruction,convlstm/pinn_statistical/vs_raw,whole_model_comparison,matched,convlstm_time_conditioned_adaptation_v1,convlstm_time_conditioned_adaptation_v1,1604278,855940,msl,Pa,120.0,True,605.9921479252986,590.0902367098612,-15.901911215437394,-0.02694827032574021,-0.032241149076502884,
convlstm,19,raw,pinn_statistical,joint,pinn_statistical,observed_reconstruction,convlstm/pinn_statistical/vs_raw,whole_model_comparison,matched,convlstm_time_conditioned_adaptation_v1,convlstm_time_conditioned_adaptation_v1,1604278,855940,t2m,K,6.0,True,2.02372835407698,1.7430134787990932,-0.28071487527788674,-0.16105146557518002,-0.02656552355668218,
convlstm,19,raw,pinn_statistical,joint,pinn_statistical,observed_reconstruction,convlstm/pinn_statistical/vs_raw,whole_model_comparison,matched,convlstm_time_conditioned_adaptation_v1,convlstm_time_conditioned_adaptation_v1,1604278,855940,t2m,K,12.0,True,2.3793509333343428,2.296093670521765,-0.08325726281257761,-0.03626039472233655,-0.0070876637769867745,
convlstm,19,raw,pinn_statistical,joint,pinn_statistical,observed_reconstruction,convlstm/pinn_statistical/vs_raw,whole_model_comparison,matched,convlstm_time_conditioned_adaptation_v1,convlstm_time_conditioned_adaptation_v1,1604278,855940,t2m,K,18.0,True,2.176722400434103,1.980617212866341,-0.19610518756776196,-0.09901215959037302,-0.01186060022549118,
convlstm,19,raw,pinn_statistical,joint,pinn_statistical,observed_reconstruction,convlstm/pinn_statistical/vs_raw,whole_model_comparison,matched,convlstm_time_conditioned_adaptation_v1,convlstm_time_conditioned_adaptation_v1,1604278,855940,t2m,K,24.0,True,1.6354160120164503,1.1909227896004244,-0.44449322241602585,-0.37323429049935397,-0.02598917069936113,
convlstm,19,raw,pinn_statistical,joint,pinn_statistical,observed_reconstruction,convlstm/pinn_statistical/vs_raw,whole_model_comparison,matched,convlstm_time_conditioned_adaptation_v1,convlstm_time_conditioned_adaptation_v1,1604278,855940,t2m,K,30.0,True,1.8869648951503937,1.7833788065993341,-0.10358608855105955,-0.05808417604142346,-0.009569640769157783,
convlstm,19,raw,pinn_statistical,joint,pinn_statistical,observed_reconstruction,convlstm/pinn_statistical/vs_raw,whole_model_comparison,matched,convlstm_time_conditioned_adaptation_v1,convlstm_time_conditioned_adaptation_v1,1604278,855940,t2m,K,36.0,True,2.01571290332961,2.1797848934737707,0.16407199014416074,0.0752698078766344,0.018688195002545926,
convlstm,19,raw,pinn_statistical,joint,pinn_statistical,observed_reconstruction,convlstm/pinn_statistical/vs_raw,whole_model_comparison,matched,convlstm_time_conditioned_adaptation_v1,convlstm_time_conditioned_adaptation_v1,1604278,855940,t2m,K,42.0,True,2.038956725006083,2.107879502941496,0.06892277793541313,0.032697684018101136,0.009333797929192311,
convlstm,19,raw,pinn_statistical,joint,pinn_statistical,observed_reconstruction,convlstm/pinn_statistical/vs_raw,whole_model_comparison,matched,convlstm_time_conditioned_adaptation_v1,convlstm_time_conditioned_adaptation_v1,1604278,855940,t2m,K,48.0,True,1.8629254292586415,1.5604967809241934,-0.30242864833444805,-0.19380280179452636,-0.01937139123678666,
convlstm,19,raw,pinn_statistical,joint,pinn_statistical,observed_reconstruction,convlstm/pinn_statistical/vs_raw,whole_model_comparison,matched,convlstm_time_conditioned_adaptation_v1,convlstm_time_conditioned_adaptation_v1,1604278,855940,t2m,K,54.0,True,2.0202421488944844,1.9276479497951629,-0.09259419909932154,-0.04803480796851978,-0.00713405892620389,
convlstm,19,raw,pinn_statistical,joint,pinn_statistical,observed_reconstruction,convlstm/pinn_statistical/vs_raw,whole_model_comparison,matched,convlstm_time_conditioned_adaptation_v1,convlstm_time_conditioned_adaptation_v1,1604278,855940,t2m,K,60.0,True,2.0811015521588963,2.175601465759742,0.09449991360084553,0.04343622445935669,0.010881313889167799,
convlstm,19,raw,pinn_statistical,joint,pinn_statistical,observed_reconstruction,convlstm/pinn_statistical/vs_raw,whole_model_comparison,matched,convlstm_time_conditioned_adaptation_v1,convlstm_time_conditioned_adaptation_v1,1604278,855940,t2m,K,66.0,True,2.0542309734113746,2.2147939776806402,0.16056300426926562,0.07249568397210882,0.01652452245774183,
convlstm,19,raw,pinn_statistical,joint,pinn_statistical,observed_reconstruction,convlstm/pinn_statistical/vs_raw,whole_model_comparison,matched,convlstm_time_conditioned_adaptation_v1,convlstm_time_conditioned_adaptation_v1,1604278,855940,t2m,K,72.0,True,2.0217905946488837,1.7943505912728646,-0.2274400033760191,-0.126753380572455,-0.014881169581421383,
convlstm,19,raw,pinn_statistical,joint,pinn_statistical,observed_reconstruction,convlstm/pinn_statistical/vs_raw,whole_model_comparison,matched,convlstm_time_conditioned_adaptation_v1,convlstm_time_conditioned_adaptation_v1,1604278,855940,t2m,K,78.0,True,2.137888460581763,2.058095081626198,-0.07979337895556515,-0.038770501745972075,-0.005378290642394035,
convlstm,19,raw,pinn_statistical,joint,pinn_statistical,observed_reconstruction,convlstm/pinn_statistical/vs_raw,whole_model_comparison,matched,convlstm_time_conditioned_adaptation_v1,convlstm_time_conditioned_adaptation_v1,1604278,855940,t2m,K,84.0,True,2.1782145822006105,2.226627537119248,0.048412954918637396,0.0217427271115459,0.005254350166687516,
convlstm,19,raw,pinn_statistical,joint,pinn_statistical,observed_reconstruction,convlstm/pinn_statistical/vs_raw,whole_model_comparison,matched,convlstm_time_conditioned_adaptation_v1,convlstm_time_conditioned_adaptation_v1,1604278,855940,t2m,K,90.0,True,2.1392489449946517,2.2890007289312884,0.14975178393663668,0.06542233999486502,0.015511278584780741,
convlstm,19,raw,pinn_statistical,joint,pinn_statistical,observed_reconstruction,convlstm/pinn_statistical/vs_raw,whole_model_comparison,matched,convlstm_time_conditioned_adaptation_v1,convlstm_time_conditioned_adaptation_v1,1604278,855940,t2m,K,96.0,True,2.134415007003805,1.9614234822289494,-0.17299152477485547,-0.08819692755909547,-0.010399212954076864,
convlstm,19,raw,pinn_statistical,joint,pinn_statistical,observed_reconstruction,convlstm/pinn_statistical/vs_raw,whole_model_comparison,matched,convlstm_time_conditioned_adaptation_v1,convlstm_time_conditioned_adaptation_v1,1604278,855940,t2m,K,102.0,True,2.231382664946769,2.177599913206317,-0.053782751740452106,-0.024698178675651272,-0.0018657814988897181,
convlstm,19,raw,pinn_statistical,joint,pinn_statistical,observed_reconstruction,convlstm/pinn_statistical/vs_raw,whole_model_comparison,matched,convlstm_time_conditioned_adaptation_v1,convlstm_time_conditioned_adaptation_v1,1604278,855940,t2m,K,108.0,True,2.2556831695267903,2.2944616774977873,0.03877850797099702,0.016900917697299178,0.004111108628972349,
convlstm,19,raw,pinn_statistical,joint,pinn_statistical,observed_reconstruction,convlstm/pinn_statistical/vs_raw,whole_model_comparison,matched,convlstm_time_conditioned_adaptation_v1,convlstm_time_conditioned_adaptation_v1,1604278,855940,t2m,K,114.0,True,2.2168909990218264,2.3626385044886757,0.14574750546684934,0.061688449244329924,0.015415435426814006,
convlstm,19,raw,pinn_statistical,joint,pinn_statistical,observed_reconstruction,convlstm/pinn_statistical/vs_raw,whole_model_comparison,matched,convlstm_time_conditioned_adaptation_v1,convlstm_time_conditioned_adaptation_v1,1604278,855940,t2m,K,120.0,True,2.2141769061877223,2.0938445224890994,-0.12033238369862298,-0.05746958879046837,-0.00545312284115218,
convlstm,19,raw,pinn_statistical,joint,pinn_statistical,observed_reconstruction,convlstm/pinn_statistical/vs_raw,whole_model_comparison,matched,convlstm_time_conditioned_adaptation_v1,convlstm_time_conditioned_adaptation_v1,1604278,855940,u10,m s**-1,6.0,True,1.2110571839903455,0.844505747327747,-0.3665514366625985,-0.43404256018679566,-0.04560061796885051,
convlstm,19,raw,pinn_statistical,joint,pinn_statistical,observed_reconstruction,convlstm/pinn_statistical/vs_raw,whole_model_comparison,matched,convlstm_time_conditioned_adaptation_v1,convlstm_time_conditioned_adaptation_v1,1604278,855940,u10,m s**-1,12.0,True,1.3697962366637948,1.1281640953941363,-0.24163214126965848,-0.2141817331859348,-0.03811128911479378,
convlstm,19,raw,pinn_statistical,joint,pinn_statistical,observed_reconstruction,convlstm/pinn_statistical/vs_raw,whole_model_comparison,matched,convlstm_time_conditioned_adaptation_v1,convlstm_time_conditioned_adaptation_v1,1604278,855940,u10,m s**-1,18.0,True,1.5641714619071156,1.3372603511998296,-0.2269111107072861,-0.16968357022153135,-0.04273653872832761,
convlstm,19,raw,pinn_statistical,joint,pinn_statistical,observed_reconstruction,convlstm/pinn_statistical/vs_raw,whole_model_comparison,matched,convlstm_time_conditioned_adaptation_v1,convlstm_time_conditioned_adaptation_v1,1604278,855940,u10,m s**-1,24.0,True,1.7183699396518213,1.4804800573045132,-0.23788988234730812,-0.16068428694705328,-0.050942968724135174,
convlstm,19,raw,pinn_statistical,joint,pinn_statistical,observed_reconstruction,convlstm/pinn_statistical/vs_raw,whole_model_comparison,matched,convlstm_time_conditioned_adaptation_v1,convlstm_time_conditioned_adaptation_v1,1604278,855940,u10,m s**-1,30.0,True,1.8676371101620644,1.6363681851724627,-0.2312689249896016,-0.14133061684111592,-0.05649642616221073,
convlstm,19,raw,pinn_statistical,joint,pinn_statistical,observed_reconstruction,convlstm/pinn_statistical/vs_raw,whole_model_comparison,matched,convlstm_time_conditioned_adaptation_v1,convlstm_time_conditioned_adaptation_v1,1604278,855940,u10,m s**-1,36.0,True,1.9969469663279487,1.77691355815247,-0.22003340817547867,-0.12382898828475164,-0.06075201134727504,
convlstm,19,raw,pinn_statistical,joint,pinn_statistical,observed_reconstruction,convlstm/pinn_statistical/vs_raw,whole_model_comparison,matched,convlstm_time_conditioned_adaptation_v1,convlstm_time_conditioned_adaptation_v1,1604278,855940,u10,m s**-1,42.0,True,2.1112936600051047,1.9013929756834378,-0.20990068432166686,-0.11039311021238007,-0.06420306673572374,
convlstm,19,raw,pinn_statistical,joint,pinn_statistical,observed_reconstruction,convlstm/pinn_statistical/vs_raw,whole_model_comparison,matched,convlstm_time_conditioned_adaptation_v1,convlstm_time_conditioned_adaptation_v1,1604278,855940,u10,m s**-1,48.0,True,2.203029670963712,2.00596881885527,-0.19706085210844204,-0.09823724589143779,-0.0659936750661031,
convlstm,19,raw,pinn_statistical,joint,pinn_statistical,observed_reconstruction,convlstm/pinn_statistical/vs_raw,whole_model_comparison,matched,convlstm_time_conditioned_adaptation_v1,convlstm_time_conditioned_adaptation_v1,1604278,855940,u10,m s**-1,54.0,True,2.286107631676162,2.0943099266623513,-0.19179770501381066,-0.09158038290897741,-0.06971079154046989,
convlstm,19,raw,pinn_statistical,joint,pinn_statistical,observed_reconstruction,convlstm/pinn_statistical/vs_raw,whole_model_comparison,matched,convlstm_time_conditioned_adaptation_v1,convlstm_time_conditioned_adaptation_v1,1604278,855940,u10,m s**-1,60.0,True,2.3607130569700425,2.184859121611903,-0.17585393535813942,-0.08048753973134959,-0.07005607871800945,
convlstm,19,raw,pinn_statistical,joint,pinn_statistical,observed_reconstruction,convlstm/pinn_statistical/vs_raw,whole_model_comparison,matched,convlstm_time_conditioned_adaptation_v1,convlstm_time_conditioned_adaptation_v1,1604278,855940,u10,m s**-1,66.0,True,2.429281316595582,2.269848247896357,-0.15943306869922536,-0.07023952761907504,-0.06877120782598822,
convlstm,19,raw,pinn_statistical,joint,pinn_statistical,observed_reconstruction,convlstm/pinn_statistical/vs_raw,whole_model_comparison,matched,convlstm_time_conditioned_adaptation_v1,convlstm_time_conditioned_adaptation_v1,1604278,855940,u10,m s**-1,72.0,True,2.4848623423067946,2.334758222279734,-0.15010412002706053,-0.06429107673534351,-0.06810087207664695,
convlstm,19,raw,pinn_statistical,joint,pinn_statistical,observed_reconstruction,convlstm/pinn_statistical/vs_raw,whole_model_comparison,matched,convlstm_time_conditioned_adaptation_v1,convlstm_time_conditioned_adaptation_v1,1604278,855940,u10,m s**-1,78.0,True,2.5322417746942283,2.393184165847787,-0.13905760884644147,-0.05810568648701553,-0.06722544878679249,
convlstm,19,raw,pinn_statistical,joint,pinn_statistical,observed_reconstruction,convlstm/pinn_statistical/vs_raw,whole_model_comparison,matched,convlstm_time_conditioned_adaptation_v1,convlstm_time_conditioned_adaptation_v1,1604278,855940,u10,m s**-1,84.0,True,2.5758526476450463,2.447382428438995,-0.12847021920605117,-0.05249290740719781,-0.0665192821465127,
convlstm,19,raw,pinn_statistical,joint,pinn_statistical,observed_reconstruction,convlstm/pinn_statistical/vs_raw,whole_model_comparison,matched,convlstm_time_conditioned_adaptation_v1,convlstm_time_conditioned_adaptation_v1,1604278,855940,u10,m s**-1,90.0,True,2.6152758263882916,2.5021873807901795,-0.11308844559811204,-0.045195834039575056,-0.06257280385610126,
convlstm,19,raw,pinn_statistical,joint,pinn_statistical,observed_reconstruction,convlstm/pinn_statistical/vs_raw,whole_model_comparison,matched,convlstm_time_conditioned_adaptation_v1,convlstm_time_conditioned_adaptation_v1,1604278,855940,u10,m s**-1,96.0,True,2.6476345115486493,2.5420473945913664,-0.10558711695728284,-0.041536250339760494,-0.05982307891207789,
convlstm,19,raw,pinn_statistical,joint,pinn_statistical,observed_reconstruction,convlstm/pinn_statistical/vs_raw,whole_model_comparison,matched,convlstm_time_conditioned_adaptation_v1,convlstm_time_conditioned_adaptation_v1,1604278,855940,u10,m s**-1,102.0,True,2.6737886336289582,2.577982110367495,-0.0958065232614631,-0.037163377851293866,-0.05702410621856335,
convlstm,19,raw,pinn_statistical,joint,pinn_statistical,observed_reconstruction,convlstm/pinn_statistical/vs_raw,whole_model_comparison,matched,convlstm_time_conditioned_adaptation_v1,convlstm_time_conditioned_adaptation_v1,1604278,855940,u10,m s**-1,108.0,True,2.6980169928625273,2.612480760623916,-0.08553623223861129,-0.032741382645889106,-0.05432941017665521,
convlstm,19,raw,pinn_statistical,joint,pinn_statistical,observed_reconstruction,convlstm/pinn_statistical/vs_raw,whole_model_comparison,matched,convlstm_time_conditioned_adaptation_v1,convlstm_time_conditioned_adaptation_v1,1604278,855940,u10,m s**-1,114.0,True,2.7205750428421753,2.646673452474361,-0.07390159036781441,-0.02792244366176888,-0.049488920705310746,
convlstm,19,raw,pinn_statistical,joint,pinn_statistical,observed_reconstruction,convlstm/pinn_statistical/vs_raw,whole_model_comparison,matched,convlstm_time_conditioned_adaptation_v1,convlstm_time_conditioned_adaptation_v1,1604278,855940,u10,m s**-1,120.0,True,2.7400480357437202,2.6730055696747974,-0.06704246606892283,-0.025081304292635442,-0.044988744905734734,
convlstm,19,raw,pinn_statistical,joint,pinn_statistical,observed_reconstruction,convlstm/pinn_statistical/vs_raw,whole_model_comparison,matched,convlstm_time_conditioned_adaptation_v1,convlstm_time_conditioned_adaptation_v1,1604278,855940,v10,m s**-1,6.0,True,1.3509251020064015,0.9512700253546797,-0.39965507665172173,-0.4201278984930812,-0.051989975842740566,
convlstm,19,raw,pinn_statistical,joint,pinn_statistical,observed_reconstruction,convlstm/pinn_statistical/vs_raw,whole_model_comparison,matched,convlstm_time_conditioned_adaptation_v1,convlstm_time_conditioned_adaptation_v1,1604278,855940,v10,m s**-1,12.0,True,1.5261394715981837,1.2837760790065649,-0.24236339259161888,-0.1887894599026716,-0.04046780852963294,
convlstm,19,raw,pinn_statistical,joint,pinn_statistical,observed_reconstruction,convlstm/pinn_statistical/vs_raw,whole_model_comparison,matched,convlstm_time_conditioned_adaptation_v1,convlstm_time_conditioned_adaptation_v1,1604278,855940,v10,m s**-1,18.0,True,1.723883223536201,1.4990049127927703,-0.22487831074343068,-0.15001839475259882,-0.04554545386138642,
convlstm,19,raw,pinn_statistical,joint,pinn_statistical,observed_reconstruction,convlstm/pinn_statistical/vs_raw,whole_model_comparison,matched,convlstm_time_conditioned_adaptation_v1,convlstm_time_conditioned_adaptation_v1,1604278,855940,v10,m s**-1,24.0,True,1.8878315230846714,1.6545123476226011,-0.23331917546207026,-0.14101990583348067,-0.05414214819412988,
convlstm,19,raw,pinn_statistical,joint,pinn_statistical,observed_reconstruction,convlstm/pinn_statistical/vs_raw,whole_model_comparison,matched,convlstm_time_conditioned_adaptation_v1,convlstm_time_conditioned_adaptation_v1,1604278,855940,v10,m s**-1,30.0,True,2.0499850578284784,1.8205016377945118,-0.2294834200339666,-0.12605504728464823,-0.060796944645777784,
convlstm,19,raw,pinn_statistical,joint,pinn_statistical,observed_reconstruction,convlstm/pinn_statistical/vs_raw,whole_model_comparison,matched,convlstm_time_conditioned_adaptation_v1,convlstm_time_conditioned_adaptation_v1,1604278,855940,v10,m s**-1,36.0,True,2.1824507430492637,1.9640441421010422,-0.2184066009482215,-0.11120249095551404,-0.064981258538099,
convlstm,19,raw,pinn_statistical,joint,pinn_statistical,observed_reconstruction,convlstm/pinn_statistical/vs_raw,whole_model_comparison,matched,convlstm_time_conditioned_adaptation_v1,convlstm_time_conditioned_adaptation_v1,1604278,855940,v10,m s**-1,42.0,True,2.298649633670679,2.098915585631622,-0.19973404803905703,-0.09516059121498754,-0.06705100010733733,
convlstm,19,raw,pinn_statistical,joint,pinn_statistical,observed_reconstruction,convlstm/pinn_statistical/vs_raw,whole_model_comparison,matched,convlstm_time_conditioned_adaptation_v1,convlstm_time_conditioned_adaptation_v1,1604278,855940,v10,m s**-1,48.0,True,2.3965965213043434,2.2125386460909056,-0.18405787521343786,-0.08318854702883027,-0.06935675066101699,
convlstm,19,raw,pinn_statistical,joint,pinn_statistical,observed_reconstruction,convlstm/pinn_statistical/vs_raw,whole_model_comparison,matched,convlstm_time_conditioned_adaptation_v1,convlstm_time_conditioned_adaptation_v1,1604278,855940,v10,m s**-1,54.0,True,2.485169227331724,2.3217746258762335,-0.16339460145549056,-0.07037487602562886,-0.06983723530580177,
convlstm,19,raw,pinn_statistical,joint,pinn_statistical,observed_reconstruction,convlstm/pinn_statistical/vs_raw,whole_model_comparison,matched,convlstm_time_conditioned_adaptation_v1,convlstm_time_conditioned_adaptation_v1,1604278,855940,v10,m s**-1,60.0,True,2.5609782056091044,2.417499801596001,-0.1434784040131034,-0.05934991345950924,-0.06914166363385743,
convlstm,19,raw,pinn_statistical,joint,pinn_statistical,observed_reconstruction,convlstm/pinn_statistical/vs_raw,whole_model_comparison,matched,convlstm_time_conditioned_adaptation_v1,convlstm_time_conditioned_adaptation_v1,1604278,855940,v10,m s**-1,66.0,True,2.624905848560637,2.5027452858266725,-0.12216056273396436,-0.04881062544629433,-0.06612839296868067,
convlstm,19,raw,pinn_statistical,joint,pinn_statistical,observed_reconstruction,convlstm/pinn_statistical/vs_raw,whole_model_comparison,matched,convlstm_time_conditioned_adaptation_v1,convlstm_time_conditioned_adaptation_v1,1604278,855940,v10,m s**-1,72.0,True,2.680483666774888,2.5748152278578447,-0.10566843891704325,-0.04103923177623736,-0.063722408552354,
convlstm,19,raw,pinn_statistical,joint,pinn_statistical,observed_reconstruction,convlstm/pinn_statistical/vs_raw,whole_model_comparison,matched,convlstm_time_conditioned_adaptation_v1,convlstm_time_conditioned_adaptation_v1,1604278,855940,v10,m s**-1,78.0,True,2.7274778128005104,2.6392376854244217,-0.08824012737608866,-0.0334339449089438,-0.06062450265343633,
convlstm,19,raw,pinn_statistical,joint,pinn_statistical,observed_reconstruction,convlstm/pinn_statistical/vs_raw,whole_model_comparison,matched,convlstm_time_conditioned_adaptation_v1,convlstm_time_conditioned_adaptation_v1,1604278,855940,v10,m s**-1,84.0,True,2.76975256211645,2.69952444195723,-0.07022812015921964,-0.026014996963058534,-0.057443995055657227,
convlstm,19,raw,pinn_statistical,joint,pinn_statistical,observed_reconstruction,convlstm/pinn_statistical/vs_raw,whole_model_comparison,matched,convlstm_time_conditioned_adaptation_v1,convlstm_time_conditioned_adaptation_v1,1604278,855940,v10,m s**-1,90.0,True,2.8039133403308187,2.7474145938536383,-0.05649874647718045,-0.020564332228407034,-0.053630345790244505,
convlstm,19,raw,pinn_statistical,joint,pinn_statistical,observed_reconstruction,convlstm/pinn_statistical/vs_raw,whole_model_comparison,matched,convlstm_time_conditioned_adaptation_v1,convlstm_time_conditioned_adaptation_v1,1604278,855940,v10,m s**-1,96.0,True,2.8348365063870755,2.794146267908757,-0.04069023847831854,-0.0145626730231172,-0.04819472728744967,
convlstm,19,raw,pinn_statistical,joint,pinn_statistical,observed_reconstruction,convlstm/pinn_statistical/vs_raw,whole_model_comparison,matched,convlstm_time_conditioned_adaptation_v1,convlstm_time_conditioned_adaptation_v1,1604278,855940,v10,m s**-1,102.0,True,2.8592251841340204,2.8308933519662283,-0.028331832167792115,-0.010008088841677365,-0.043520730863759016,
convlstm,19,raw,pinn_statistical,joint,pinn_statistical,observed_reconstruction,convlstm/pinn_statistical/vs_raw,whole_model_comparison,matched,convlstm_time_conditioned_adaptation_v1,convlstm_time_conditioned_adaptation_v1,1604278,855940,v10,m s**-1,108.0,True,2.881797065300669,2.867616346635313,-0.014180718665356196,-0.004945124086070729,-0.03824822420026419,
convlstm,19,raw,pinn_statistical,joint,pinn_statistical,observed_reconstruction,convlstm/pinn_statistical/vs_raw,whole_model_comparison,matched,convlstm_time_conditioned_adaptation_v1,convlstm_time_conditioned_adaptation_v1,1604278,855940,v10,m s**-1,114.0,True,2.8994971891863504,2.892339905172194,-0.007157284014156495,-0.002474565316945565,-0.034435545626225195,
convlstm,19,raw,pinn_statistical,joint,pinn_statistical,observed_reconstruction,convlstm/pinn_statistical/vs_raw,whole_model_comparison,matched,convlstm_time_conditioned_adaptation_v1,convlstm_time_conditioned_adaptation_v1,1604278,855940,v10,m s**-1,120.0,True,2.9167745426323703,2.918182890806151,0.0014083481737805492,0.00048261134633387215,-0.029310772050791578,
convlstm,19,raw,pinn_statistical:kl_entropy,joint,pinn_statistical,observed_reconstruction,convlstm/pinn_statistical:kl_entropy/vs_raw,whole_model_comparison,matched,convlstm_time_conditioned_adaptation_v1,convlstm_time_conditioned_adaptation_v1,1604278,855940,msl,Pa,6.0,True,227.1494848797364,176.38758293301686,-50.76190194671955,-0.2877861417603096,-0.02149835411664669,
convlstm,19,raw,pinn_statistical:kl_entropy,joint,pinn_statistical,observed_reconstruction,convlstm/pinn_statistical:kl_entropy/vs_raw,whole_model_comparison,matched,convlstm_time_conditioned_adaptation_v1,convlstm_time_conditioned_adaptation_v1,1604278,855940,msl,Pa,12.0,True,246.05247263024268,216.3729162589156,-29.679556371327067,-0.13716853700770937,-0.01486846374744033,
convlstm,19,raw,pinn_statistical:kl_entropy,joint,pinn_statistical,observed_reconstruction,convlstm/pinn_statistical:kl_entropy/vs_raw,whole_model_comparison,matched,convlstm_time_conditioned_adaptation_v1,convlstm_time_conditioned_adaptation_v1,1604278,855940,msl,Pa,18.0,True,298.99475357056974,281.66295869020354,-17.331794880366203,-0.06153380963177746,-0.011278316705457758,
convlstm,19,raw,pinn_statistical:kl_entropy,joint,pinn_statistical,observed_reconstruction,convlstm/pinn_statistical:kl_entropy/vs_raw,whole_model_comparison,matched,convlstm_time_conditioned_adaptation_v1,convlstm_time_conditioned_adaptation_v1,1604278,855940,msl,Pa,24.0,True,331.7363018087622,300.9405699760205,-30.795731832741694,-0.1023316059885031,-0.022933081721644877,
convlstm,19,raw,pinn_statistical:kl_entropy,joint,pinn_statistical,observed_reconstruction,convlstm/pinn_statistical:kl_entropy/vs_raw,whole_model_comparison,matched,convlstm_time_conditioned_adaptation_v1,convlstm_time_conditioned_adaptation_v1,1604278,855940,msl,Pa,30.0,True,371.28337443124127,344.6077758223564,-26.675598608884854,-0.07740858007404916,-0.02375481563448567,
convlstm,19,raw,pinn_statistical:kl_entropy,joint,pinn_statistical,observed_reconstruction,convlstm/pinn_statistical:kl_entropy/vs_raw,whole_model_comparison,matched,convlstm_time_conditioned_adaptation_v1,convlstm_time_conditioned_adaptation_v1,1604278,855940,msl,Pa,36.0,True,403.59332125272067,373.71905803781914,-29.874263214901532,-0.07993775691224814,-0.02999230208261794,
convlstm,19,raw,pinn_statistical:kl_entropy,joint,pinn_statistical,observed_reconstruction,convlstm/pinn_statistical:kl_entropy/vs_raw,whole_model_comparison,matched,convlstm_time_conditioned_adaptation_v1,convlstm_time_conditioned_adaptation_v1,1604278,855940,msl,Pa,42.0,True,433.584435238691,402.49564620721986,-31.08878903147115,-0.07724006290360097,-0.03618300084925308,
convlstm,19,raw,pinn_statistical:kl_entropy,joint,pinn_statistical,observed_reconstruction,convlstm/pinn_statistical:kl_entropy/vs_raw,whole_model_comparison,matched,convlstm_time_conditioned_adaptation_v1,convlstm_time_conditioned_adaptation_v1,1604278,855940,msl,Pa,48.0,True,457.9076287134046,422.2254232009003,-35.68220551250431,-0.08450984604857936,-0.043178711253623825,
convlstm,19,raw,pinn_statistical:kl_entropy,joint,pinn_statistical,observed_reconstruction,convlstm/pinn_statistical:kl_entropy/vs_raw,whole_model_comparison,matched,convlstm_time_conditioned_adaptation_v1,convlstm_time_conditioned_adaptation_v1,1604278,855940,msl,Pa,54.0,True,479.9356773652494,445.7120762524268,-34.223601112822564,-0.07678410107389633,-0.045464844368428015,
convlstm,19,raw,pinn_statistical:kl_entropy,joint,pinn_statistical,observed_reconstruction,convlstm/pinn_statistical:kl_entropy/vs_raw,whole_model_comparison,matched,convlstm_time_conditioned_adaptation_v1,convlstm_time_conditioned_adaptation_v1,1604278,855940,msl,Pa,60.0,True,498.8076681900133,467.3809090978822,-31.426759092131135,-0.06724014284791746,-0.04516284610498411,
convlstm,19,raw,pinn_statistical:kl_entropy,joint,pinn_statistical,observed_reconstruction,convlstm/pinn_statistical:kl_entropy/vs_raw,whole_model_comparison,matched,convlstm_time_conditioned_adaptation_v1,convlstm_time_conditioned_adaptation_v1,1604278,855940,msl,Pa,66.0,True,516.8644606295475,485.41173038181273,-31.452730247734735,-0.06479598303690515,-0.0493354170694168,
convlstm,19,raw,pinn_statistical:kl_entropy,joint,pinn_statistical,observed_reconstruction,convlstm/pinn_statistical:kl_entropy/vs_raw,whole_model_comparison,matched,convlstm_time_conditioned_adaptation_v1,convlstm_time_conditioned_adaptation_v1,1604278,855940,msl,Pa,72.0,True,531.85738247569,498.9125452243141,-32.94483725137587,-0.0660332909379211,-0.0521017797634683,
convlstm,19,raw,pinn_statistical:kl_entropy,joint,pinn_statistical,observed_reconstruction,convlstm/pinn_statistical:kl_entropy/vs_raw,whole_model_comparison,matched,convlstm_time_conditioned_adaptation_v1,convlstm_time_conditioned_adaptation_v1,1604278,855940,msl,Pa,78.0,True,544.9590849684475,515.8330944578148,-29.125990510632732,-0.05646398190338431,-0.050016536025409675,
convlstm,19,raw,pinn_statistical:kl_entropy,joint,pinn_statistical,observed_reconstruction,convlstm/pinn_statistical:kl_entropy/vs_raw,whole_model_comparison,matched,convlstm_time_conditioned_adaptation_v1,convlstm_time_conditioned_adaptation_v1,1604278,855940,msl,Pa,84.0,True,556.6502542313948,530.1881371875162,-26.462117043878607,-0.04991080559488181,-0.047870370293883524,
convlstm,19,raw,pinn_statistical:kl_entropy,joint,pinn_statistical,observed_reconstruction,convlstm/pinn_statistical:kl_entropy/vs_raw,whole_model_comparison,matched,convlstm_time_conditioned_adaptation_v1,convlstm_time_conditioned_adaptation_v1,1604278,855940,msl,Pa,90.0,True,568.0188217539118,544.4760959658075,-23.542725788104235,-0.043239227511620015,-0.04604261185669456,
convlstm,19,raw,pinn_statistical:kl_entropy,joint,pinn_statistical,observed_reconstruction,convlstm/pinn_statistical:kl_entropy/vs_raw,whole_model_comparison,matched,convlstm_time_conditioned_adaptation_v1,convlstm_time_conditioned_adaptation_v1,1604278,855940,msl,Pa,96.0,True,577.7625463583862,552.7859298932559,-24.97661646513029,-0.04518316244039222,-0.047551457284052634,
convlstm,19,raw,pinn_statistical:kl_entropy,joint,pinn_statistical,observed_reconstruction,convlstm/pinn_statistical:kl_entropy/vs_raw,whole_model_comparison,matched,convlstm_time_conditioned_adaptation_v1,convlstm_time_conditioned_adaptation_v1,1604278,855940,msl,Pa,102.0,True,585.7043232356729,564.9252556782346,-20.779067557438225,-0.036781976639531644,-0.042704167541753435,
convlstm,19,raw,pinn_statistical:kl_entropy,joint,pinn_statistical,observed_reconstruction,convlstm/pinn_statistical:kl_entropy/vs_raw,whole_model_comparison,matched,convlstm_time_conditioned_adaptation_v1,convlstm_time_conditioned_adaptation_v1,1604278,855940,msl,Pa,108.0,True,593.3117668095322,575.7978785632735,-17.513888246258716,-0.030416729373785145,-0.037950856004135614,
convlstm,19,raw,pinn_statistical:kl_entropy,joint,pinn_statistical,observed_reconstruction,convlstm/pinn_statistical:kl_entropy/vs_raw,whole_model_comparison,matched,convlstm_time_conditioned_adaptation_v1,convlstm_time_conditioned_adaptation_v1,1604278,855940,msl,Pa,114.0,True,601.0108614583731,584.4257476609013,-16.585113797471877,-0.028378478983603905,-0.037422670512695544,
convlstm,19,raw,pinn_statistical:kl_entropy,joint,pinn_statistical,observed_reconstruction,convlstm/pinn_statistical:kl_entropy/vs_raw,whole_model_comparison,matched,convlstm_time_conditioned_adaptation_v1,convlstm_time_conditioned_adaptation_v1,1604278,855940,msl,Pa,120.0,True,607.4608722444186,590.0902367098612,-17.370635534557437,-0.029437252904589872,-0.036626002356991094,
convlstm,19,raw,pinn_statistical:kl_entropy,joint,pinn_statistical,observed_reconstruction,convlstm/pinn_statistical:kl_entropy/vs_raw,whole_model_comparison,matched,convlstm_time_conditioned_adaptation_v1,convlstm_time_conditioned_adaptation_v1,1604278,855940,t2m,K,6.0,True,1.9271982062377522,1.7430134787990932,-0.184184727438659,-0.10567028292033576,-0.016217124691148554,
convlstm,19,raw,pinn_statistical:kl_entropy,joint,pinn_statistical,observed_reconstruction,convlstm/pinn_statistical:kl_entropy/vs_raw,whole_model_comparison,matched,convlstm_time_conditioned_adaptation_v1,convlstm_time_conditioned_adaptation_v1,1604278,855940,t2m,K,12.0,True,2.1918629857581937,2.296093670521765,0.10423068476357145,0.045394787722177754,0.009995583945691666,
convlstm,19,raw,pinn_statistical:kl_entropy,joint,pinn_statistical,observed_reconstruction,convlstm/pinn_statistical:kl_entropy/vs_raw,whole_model_comparison,matched,convlstm_time_conditioned_adaptation_v1,convlstm_time_conditioned_adaptation_v1,1604278,855940,t2m,K,18.0,True,2.077757587797921,1.980617212866341,-0.09714037493158001,-0.0490455067746276,-0.00481028006720885,
convlstm,19,raw,pinn_statistical:kl_entropy,joint,pinn_statistical,observed_reconstruction,convlstm/pinn_statistical:kl_entropy/vs_raw,whole_model_comparison,matched,convlstm_time_conditioned_adaptation_v1,convlstm_time_conditioned_adaptation_v1,1604278,855940,t2m,K,24.0,True,1.6970707866808035,1.1909227896004244,-0.506147997080379,-0.4250048798295316,-0.028871704655115904,
convlstm,19,raw,pinn_statistical:kl_entropy,joint,pinn_statistical,observed_reconstruction,convlstm/pinn_statistical:kl_entropy/vs_raw,whole_model_comparison,matched,convlstm_time_conditioned_adaptation_v1,convlstm_time_conditioned_adaptation_v1,1604278,855940,t2m,K,30.0,True,1.881404738461346,1.7833788065993341,-0.0980259318620118,-0.05496641066904573,-0.008183379244854572,
convlstm,19,raw,pinn_statistical:kl_entropy,joint,pinn_statistical,observed_reconstruction,convlstm/pinn_statistical:kl_entropy/vs_raw,whole_model_comparison,matched,convlstm_time_conditioned_adaptation_v1,convlstm_time_conditioned_adaptation_v1,1604278,855940,t2m,K,36.0,True,2.0162832142386926,2.1797848934737707,0.16350167923507808,0.0750081715515134,0.01907512511128151,
convlstm,19,raw,pinn_statistical:kl_entropy,joint,pinn_statistical,observed_reconstruction,convlstm/pinn_statistical:kl_entropy/vs_raw,whole_model_comparison,matched,convlstm_time_conditioned_adaptation_v1,convlstm_time_conditioned_adaptation_v1,1604278,855940,t2m,K,42.0,True,2.039883023355378,2.107879502941496,0.06799647958611788,0.032258238429298425,0.009528176729229565,
convlstm,19,raw,pinn_statistical:kl_entropy,joint,pinn_statistical,observed_reconstruction,convlstm/pinn_statistical:kl_entropy/vs_raw,whole_model_comparison,matched,convlstm_time_conditioned_adaptation_v1,convlstm_time_conditioned_adaptation_v1,1604278,855940,t2m,K,48.0,True,1.9424140577101519,1.5604967809241934,-0.38191727678595844,-0.244740829622071,-0.02376730610918243,
convlstm,19,raw,pinn_statistical:kl_entropy,joint,pinn_statistical,observed_reconstruction,convlstm/pinn_statistical:kl_entropy/vs_raw,whole_model_comparison,matched,convlstm_time_conditioned_adaptation_v1,convlstm_time_conditioned_adaptation_v1,1604278,855940,t2m,K,54.0,True,2.016279620617231,1.9276479497951629,-0.08863167082206802,-0.0459791793576656,-0.004531592443312693,
convlstm,19,raw,pinn_statistical:kl_entropy,joint,pinn_statistical,observed_reconstruction,convlstm/pinn_statistical:kl_entropy/vs_raw,whole_model_comparison,matched,convlstm_time_conditioned_adaptation_v1,convlstm_time_conditioned_adaptation_v1,1604278,855940,t2m,K,60.0,True,2.086887628558915,2.175601465759742,0.0887138372008267,0.0407766949034698,0.01140090333630217,
convlstm,19,raw,pinn_statistical:kl_entropy,joint,pinn_statistical,observed_reconstruction,convlstm/pinn_statistical:kl_entropy/vs_raw,whole_model_comparison,matched,convlstm_time_conditioned_adaptation_v1,convlstm_time_conditioned_adaptation_v1,1604278,855940,t2m,K,66.0,True,2.0965082081637885,2.2147939776806402,0.11828576951685177,0.05340712080169285,0.013395655660800365,
convlstm,19,raw,pinn_statistical:kl_entropy,joint,pinn_statistical,observed_reconstruction,convlstm/pinn_statistical:kl_entropy/vs_raw,whole_model_comparison,matched,convlstm_time_conditioned_adaptation_v1,convlstm_time_conditioned_adaptation_v1,1604278,855940,t2m,K,72.0,True,2.0876579956394035,1.7943505912728646,-0.2933074043665389,-0.16346159206182476,-0.018882761375971002,
convlstm,19,raw,pinn_statistical:kl_entropy,joint,pinn_statistical,observed_reconstruction,convlstm/pinn_statistical:kl_entropy/vs_raw,whole_model_comparison,matched,convlstm_time_conditioned_adaptation_v1,convlstm_time_conditioned_adaptation_v1,1604278,855940,t2m,K,78.0,True,2.1386132778800966,2.058095081626198,-0.08051819625389856,-0.03912268046929945,-0.003553557829615084,
convlstm,19,raw,pinn_statistical:kl_entropy,joint,pinn_statistical,observed_reconstruction,convlstm/pinn_statistical:kl_entropy/vs_raw,whole_model_comparison,matched,convlstm_time_conditioned_adaptation_v1,convlstm_time_conditioned_adaptation_v1,1604278,855940,t2m,K,84.0,True,2.182523520925118,2.226627537119248,0.04410401619412996,0.01980754098244497,0.00621519954005223,
convlstm,19,raw,pinn_statistical:kl_entropy,joint,pinn_statistical,observed_reconstruction,convlstm/pinn_statistical:kl_entropy/vs_raw,whole_model_comparison,matched,convlstm_time_conditioned_adaptation_v1,convlstm_time_conditioned_adaptation_v1,1604278,855940,t2m,K,90.0,True,2.184758885043082,2.2890007289312884,0.10424184388820645,0.045540327956503535,0.011658740331075834,
convlstm,19,raw,pinn_statistical:kl_entropy,joint,pinn_statistical,observed_reconstruction,convlstm/pinn_statistical:kl_entropy/vs_raw,whole_model_comparison,matched,convlstm_time_conditioned_adaptation_v1,convlstm_time_conditioned_adaptation_v1,1604278,855940,t2m,K,96.0,True,2.1897097540381845,1.9614234822289494,-0.2282862718092351,-0.11638805891617654,-0.014029222099383731,
convlstm,19,raw,pinn_statistical:kl_entropy,joint,pinn_statistical,observed_reconstruction,convlstm/pinn_statistical:kl_entropy/vs_raw,whole_model_comparison,matched,convlstm_time_conditioned_adaptation_v1,convlstm_time_conditioned_adaptation_v1,1604278,855940,t2m,K,102.0,True,2.2288903497916825,2.177599913206317,-0.05129043658536547,-0.023553654771158117,-9.68911432300823e-05,
convlstm,19,raw,pinn_statistical:kl_entropy,joint,pinn_statistical,observed_reconstruction,convlstm/pinn_statistical:kl_entropy/vs_raw,whole_model_comparison,matched,convlstm_time_conditioned_adaptation_v1,convlstm_time_conditioned_adaptation_v1,1604278,855940,t2m,K,108.0,True,2.2578203720888483,2.2944616774977873,0.03664130540893895,0.01596945626431112,0.005598193190010536,
convlstm,19,raw,pinn_statistical:kl_entropy,joint,pinn_statistical,observed_reconstruction,convlstm/pinn_statistical:kl_entropy/vs_raw,whole_model_comparison,matched,convlstm_time_conditioned_adaptation_v1,convlstm_time_conditioned_adaptation_v1,1604278,855940,t2m,K,114.0,True,2.253840139331891,2.3626385044886757,0.10879836515678454,0.04604951834573223,0.01236889551868292,
convlstm,19,raw,pinn_statistical:kl_entropy,joint,pinn_statistical,observed_reconstruction,convlstm/pinn_statistical:kl_entropy/vs_raw,whole_model_comparison,matched,convlstm_time_conditioned_adaptation_v1,convlstm_time_conditioned_adaptation_v1,1604278,855940,t2m,K,120.0,True,2.258264672702971,2.0938445224890994,-0.1644201502138718,-0.07852548192948627,-0.00812245644940257,
convlstm,19,raw,pinn_statistical:kl_entropy,joint,pinn_statistical,observed_reconstruction,convlstm/pinn_statistical:kl_entropy/vs_raw,whole_model_comparison,matched,convlstm_time_conditioned_adaptation_v1,convlstm_time_conditioned_adaptation_v1,1604278,855940,u10,m s**-1,6.0,True,1.2255662611911378,0.844505747327747,-0.3810605138633908,-0.45122311490380396,-0.04781258707005909,
convlstm,19,raw,pinn_statistical:kl_entropy,joint,pinn_statistical,observed_reconstruction,convlstm/pinn_statistical:kl_entropy/vs_raw,whole_model_comparison,matched,convlstm_time_conditioned_adaptation_v1,convlstm_time_conditioned_adaptation_v1,1604278,855940,u10,m s**-1,12.0,True,1.3778313607804844,1.1281640953941363,-0.2496672653863481,-0.22130403405465948,-0.03968745196114409,
convlstm,19,raw,pinn_statistical:kl_entropy,joint,pinn_statistical,observed_reconstruction,convlstm/pinn_statistical:kl_entropy/vs_raw,whole_model_comparison,matched,convlstm_time_conditioned_adaptation_v1,convlstm_time_conditioned_adaptation_v1,1604278,855940,u10,m s**-1,18.0,True,1.5637914500447565,1.3372603511998296,-0.22653109884492695,-0.16939939828596318,-0.04285847963083289,
convlstm,19,raw,pinn_statistical:kl_entropy,joint,pinn_statistical,observed_reconstruction,convlstm/pinn_statistical:kl_entropy/vs_raw,whole_model_comparison,matched,convlstm_time_conditioned_adaptation_v1,convlstm_time_conditioned_adaptation_v1,1604278,855940,u10,m s**-1,24.0,True,1.7175977388662835,1.4804800573045132,-0.23711768156177038,-0.16016269884343237,-0.05082723645523268,
convlstm,19,raw,pinn_statistical:kl_entropy,joint,pinn_statistical,observed_reconstruction,convlstm/pinn_statistical:kl_entropy/vs_raw,whole_model_comparison,matched,convlstm_time_conditioned_adaptation_v1,convlstm_time_conditioned_adaptation_v1,1604278,855940,u10,m s**-1,30.0,True,1.8660286423558845,1.6363681851724627,-0.22966045718342176,-0.14034766702532608,-0.055990373495033774,
convlstm,19,raw,pinn_statistical:kl_entropy,joint,pinn_statistical,observed_reconstruction,convlstm/pinn_statistical:kl_entropy/vs_raw,whole_model_comparison,matched,convlstm_time_conditioned_adaptation_v1,convlstm_time_conditioned_adaptation_v1,1604278,855940,u10,m s**-1,36.0,True,1.9959551220990384,1.77691355815247,-0.21904156394656837,-0.12327080455974171,-0.06029513021307009,
convlstm,19,raw,pinn_statistical:kl_entropy,joint,pinn_statistical,observed_reconstruction,convlstm/pinn_statistical:kl_entropy/vs_raw,whole_model_comparison,matched,convlstm_time_conditioned_adaptation_v1,convlstm_time_conditioned_adaptation_v1,1604278,855940,u10,m s**-1,42.0,True,2.1037871234674936,1.9013929756834378,-0.20239414778405584,-0.10644519590239221,-0.061726130455717954,
convlstm,19,raw,pinn_statistical:kl_entropy,joint,pinn_statistical,observed_reconstruction,convlstm/pinn_statistical:kl_entropy/vs_raw,whole_model_comparison,matched,convlstm_time_conditioned_adaptation_v1,convlstm_time_conditioned_adaptation_v1,1604278,855940,u10,m s**-1,48.0,True,2.195231771053813,2.00596881885527,-0.18926295219854294,-0.09434989737604593,-0.06306570818740942,
convlstm,19,raw,pinn_statistical:kl_entropy,joint,pinn_statistical,observed_reconstruction,convlstm/pinn_statistical:kl_entropy/vs_raw,whole_model_comparison,matched,convlstm_time_conditioned_adaptation_v1,convlstm_time_conditioned_adaptation_v1,1604278,855940,u10,m s**-1,54.0,True,2.277203052995928,2.0943099266623513,-0.1828931263335769,-0.087328586855838,-0.06595712973272283,
convlstm,19,raw,pinn_statistical:kl_entropy,joint,pinn_statistical,observed_reconstruction,convlstm/pinn_statistical:kl_entropy/vs_raw,whole_model_comparison,matched,convlstm_time_conditioned_adaptation_v1,convlstm_time_conditioned_adaptation_v1,1604278,855940,u10,m s**-1,60.0,True,2.352343148426537,2.184859121611903,-0.16748402681463403,-0.07665667097614559,-0.06613650299390761,
convlstm,19,raw,pinn_statistical:kl_entropy,joint,pinn_statistical,observed_reconstruction,convlstm/pinn_statistical:kl_entropy/vs_raw,whole_model_comparison,matched,convlstm_time_conditioned_adaptation_v1,convlstm_time_conditioned_adaptation_v1,1604278,855940,u10,m s**-1,66.0,True,2.417389012019992,2.269848247896357,-0.14754076412363526,-0.06500027667504771,-0.06353402072520287,
convlstm,19,raw,pinn_statistical:kl_entropy,joint,pinn_statistical,observed_reconstruction,convlstm/pinn_statistical:kl_entropy/vs_raw,whole_model_comparison,matched,convlstm_time_conditioned_adaptation_v1,convlstm_time_conditioned_adaptation_v1,1604278,855940,u10,m s**-1,72.0,True,2.472662224549211,2.334758222279734,-0.13790400226947686,-0.05906564583583429,-0.06274194406952516,
convlstm,19,raw,pinn_statistical:kl_entropy,joint,pinn_statistical,observed_reconstruction,convlstm/pinn_statistical:kl_entropy/vs_raw,whole_model_comparison,matched,convlstm_time_conditioned_adaptation_v1,convlstm_time_conditioned_adaptation_v1,1604278,855940,u10,m s**-1,78.0,True,2.521802971101421,2.393184165847787,-0.12861880525363434,-0.05374379752678626,-0.06183301348432302,
convlstm,19,raw,pinn_statistical:kl_entropy,joint,pinn_statistical,observed_reconstruction,convlstm/pinn_statistical:kl_entropy/vs_raw,whole_model_comparison,matched,convlstm_time_conditioned_adaptation_v1,convlstm_time_conditioned_adaptation_v1,1604278,855940,u10,m s**-1,84.0,True,2.5675660362367,2.447382428438995,-0.12018360779770498,-0.04910699954414621,-0.06159989466222904,
convlstm,19,raw,pinn_statistical:kl_entropy,joint,pinn_statistical,observed_reconstruction,convlstm/pinn_statistical:kl_entropy/vs_raw,whole_model_comparison,matched,convlstm_time_conditioned_adaptation_v1,convlstm_time_conditioned_adaptation_v1,1604278,855940,u10,m s**-1,90.0,True,2.6084038792399564,2.5021873807901795,-0.10621649844977687,-0.04244945812820555,-0.0582136675610917,
convlstm,19,raw,pinn_statistical:kl_entropy,joint,pinn_statistical,observed_reconstruction,convlstm/pinn_statistical:kl_entropy/vs_raw,whole_model_comparison,matched,convlstm_time_conditioned_adaptation_v1,convlstm_time_conditioned_adaptation_v1,1604278,855940,u10,m s**-1,96.0,True,2.642586701595711,2.5420473945913664,-0.10053930700434455,-0.039550524202758286,-0.05627238914205318,
convlstm,19,raw,pinn_statistical:kl_entropy,joint,pinn_statistical,observed_reconstruction,convlstm/pinn_statistical:kl_entropy/vs_raw,whole_model_comparison,matched,convlstm_time_conditioned_adaptation_v1,convlstm_time_conditioned_adaptation_v1,1604278,855940,u10,m s**-1,102.0,True,2.671623907305405,2.577982110367495,-0.09364179693790975,-0.03632367988952456,-0.054131025518924014,
convlstm,19,raw,pinn_statistical:kl_entropy,joint,pinn_statistical,observed_reconstruction,convlstm/pinn_statistical:kl_entropy/vs_raw,whole_model_comparison,matched,convlstm_time_conditioned_adaptation_v1,convlstm_time_conditioned_adaptation_v1,1604278,855940,u10,m s**-1,108.0,True,2.6996105403771753,2.612480760623916,-0.0871297797532593,-0.03335135747849516,-0.05273651334899948,
convlstm,19,raw,pinn_statistical:kl_entropy,joint,pinn_statistical,observed_reconstruction,convlstm/pinn_statistical:kl_entropy/vs_raw,whole_model_comparison,matched,convlstm_time_conditioned_adaptation_v1,convlstm_time_conditioned_adaptation_v1,1604278,855940,u10,m s**-1,114.0,True,2.725159808272965,2.646673452474361,-0.07848635579860419,-0.029654718350398568,-0.049414917424982385,
convlstm,19,raw,pinn_statistical:kl_entropy,joint,pinn_statistical,observed_reconstruction,convlstm/pinn_statistical:kl_entropy/vs_raw,whole_model_comparison,matched,convlstm_time_conditioned_adaptation_v1,convlstm_time_conditioned_adaptation_v1,1604278,855940,u10,m s**-1,120.0,True,2.7462146648344055,2.6730055696747974,-0.07320909515960805,-0.027388306253516292,-0.04559100580294756,
convlstm,19,raw,pinn_statistical:kl_entropy,joint,pinn_statistical,observed_reconstruction,convlstm/pinn_statistical:kl_entropy/vs_raw,whole_model_comparison,matched,convlstm_time_conditioned_adaptation_v1,convlstm_time_conditioned_adaptation_v1,1604278,855940,v10,m s**-1,6.0,True,1.3464046425530893,0.9512700253546797,-0.3951346171984096,-0.4153758729558248,-0.05145474095123004,
convlstm,19,raw,pinn_statistical:kl_entropy,joint,pinn_statistical,observed_reconstruction,convlstm/pinn_statistical:kl_entropy/vs_raw,whole_model_comparison,matched,convlstm_time_conditioned_adaptation_v1,convlstm_time_conditioned_adaptation_v1,1604278,855940,v10,m s**-1,12.0,True,1.5198857328764586,1.2837760790065649,-0.2361096538698937,-0.18391809734654374,-0.03930353016059329,
convlstm,19,raw,pinn_statistical:kl_entropy,joint,pinn_statistical,observed_reconstruction,convlstm/pinn_statistical:kl_entropy/vs_raw,whole_model_comparison,matched,convlstm_time_conditioned_adaptation_v1,convlstm_time_conditioned_adaptation_v1,1604278,855940,v10,m s**-1,18.0,True,1.7142356536078383,1.4990049127927703,-0.215230740815068,-0.1435824118908826,-0.04317634324311037,
convlstm,19,raw,pinn_statistical:kl_entropy,joint,pinn_statistical,observed_reconstruction,convlstm/pinn_statistical:kl_entropy/vs_raw,whole_model_comparison,matched,convlstm_time_conditioned_adaptation_v1,convlstm_time_conditioned_adaptation_v1,1604278,855940,v10,m s**-1,24.0,True,1.8746510681400765,1.6545123476226011,-0.2201387205174754,-0.1330535373965609,-0.05051930227697621,
convlstm,19,raw,pinn_statistical:kl_entropy,joint,pinn_statistical,observed_reconstruction,convlstm/pinn_statistical:kl_entropy/vs_raw,whole_model_comparison,matched,convlstm_time_conditioned_adaptation_v1,convlstm_time_conditioned_adaptation_v1,1604278,855940,v10,m s**-1,30.0,True,2.03831629182524,1.8205016377945118,-0.2178146540307282,-0.11964540405171231,-0.05694713668918472,
convlstm,19,raw,pinn_statistical:kl_entropy,joint,pinn_statistical,observed_reconstruction,convlstm/pinn_statistical:kl_entropy/vs_raw,whole_model_comparison,matched,convlstm_time_conditioned_adaptation_v1,convlstm_time_conditioned_adaptation_v1,1604278,855940,v10,m s**-1,36.0,True,2.171379811564297,1.9640441421010422,-0.20733566946325488,-0.10556568715479941,-0.060751241467643324,
convlstm,19,raw,pinn_statistical:kl_entropy,joint,pinn_statistical,observed_reconstruction,convlstm/pinn_statistical:kl_entropy/vs_raw,whole_model_comparison,matched,convlstm_time_conditioned_adaptation_v1,convlstm_time_conditioned_adaptation_v1,1604278,855940,v10,m s**-1,42.0,True,2.284514944468238,2.098915585631622,-0.18559935883661582,-0.08842630933190376,-0.06140160244346704,
convlstm,19,raw,pinn_statistical:kl_entropy,joint,pinn_statistical,observed_reconstruction,convlstm/pinn_statistical:kl_entropy/vs_raw,whole_model_comparison,matched,convlstm_time_conditioned_adaptation_v1,convlstm_time_conditioned_adaptation_v1,1604278,855940,v10,m s**-1,48.0,True,2.380899408465778,2.2125386460909056,-0.1683607623748724,-0.07609393068560899,-0.06288038727293765,
convlstm,19,raw,pinn_statistical:kl_entropy,joint,pinn_statistical,observed_reconstruction,convlstm/pinn_statistical:kl_entropy/vs_raw,whole_model_comparison,matched,convlstm_time_conditioned_adaptation_v1,convlstm_time_conditioned_adaptation_v1,1604278,855940,v10,m s**-1,54.0,True,2.4717134828904874,2.3217746258762335,-0.1499388570142539,-0.064579419269718,-0.06364206770223735,
convlstm,19,raw,pinn_statistical:kl_entropy,joint,pinn_statistical,observed_reconstruction,convlstm/pinn_statistical:kl_entropy/vs_raw,whole_model_comparison,matched,convlstm_time_conditioned_adaptation_v1,convlstm_time_conditioned_adaptation_v1,1604278,855940,v10,m s**-1,60.0,True,2.547470613170432,2.417499801596001,-0.1299708115744309,-0.05376249110284359,-0.06245997959391214,
convlstm,19,raw,pinn_statistical:kl_entropy,joint,pinn_statistical,observed_reconstruction,convlstm/pinn_statistical:kl_entropy/vs_raw,whole_model_comparison,matched,convlstm_time_conditioned_adaptation_v1,convlstm_time_conditioned_adaptation_v1,1604278,855940,v10,m s**-1,66.0,True,2.6110360208173495,2.5027452858266725,-0.10829073499067698,-0.043268779928960166,-0.05875160221579667,
convlstm,19,raw,pinn_statistical:kl_entropy,joint,pinn_statistical,observed_reconstruction,convlstm/pinn_statistical:kl_entropy/vs_raw,whole_model_comparison,matched,convlstm_time_conditioned_adaptation_v1,convlstm_time_conditioned_adaptation_v1,1604278,855940,v10,m s**-1,72.0,True,2.6670661021889814,2.5748152278578447,-0.09225087433113677,-0.03582815315562904,-0.055972736608049356,
convlstm,19,raw,pinn_statistical:kl_entropy,joint,pinn_statistical,observed_reconstruction,convlstm/pinn_statistical:kl_entropy/vs_raw,whole_model_comparison,matched,convlstm_time_conditioned_adaptation_v1,convlstm_time_conditioned_adaptation_v1,1604278,855940,v10,m s**-1,78.0,True,2.716971552814698,2.6392376854244217,-0.07773386739027632,-0.02945315149884875,-0.05353668541318296,
convlstm,19,raw,pinn_statistical:kl_entropy,joint,pinn_statistical,observed_reconstruction,convlstm/pinn_statistical:kl_entropy/vs_raw,whole_model_comparison,matched,convlstm_time_conditioned_adaptation_v1,convlstm_time_conditioned_adaptation_v1,1604278,855940,v10,m s**-1,84.0,True,2.760816838456352,2.69952444195723,-0.06129239649912188,-0.022704886663179602,-0.050324641666592285,
convlstm,19,raw,pinn_statistical:kl_entropy,joint,pinn_statistical,observed_reconstruction,convlstm/pinn_statistical:kl_entropy/vs_raw,whole_model_comparison,matched,convlstm_time_conditioned_adaptation_v1,convlstm_time_conditioned_adaptation_v1,1604278,855940,v10,m s**-1,90.0,True,2.7949771312408154,2.7474145938536383,-0.047562537387177084,-0.017311743736668328,-0.04600264412061422,
convlstm,19,raw,pinn_statistical:kl_entropy,joint,pinn_statistical,observed_reconstruction,convlstm/pinn_statistical:kl_entropy/vs_raw,whole_model_comparison,matched,convlstm_time_conditioned_adaptation_v1,convlstm_time_conditioned_adaptation_v1,1604278,855940,v10,m s**-1,96.0,True,2.8272865458273335,2.794146267908757,-0.033140277918576544,-0.01186060955333601,-0.04071794468273826,
convlstm,19,raw,pinn_statistical:kl_entropy,joint,pinn_statistical,observed_reconstruction,convlstm/pinn_statistical:kl_entropy/vs_raw,whole_model_comparison,matched,convlstm_time_conditioned_adaptation_v1,convlstm_time_conditioned_adaptation_v1,1604278,855940,v10,m s**-1,102.0,True,2.85457894927123,2.8308933519662283,-0.02368559730500186,-0.008366827838480972,-0.03725971649362042,
convlstm,19,raw,pinn_statistical:kl_entropy,joint,pinn_statistical,observed_reconstruction,convlstm/pinn_statistical:kl_entropy/vs_raw,whole_model_comparison,matched,convlstm_time_conditioned_adaptation_v1,convlstm_time_conditioned_adaptation_v1,1604278,855940,v10,m s**-1,108.0,True,2.879739568647076,2.867616346635313,-0.01212322201176308,-0.00422763038925611,-0.032934113369907425,
convlstm,19,raw,pinn_statistical:kl_entropy,joint,pinn_statistical,observed_reconstruction,convlstm/pinn_statistical:kl_entropy/vs_raw,whole_model_comparison,matched,convlstm_time_conditioned_adaptation_v1,convlstm_time_conditioned_adaptation_v1,1604278,855940,v10,m s**-1,114.0,True,2.898943452597031,2.892339905172194,-0.006603547424837153,-0.002283115968848781,-0.029757683287809644,
convlstm,19,raw,pinn_statistical:kl_entropy,joint,pinn_statistical,observed_reconstruction,convlstm/pinn_statistical:kl_entropy/vs_raw,whole_model_comparison,matched,convlstm_time_conditioned_adaptation_v1,convlstm_time_conditioned_adaptation_v1,1604278,855940,v10,m s**-1,120.0,True,2.91865698429224,2.918182890806151,-0.0004740934860891777,-0.00016246188255819582,-0.025881748658341086,
simvp,19,raw,pinn_statistical,joint,pinn_statistical,observed_reconstruction,simvp/pinn_statistical/vs_raw,whole_model_comparison,matched,simvp_gsta_lead_conditioned_adaptation_v1,simvp_gsta_lead_conditioned_adaptation_v1,1914876,1229706,msl,Pa,6.0,True,279.93855363874616,279.53910294642674,-0.39945069231941943,-0.0014289617735374627,-0.026058387228079516,
simvp,19,raw,pinn_statistical,joint,pinn_statistical,observed_reconstruction,simvp/pinn_statistical/vs_raw,whole_model_comparison,matched,simvp_gsta_lead_conditioned_adaptation_v1,simvp_gsta_lead_conditioned_adaptation_v1,1914876,1229706,msl,Pa,12.0,True,293.3874911761335,310.82713916693956,17.439647990806066,0.05610722421969583,-0.01839976200299298,
simvp,19,raw,pinn_statistical,joint,pinn_statistical,observed_reconstruction,simvp/pinn_statistical/vs_raw,whole_model_comparison,matched,simvp_gsta_lead_conditioned_adaptation_v1,simvp_gsta_lead_conditioned_adaptation_v1,1914876,1229706,msl,Pa,18.0,True,338.27430840622304,360.3219459891479,22.047637582924835,0.06118871700251327,-0.01325194229198523,
simvp,19,raw,pinn_statistical,joint,pinn_statistical,observed_reconstruction,simvp/pinn_statistical/vs_raw,whole_model_comparison,matched,simvp_gsta_lead_conditioned_adaptation_v1,simvp_gsta_lead_conditioned_adaptation_v1,1914876,1229706,msl,Pa,24.0,True,373.89123659255904,378.76091634509385,4.8696797525348074,0.012856869709592655,-0.013435356490299144,
simvp,19,raw,pinn_statistical,joint,pinn_statistical,observed_reconstruction,simvp/pinn_statistical/vs_raw,whole_model_comparison,matched,simvp_gsta_lead_conditioned_adaptation_v1,simvp_gsta_lead_conditioned_adaptation_v1,1914876,1229706,msl,Pa,30.0,True,413.0158652175678,407.9237359072263,-5.092129310341534,-0.012483042446688186,-0.013427300424946886,
simvp,19,raw,pinn_statistical,joint,pinn_statistical,observed_reconstruction,simvp/pinn_statistical/vs_raw,whole_model_comparison,matched,simvp_gsta_lead_conditioned_adaptation_v1,simvp_gsta_lead_conditioned_adaptation_v1,1914876,1229706,msl,Pa,36.0,True,442.1396521828723,438.1882721565512,-3.9513800263210896,-0.009017539440008937,-0.012073104915864219,
simvp,19,raw,pinn_statistical,joint,pinn_statistical,observed_reconstruction,simvp/pinn_statistical/vs_raw,whole_model_comparison,matched,simvp_gsta_lead_conditioned_adaptation_v1,simvp_gsta_lead_conditioned_adaptation_v1,1914876,1229706,msl,Pa,42.0,True,471.00695854233237,468.20064651843694,-2.8063120238954298,-0.005993823470265003,-0.011360057872996432,
simvp,19,raw,pinn_statistical,joint,pinn_statistical,observed_reconstruction,simvp/pinn_statistical/vs_raw,whole_model_comparison,matched,simvp_gsta_lead_conditioned_adaptation_v1,simvp_gsta_lead_conditioned_adaptation_v1,1914876,1229706,msl,Pa,48.0,True,493.30026370002366,483.9720694478547,-9.328194252168942,-0.019274240893304206,-0.013235534333023935,
simvp,19,raw,pinn_statistical,joint,pinn_statistical,observed_reconstruction,simvp/pinn_statistical/vs_raw,whole_model_comparison,matched,simvp_gsta_lead_conditioned_adaptation_v1,simvp_gsta_lead_conditioned_adaptation_v1,1914876,1229706,msl,Pa,54.0,True,513.4934413559247,501.60419128992413,-11.889250066000557,-0.023702453592794326,-0.014748261617561487,
simvp,19,raw,pinn_statistical,joint,pinn_statistical,observed_reconstruction,simvp/pinn_statistical/vs_raw,whole_model_comparison,matched,simvp_gsta_lead_conditioned_adaptation_v1,simvp_gsta_lead_conditioned_adaptation_v1,1914876,1229706,msl,Pa,60.0,True,529.4423787363261,518.556485211738,-10.885893524588028,-0.020992686110449688,-0.015897439142464886,
simvp,19,raw,pinn_statistical,joint,pinn_statistical,observed_reconstruction,simvp/pinn_statistical/vs_raw,whole_model_comparison,matched,simvp_gsta_lead_conditioned_adaptation_v1,simvp_gsta_lead_conditioned_adaptation_v1,1914876,1229706,msl,Pa,66.0,True,545.4476924157385,535.9738920819701,-9.473800333768395,-0.01767586159274992,-0.01729626394190842,
simvp,19,raw,pinn_statistical,joint,pinn_statistical,observed_reconstruction,simvp/pinn_statistical/vs_raw,whole_model_comparison,matched,simvp_gsta_lead_conditioned_adaptation_v1,simvp_gsta_lead_conditioned_adaptation_v1,1914876,1229706,msl,Pa,72.0,True,557.915792190087,543.9020610691897,-14.013731120897319,-0.025765173776597594,-0.021956871041550086,
simvp,19,raw,pinn_statistical,joint,pinn_statistical,observed_reconstruction,simvp/pinn_statistical/vs_raw,whole_model_comparison,matched,simvp_gsta_lead_conditioned_adaptation_v1,simvp_gsta_lead_conditioned_adaptation_v1,1914876,1229706,msl,Pa,78.0,True,569.7658918171213,553.918801760728,-15.847090056393313,-0.028609048846185647,-0.02374618593875044,
simvp,19,raw,pinn_statistical,joint,pinn_statistical,observed_reconstruction,simvp/pinn_statistical/vs_raw,whole_model_comparison,matched,simvp_gsta_lead_conditioned_adaptation_v1,simvp_gsta_lead_conditioned_adaptation_v1,1914876,1229706,msl,Pa,84.0,True,579.1512088126353,564.6257361909063,-14.525472621729023,-0.025725842253881526,-0.024031157175953166,
simvp,19,raw,pinn_statistical,joint,pinn_statistical,observed_reconstruction,simvp/pinn_statistical/vs_raw,whole_model_comparison,matched,simvp_gsta_lead_conditioned_adaptation_v1,simvp_gsta_lead_conditioned_adaptation_v1,1914876,1229706,msl,Pa,90.0,True,589.2920155702783,576.5390948927584,-12.75292067751991,-0.02211978474745413,-0.02381317248410697,
simvp,19,raw,pinn_statistical,joint,pinn_statistical,observed_reconstruction,simvp/pinn_statistical/vs_raw,whole_model_comparison,matched,simvp_gsta_lead_conditioned_adaptation_v1,simvp_gsta_lead_conditioned_adaptation_v1,1914876,1229706,msl,Pa,96.0,True,596.8044026019073,580.8800923694915,-15.924310232415792,-0.027414109110639906,-0.02728896815679327,
simvp,19,raw,pinn_statistical,joint,pinn_statistical,observed_reconstruction,simvp/pinn_statistical/vs_raw,whole_model_comparison,matched,simvp_gsta_lead_conditioned_adaptation_v1,simvp_gsta_lead_conditioned_adaptation_v1,1914876,1229706,msl,Pa,102.0,True,604.9530973118568,587.9150200265733,-17.03807728528352,-0.0289805102861862,-0.02698704379990491,
simvp,19,raw,pinn_statistical,joint,pinn_statistical,observed_reconstruction,simvp/pinn_statistical/vs_raw,whole_model_comparison,matched,simvp_gsta_lead_conditioned_adaptation_v1,simvp_gsta_lead_conditioned_adaptation_v1,1914876,1229706,msl,Pa,108.0,True,610.9472735336342,595.2078751334963,-15.73939840013793,-0.02644353184441295,-0.025645930628687197,
simvp,19,raw,pinn_statistical,joint,pinn_statistical,observed_reconstruction,simvp/pinn_statistical/vs_raw,whole_model_comparison,matched,simvp_gsta_lead_conditioned_adaptation_v1,simvp_gsta_lead_conditioned_adaptation_v1,1914876,1229706,msl,Pa,114.0,True,618.2836764208054,603.5868746268097,-14.696801793995633,-0.024349107662558822,-0.02394060959796379,
simvp,19,raw,pinn_statistical,joint,pinn_statistical,observed_reconstruction,simvp/pinn_statistical/vs_raw,whole_model_comparison,matched,simvp_gsta_lead_conditioned_adaptation_v1,simvp_gsta_lead_conditioned_adaptation_v1,1914876,1229706,msl,Pa,120.0,True,623.0237459131994,605.8443050505433,-17.179440862656065,-0.028356197655803328,-0.026801103767878698,
simvp,19,raw,pinn_statistical,joint,pinn_statistical,observed_reconstruction,simvp/pinn_statistical/vs_raw,whole_model_comparison,matched,simvp_gsta_lead_conditioned_adaptation_v1,simvp_gsta_lead_conditioned_adaptation_v1,1914876,1229706,t2m,K,6.0,True,2.2763707937127737,2.091557677824452,-0.18481311588832172,-0.08836147233604197,-0.02176121452709978,
simvp,19,raw,pinn_statistical,joint,pinn_statistical,observed_reconstruction,simvp/pinn_statistical/vs_raw,whole_model_comparison,matched,simvp_gsta_lead_conditioned_adaptation_v1,simvp_gsta_lead_conditioned_adaptation_v1,1914876,1229706,t2m,K,12.0,True,2.41758273327502,2.2475585154806543,-0.17002421779436583,-0.07564840542449902,-0.015749895102623146,
simvp,19,raw,pinn_statistical,joint,pinn_statistical,observed_reconstruction,simvp/pinn_statistical/vs_raw,whole_model_comparison,matched,simvp_gsta_lead_conditioned_adaptation_v1,simvp_gsta_lead_conditioned_adaptation_v1,1914876,1229706,t2m,K,18.0,True,2.2465479717659522,2.1129223403336383,-0.13362563143231387,-0.06324209313401163,-0.011085446152759415,
simvp,19,raw,pinn_statistical,joint,pinn_statistical,observed_reconstruction,simvp/pinn_statistical/vs_raw,whole_model_comparison,matched,simvp_gsta_lead_conditioned_adaptation_v1,simvp_gsta_lead_conditioned_adaptation_v1,1914876,1229706,t2m,K,24.0,True,2.143743042098522,1.9311581198493222,-0.2125849222492,-0.1100815723291404,-0.019567314490289145,
simvp,19,raw,pinn_statistical,joint,pinn_statistical,observed_reconstruction,simvp/pinn_statistical/vs_raw,whole_model_comparison,matched,simvp_gsta_lead_conditioned_adaptation_v1,simvp_gsta_lead_conditioned_adaptation_v1,1914876,1229706,t2m,K,30.0,True,2.3048411368242676,2.1395494026207813,-0.1652917342034863,-0.07725539499158884,-0.01271771141902267,
simvp,19,raw,pinn_statistical,joint,pinn_statistical,observed_reconstruction,simvp/pinn_statistical/vs_raw,whole_model_comparison,matched,simvp_gsta_lead_conditioned_adaptation_v1,simvp_gsta_lead_conditioned_adaptation_v1,1914876,1229706,t2m,K,36.0,True,2.36644537407068,2.2832568288147552,-0.08318854525592467,-0.03643416027758395,-0.0026160364494457466,
simvp,19,raw,pinn_statistical,joint,pinn_statistical,observed_reconstruction,simvp/pinn_statistical/vs_raw,whole_model_comparison,matched,simvp_gsta_lead_conditioned_adaptation_v1,simvp_gsta_lead_conditioned_adaptation_v1,1914876,1229706,t2m,K,42.0,True,2.2735157408369435,2.2181636188948985,-0.055352121942044974,-0.024954030203426347,-0.00017266606237997806,
simvp,19,raw,pinn_statistical,joint,pinn_statistical,observed_reconstruction,simvp/pinn_statistical/vs_raw,whole_model_comparison,matched,simvp_gsta_lead_conditioned_adaptation_v1,simvp_gsta_lead_conditioned_adaptation_v1,1914876,1229706,t2m,K,48.0,True,2.2442416276608683,2.052246799493408,-0.19199482816746016,-0.09355347915019463,-0.012647276238266114,
simvp,19,raw,pinn_statistical,joint,pinn_statistical,observed_reconstruction,simvp/pinn_statistical/vs_raw,whole_model_comparison,matched,simvp_gsta_lead_conditioned_adaptation_v1,simvp_gsta_lead_conditioned_adaptation_v1,1914876,1229706,t2m,K,54.0,True,2.377935101040553,2.261900661825456,-0.11603443921509715,-0.051299529273514555,-0.004060461177479047,
simvp,19,raw,pinn_statistical,joint,pinn_statistical,observed_reconstruction,simvp/pinn_statistical/vs_raw,whole_model_comparison,matched,simvp_gsta_lead_conditioned_adaptation_v1,simvp_gsta_lead_conditioned_adaptation_v1,1914876,1229706,t2m,K,60.0,True,2.4431855091839334,2.411732232700159,-0.031453276483774495,-0.0130417780453842,0.005591810839105316,
simvp,19,raw,pinn_statistical,joint,pinn_statistical,observed_reconstruction,simvp/pinn_statistical/vs_raw,whole_model_comparison,matched,simvp_gsta_lead_conditioned_adaptation_v1,simvp_gsta_lead_conditioned_adaptation_v1,1914876,1229706,t2m,K,66.0,True,2.3965148722805214,2.324800456327324,-0.07171441595319727,-0.030847557586292984,0.002665899273202599,
simvp,19,raw,pinn_statistical,joint,pinn_statistical,observed_reconstruction,simvp/pinn_statistical/vs_raw,whole_model_comparison,matched,simvp_gsta_lead_conditioned_adaptation_v1,simvp_gsta_lead_conditioned_adaptation_v1,1914876,1229706,t2m,K,72.0,True,2.4012025163635893,2.1769787185989498,-0.22422379776463952,-0.10299769853007312,-0.011088608921916765,
simvp,19,raw,pinn_statistical,joint,pinn_statistical,observed_reconstruction,simvp/pinn_statistical/vs_raw,whole_model_comparison,matched,simvp_gsta_lead_conditioned_adaptation_v1,simvp_gsta_lead_conditioned_adaptation_v1,1914876,1229706,t2m,K,78.0,True,2.507962987874739,2.390430027645036,-0.11753296022970305,-0.04916812409083238,-0.0011679277646861053,
simvp,19,raw,pinn_statistical,joint,pinn_statistical,observed_reconstruction,simvp/pinn_statistical/vs_raw,whole_model_comparison,matched,simvp_gsta_lead_conditioned_adaptation_v1,simvp_gsta_lead_conditioned_adaptation_v1,1914876,1229706,t2m,K,84.0,True,2.561486380592104,2.525053729349775,-0.03643265124232897,-0.014428465746632035,0.008024597310336112,
simvp,19,raw,pinn_statistical,joint,pinn_statistical,observed_reconstruction,simvp/pinn_statistical/vs_raw,whole_model_comparison,matched,simvp_gsta_lead_conditioned_adaptation_v1,simvp_gsta_lead_conditioned_adaptation_v1,1914876,1229706,t2m,K,90.0,True,2.516579083703172,2.443168339985362,-0.07341074371780998,-0.03004735388730917,0.004834211274376221,
simvp,19,raw,pinn_statistical,joint,pinn_statistical,observed_reconstruction,simvp/pinn_statistical/vs_raw,whole_model_comparison,matched,simvp_gsta_lead_conditioned_adaptation_v1,simvp_gsta_lead_conditioned_adaptation_v1,1914876,1229706,t2m,K,96.0,True,2.5048122919328324,2.305421594156724,-0.19939069777610818,-0.08648773754938355,-0.007821448362329342,
simvp,19,raw,pinn_statistical,joint,pinn_statistical,observed_reconstruction,simvp/pinn_statistical/vs_raw,whole_model_comparison,matched,simvp_gsta_lead_conditioned_adaptation_v1,simvp_gsta_lead_conditioned_adaptation_v1,1914876,1229706,t2m,K,102.0,True,2.597009809125247,2.509824349362822,-0.08718545976242531,-0.03473767388724203,0.003138006462531817,
simvp,19,raw,pinn_statistical,joint,pinn_statistical,observed_reconstruction,simvp/pinn_statistical/vs_raw,whole_model_comparison,matched,simvp_gsta_lead_conditioned_adaptation_v1,simvp_gsta_lead_conditioned_adaptation_v1,1914876,1229706,t2m,K,108.0,True,2.6529772466647916,2.6400766750717044,-0.012900571593087218,-0.004886438229199097,0.012360116344818373,
simvp,19,raw,pinn_statistical,joint,pinn_statistical,observed_reconstruction,simvp/pinn_statistical/vs_raw,whole_model_comparison,matched,simvp_gsta_lead_conditioned_adaptation_v1,simvp_gsta_lead_conditioned_adaptation_v1,1914876,1229706,t2m,K,114.0,True,2.5943844804524105,2.5593486512260024,-0.03503582922640813,-0.013689353816497496,0.008732518641273779,
simvp,19,raw,pinn_statistical,joint,pinn_statistical,observed_reconstruction,simvp/pinn_statistical/vs_raw,whole_model_comparison,matched,simvp_gsta_lead_conditioned_adaptation_v1,simvp_gsta_lead_conditioned_adaptation_v1,1914876,1229706,t2m,K,120.0,True,2.555085003358507,2.403675486762246,-0.151409516596261,-0.06299083109601034,-0.004076966288889428,
simvp,19,raw,pinn_statistical,joint,pinn_statistical,observed_reconstruction,simvp/pinn_statistical/vs_raw,whole_model_comparison,matched,simvp_gsta_lead_conditioned_adaptation_v1,simvp_gsta_lead_conditioned_adaptation_v1,1914876,1229706,u10,m s**-1,6.0,True,1.5930956413338349,1.1701431469146186,-0.42295249441921623,-0.36145363542438247,-0.07989150735174788,
simvp,19,raw,pinn_statistical,joint,pinn_statistical,observed_reconstruction,simvp/pinn_statistical/vs_raw,whole_model_comparison,matched,simvp_gsta_lead_conditioned_adaptation_v1,simvp_gsta_lead_conditioned_adaptation_v1,1914876,1229706,u10,m s**-1,12.0,True,1.635874626198593,1.349217577197053,-0.2866570490015401,-0.21246169175846275,-0.06184403820980733,
simvp,19,raw,pinn_statistical,joint,pinn_statistical,observed_reconstruction,simvp/pinn_statistical/vs_raw,whole_model_comparison,matched,simvp_gsta_lead_conditioned_adaptation_v1,simvp_gsta_lead_conditioned_adaptation_v1,1914876,1229706,u10,m s**-1,18.0,True,1.7638135524056218,1.5975062960746167,-0.16630725633100507,-0.10410428850243303,-0.04315690313000209,
simvp,19,raw,pinn_statistical,joint,pinn_statistical,observed_reconstruction,simvp/pinn_statistical/vs_raw,whole_model_comparison,matched,simvp_gsta_lead_conditioned_adaptation_v1,simvp_gsta_lead_conditioned_adaptation_v1,1914876,1229706,u10,m s**-1,24.0,True,1.8850805195997153,1.78817182743871,-0.0969086921610054,-0.05419428417000205,-0.03024457686215909,
simvp,19,raw,pinn_statistical,joint,pinn_statistical,observed_reconstruction,simvp/pinn_statistical/vs_raw,whole_model_comparison,matched,simvp_gsta_lead_conditioned_adaptation_v1,simvp_gsta_lead_conditioned_adaptation_v1,1914876,1229706,u10,m s**-1,30.0,True,2.017443909667695,1.9621669376471427,-0.05527697202055237,-0.028171391006534652,-0.020645880311397913,
simvp,19,raw,pinn_statistical,joint,pinn_statistical,observed_reconstruction,simvp/pinn_statistical/vs_raw,whole_model_comparison,matched,simvp_gsta_lead_conditioned_adaptation_v1,simvp_gsta_lead_conditioned_adaptation_v1,1914876,1229706,u10,m s**-1,36.0,True,2.1303751234409463,2.0985064403592997,-0.03186868308164659,-0.015186364201098312,-0.015039603395037737,
simvp,19,raw,pinn_statistical,joint,pinn_statistical,observed_reconstruction,simvp/pinn_statistical/vs_raw,whole_model_comparison,matched,simvp_gsta_lead_conditioned_adaptation_v1,simvp_gsta_lead_conditioned_adaptation_v1,1914876,1229706,u10,m s**-1,42.0,True,2.2290099759125925,2.2027389937867827,-0.026270982125809805,-0.011926507044144552,-0.013290758807760206,
simvp,19,raw,pinn_statistical,joint,pinn_statistical,observed_reconstruction,simvp/pinn_statistical/vs_raw,whole_model_comparison,matched,simvp_gsta_lead_conditioned_adaptation_v1,simvp_gsta_lead_conditioned_adaptation_v1,1914876,1229706,u10,m s**-1,48.0,True,2.3053438672398556,2.2773080785865245,-0.028035788653331117,-0.012310933648789657,-0.013858508437080475,
simvp,19,raw,pinn_statistical,joint,pinn_statistical,observed_reconstruction,simvp/pinn_statistical/vs_raw,whole_model_comparison,matched,simvp_gsta_lead_conditioned_adaptation_v1,simvp_gsta_lead_conditioned_adaptation_v1,1914876,1229706,u10,m s**-1,54.0,True,2.383875728960539,2.350330304121714,-0.03354542483882472,-0.01427264277705853,-0.014844517530024803,
simvp,19,raw,pinn_statistical,joint,pinn_statistical,observed_reconstruction,simvp/pinn_statistical/vs_raw,whole_model_comparison,matched,simvp_gsta_lead_conditioned_adaptation_v1,simvp_gsta_lead_conditioned_adaptation_v1,1914876,1229706,u10,m s**-1,60.0,True,2.4501064731382245,2.415744506136225,-0.03436196700199945,-0.014224172678326097,-0.01526014433573153,
simvp,19,raw,pinn_statistical,joint,pinn_statistical,observed_reconstruction,simvp/pinn_statistical/vs_raw,whole_model_comparison,matched,simvp_gsta_lead_conditioned_adaptation_v1,simvp_gsta_lead_conditioned_adaptation_v1,1914876,1229706,u10,m s**-1,66.0,True,2.506446020521678,2.4663704510440354,-0.04007556947764268,-0.016248803767770825,-0.017537138669712182,
simvp,19,raw,pinn_statistical,joint,pinn_statistical,observed_reconstruction,simvp/pinn_statistical/vs_raw,whole_model_comparison,matched,simvp_gsta_lead_conditioned_adaptation_v1,simvp_gsta_lead_conditioned_adaptation_v1,1914876,1229706,u10,m s**-1,72.0,True,2.5459423993038786,2.502060705494236,-0.043881693809642464,-0.01753822108044112,-0.019760373371660922,
simvp,19,raw,pinn_statistical,joint,pinn_statistical,observed_reconstruction,simvp/pinn_statistical/vs_raw,whole_model_comparison,matched,simvp_gsta_lead_conditioned_adaptation_v1,simvp_gsta_lead_conditioned_adaptation_v1,1914876,1229706,u10,m s**-1,78.0,True,2.5904806936291727,2.5423054144160036,-0.04817527921316911,-0.01894944601856019,-0.020897700053349788,
simvp,19,raw,pinn_statistical,joint,pinn_statistical,observed_reconstruction,simvp/pinn_statistical/vs_raw,whole_model_comparison,matched,simvp_gsta_lead_conditioned_adaptation_v1,simvp_gsta_lead_conditioned_adaptation_v1,1914876,1229706,u10,m s**-1,84.0,True,2.6272489931764067,2.5795185588020026,-0.04773043437440405,-0.01850362123254934,-0.02125104366294156,
simvp,19,raw,pinn_statistical,joint,pinn_statistical,observed_reconstruction,simvp/pinn_statistical/vs_raw,whole_model_comparison,matched,simvp_gsta_lead_conditioned_adaptation_v1,simvp_gsta_lead_conditioned_adaptation_v1,1914876,1229706,u10,m s**-1,90.0,True,2.662820185603725,2.6101937214868265,-0.05262646411689831,-0.02016189974088256,-0.02356909674718377,
simvp,19,raw,pinn_statistical,joint,pinn_statistical,observed_reconstruction,simvp/pinn_statistical/vs_raw,whole_model_comparison,matched,simvp_gsta_lead_conditioned_adaptation_v1,simvp_gsta_lead_conditioned_adaptation_v1,1914876,1229706,u10,m s**-1,96.0,True,2.684143509965675,2.6301878963930463,-0.0539556135726289,-0.020513976832842173,-0.024563065307655507,
simvp,19,raw,pinn_statistical,joint,pinn_statistical,observed_reconstruction,simvp/pinn_statistical/vs_raw,whole_model_comparison,matched,simvp_gsta_lead_conditioned_adaptation_v1,simvp_gsta_lead_conditioned_adaptation_v1,1914876,1229706,u10,m s**-1,102.0,True,2.711691645098115,2.656278637105345,-0.05541300799277016,-0.020861142810362665,-0.023897718048162486,
simvp,19,raw,pinn_statistical,joint,pinn_statistical,observed_reconstruction,simvp/pinn_statistical/vs_raw,whole_model_comparison,matched,simvp_gsta_lead_conditioned_adaptation_v1,simvp_gsta_lead_conditioned_adaptation_v1,1914876,1229706,u10,m s**-1,108.0,True,2.7321250145760136,2.6800422396171864,-0.052082774958827294,-0.019433564959881577,-0.022659646629150487,
simvp,19,raw,pinn_statistical,joint,pinn_statistical,observed_reconstruction,simvp/pinn_statistical/vs_raw,whole_model_comparison,matched,simvp_gsta_lead_conditioned_adaptation_v1,simvp_gsta_lead_conditioned_adaptation_v1,1914876,1229706,u10,m s**-1,114.0,True,2.7582314493066415,2.702020783256015,-0.056210666050626745,-0.020803195296999588,-0.02393416322526315,
simvp,19,raw,pinn_statistical,joint,pinn_statistical,observed_reconstruction,simvp/pinn_statistical/vs_raw,whole_model_comparison,matched,simvp_gsta_lead_conditioned_adaptation_v1,simvp_gsta_lead_conditioned_adaptation_v1,1914876,1229706,u10,m s**-1,120.0,True,2.770852408433567,2.7141914055415386,-0.05666100289202847,-0.020875831666235634,-0.0232067730960952,
simvp,19,raw,pinn_statistical,joint,pinn_statistical,observed_reconstruction,simvp/pinn_statistical/vs_raw,whole_model_comparison,matched,simvp_gsta_lead_conditioned_adaptation_v1,simvp_gsta_lead_conditioned_adaptation_v1,1914876,1229706,v10,m s**-1,6.0,True,1.6612921841806436,1.2867974705094938,-0.37449471367114984,-0.29102848136845694,-0.07046441666656345,
simvp,19,raw,pinn_statistical,joint,pinn_statistical,observed_reconstruction,simvp/pinn_statistical/vs_raw,whole_model_comparison,matched,simvp_gsta_lead_conditioned_adaptation_v1,simvp_gsta_lead_conditioned_adaptation_v1,1914876,1229706,v10,m s**-1,12.0,True,1.7406865310916109,1.5127729254807063,-0.22791360561090457,-0.15065949540211498,-0.04919161977597686,
simvp,19,raw,pinn_statistical,joint,pinn_statistical,observed_reconstruction,simvp/pinn_statistical/vs_raw,whole_model_comparison,matched,simvp_gsta_lead_conditioned_adaptation_v1,simvp_gsta_lead_conditioned_adaptation_v1,1914876,1229706,v10,m s**-1,18.0,True,1.936851740324982,1.8021063106009028,-0.13474542972407932,-0.07477107700663299,-0.034556381675944214,
simvp,19,raw,pinn_statistical,joint,pinn_statistical,observed_reconstruction,simvp/pinn_statistical/vs_raw,whole_model_comparison,matched,simvp_gsta_lead_conditioned_adaptation_v1,simvp_gsta_lead_conditioned_adaptation_v1,1914876,1229706,v10,m s**-1,24.0,True,2.105100262929754,1.9960596565623647,-0.10904060636738944,-0.05462792958562179,-0.031556982537366274,
simvp,19,raw,pinn_statistical,joint,pinn_statistical,observed_reconstruction,simvp/pinn_statistical/vs_raw,whole_model_comparison,matched,simvp_gsta_lead_conditioned_adaptation_v1,simvp_gsta_lead_conditioned_adaptation_v1,1914876,1229706,v10,m s**-1,30.0,True,2.252653163583391,2.164360726019629,-0.0882924375637617,-0.04079377180629962,-0.02764916542748841,
simvp,19,raw,pinn_statistical,joint,pinn_statistical,observed_reconstruction,simvp/pinn_statistical/vs_raw,whole_model_comparison,matched,simvp_gsta_lead_conditioned_adaptation_v1,simvp_gsta_lead_conditioned_adaptation_v1,1914876,1229706,v10,m s**-1,36.0,True,2.379830278436632,2.2995842987588064,-0.08024597967782565,-0.03489586344851037,-0.026860765996405078,
simvp,19,raw,pinn_statistical,joint,pinn_statistical,observed_reconstruction,simvp/pinn_statistical/vs_raw,whole_model_comparison,matched,simvp_gsta_lead_conditioned_adaptation_v1,simvp_gsta_lead_conditioned_adaptation_v1,1914876,1229706,v10,m s**-1,42.0,True,2.4806675285988717,2.4172323776273434,-0.0634351509715283,-0.02624288486231241,-0.024010208234429786,
simvp,19,raw,pinn_statistical,joint,pinn_statistical,observed_reconstruction,simvp/pinn_statistical/vs_raw,whole_model_comparison,matched,simvp_gsta_lead_conditioned_adaptation_v1,simvp_gsta_lead_conditioned_adaptation_v1,1914876,1229706,v10,m s**-1,48.0,True,2.5690020909514684,2.505873846252803,-0.06312824469866518,-0.025192108051674156,-0.026072097986486797,
simvp,19,raw,pinn_statistical,joint,pinn_statistical,observed_reconstruction,simvp/pinn_statistical/vs_raw,whole_model_comparison,matched,simvp_gsta_lead_conditioned_adaptation_v1,simvp_gsta_lead_conditioned_adaptation_v1,1914876,1229706,v10,m s**-1,54.0,True,2.64623044092794,2.5846268221867614,-0.06160361874117859,-0.023834627967320277,-0.024669787536761634,
simvp,19,raw,pinn_statistical,joint,pinn_statistical,observed_reconstruction,simvp/pinn_statistical/vs_raw,whole_model_comparison,matched,simvp_gsta_lead_conditioned_adaptation_v1,simvp_gsta_lead_conditioned_adaptation_v1,1914876,1229706,v10,m s**-1,60.0,True,2.71260236989045,2.6482684569874757,-0.06433391290297408,-0.02429282149746892,-0.025345406796025094,
simvp,19,raw,pinn_statistical,joint,pinn_statistical,observed_reconstruction,simvp/pinn_statistical/vs_raw,whole_model_comparison,matched,simvp_gsta_lead_conditioned_adaptation_v1,simvp_gsta_lead_conditioned_adaptation_v1,1914876,1229706,v10,m s**-1,66.0,True,2.7599203421130936,2.7028457513994444,-0.057074590713649176,-0.021116480910572832,-0.023236415940088295,
simvp,19,raw,pinn_statistical,joint,pinn_statistical,observed_reconstruction,simvp/pinn_statistical/vs_raw,whole_model_comparison,matched,simvp_gsta_lead_conditioned_adaptation_v1,simvp_gsta_lead_conditioned_adaptation_v1,1914876,1229706,v10,m s**-1,72.0,True,2.7993022423361085,2.742127014153442,-0.057175228182666515,-0.02085068557640013,-0.024785129659205762,
simvp,19,raw,pinn_statistical,joint,pinn_statistical,observed_reconstruction,simvp/pinn_statistical/vs_raw,whole_model_comparison,matched,simvp_gsta_lead_conditioned_adaptation_v1,simvp_gsta_lead_conditioned_adaptation_v1,1914876,1229706,v10,m s**-1,78.0,True,2.833358696076201,2.778316941089599,-0.05504175498660224,-0.019811186467810327,-0.022135611166298697,
simvp,19,raw,pinn_statistical,joint,pinn_statistical,observed_reconstruction,simvp/pinn_statistical/vs_raw,whole_model_comparison,matched,simvp_gsta_lead_conditioned_adaptation_v1,simvp_gsta_lead_conditioned_adaptation_v1,1914876,1229706,v10,m s**-1,84.0,True,2.864036457008193,2.8078667161837525,-0.056169740824440595,-0.020004418479229846,-0.02199310216912559,
simvp,19,raw,pinn_statistical,joint,pinn_statistical,observed_reconstruction,simvp/pinn_statistical/vs_raw,whole_model_comparison,matched,simvp_gsta_lead_conditioned_adaptation_v1,simvp_gsta_lead_conditioned_adaptation_v1,1914876,1229706,v10,m s**-1,90.0,True,2.8854693573766257,2.8347257494612452,-0.05074360791538046,-0.017900711532685243,-0.019822694595350965,
simvp,19,raw,pinn_statistical,joint,pinn_statistical,observed_reconstruction,simvp/pinn_statistical/vs_raw,whole_model_comparison,matched,simvp_gsta_lead_conditioned_adaptation_v1,simvp_gsta_lead_conditioned_adaptation_v1,1914876,1229706,v10,m s**-1,96.0,True,2.905966182088201,2.8542508950766767,-0.05171528701152406,-0.01811868995144339,-0.02144805382060677,
simvp,19,raw,pinn_statistical,joint,pinn_statistical,observed_reconstruction,simvp/pinn_statistical/vs_raw,whole_model_comparison,matched,simvp_gsta_lead_conditioned_adaptation_v1,simvp_gsta_lead_conditioned_adaptation_v1,1914876,1229706,v10,m s**-1,102.0,True,2.9249255287422504,2.8752677806306917,-0.049657748111558764,-0.017270651605418852,-0.017947213810016682,
simvp,19,raw,pinn_statistical,joint,pinn_statistical,observed_reconstruction,simvp/pinn_statistical/vs_raw,whole_model_comparison,matched,simvp_gsta_lead_conditioned_adaptation_v1,simvp_gsta_lead_conditioned_adaptation_v1,1914876,1229706,v10,m s**-1,108.0,True,2.942835355408131,2.8930363553699907,-0.049799000038140306,-0.017213402778608167,-0.01724405685909941,
simvp,19,raw,pinn_statistical,joint,pinn_statistical,observed_reconstruction,simvp/pinn_statistical/vs_raw,whole_model_comparison,matched,simvp_gsta_lead_conditioned_adaptation_v1,simvp_gsta_lead_conditioned_adaptation_v1,1914876,1229706,v10,m s**-1,114.0,True,2.9562299205698856,2.9108023821865854,-0.04542753838330027,-0.01560653470029627,-0.014648047092786443,
simvp,19,raw,pinn_statistical,joint,pinn_statistical,observed_reconstruction,simvp/pinn_statistical/vs_raw,whole_model_comparison,matched,simvp_gsta_lead_conditioned_adaptation_v1,simvp_gsta_lead_conditioned_adaptation_v1,1914876,1229706,v10,m s**-1,120.0,True,2.9708849385145077,2.9235282003680183,-0.04735673814648944,-0.016198488572994885,-0.016084486905859063,
simvp,19,raw,pinn_statistical:kl_entropy,joint,pinn_statistical,observed_reconstruction,simvp/pinn_statistical:kl_entropy/vs_raw,whole_model_comparison,matched,simvp_gsta_lead_conditioned_adaptation_v1,simvp_gsta_lead_conditioned_adaptation_v1,1914876,1229706,msl,Pa,6.0,True,270.6381951954028,279.53910294642674,8.900907751023965,0.03184136908649171,-0.01913611423127526,
simvp,19,raw,pinn_statistical:kl_entropy,joint,pinn_statistical,observed_reconstruction,simvp/pinn_statistical:kl_entropy/vs_raw,whole_model_comparison,matched,simvp_gsta_lead_conditioned_adaptation_v1,simvp_gsta_lead_conditioned_adaptation_v1,1914876,1229706,msl,Pa,12.0,True,286.07796860493187,310.82713916693956,24.74917056200769,0.07962358315409312,-0.012210608093452535,
simvp,19,raw,pinn_statistical:kl_entropy,joint,pinn_statistical,observed_reconstruction,simvp/pinn_statistical:kl_entropy/vs_raw,whole_model_comparison,matched,simvp_gsta_lead_conditioned_adaptation_v1,simvp_gsta_lead_conditioned_adaptation_v1,1914876,1229706,msl,Pa,18.0,True,331.833432060049,360.3219459891479,28.488513929098872,0.07906405437196684,-0.007517367328294999,
simvp,19,raw,pinn_statistical:kl_entropy,joint,pinn_statistical,observed_reconstruction,simvp/pinn_statistical:kl_entropy/vs_raw,whole_model_comparison,matched,simvp_gsta_lead_conditioned_adaptation_v1,simvp_gsta_lead_conditioned_adaptation_v1,1914876,1229706,msl,Pa,24.0,True,367.6098774368826,378.76091634509385,11.151038908211262,0.02944083834154476,-0.006847349010792758,
simvp,19,raw,pinn_statistical:kl_entropy,joint,pinn_statistical,observed_reconstruction,simvp/pinn_statistical:kl_entropy/vs_raw,whole_model_comparison,matched,simvp_gsta_lead_conditioned_adaptation_v1,simvp_gsta_lead_conditioned_adaptation_v1,1914876,1229706,msl,Pa,30.0,True,410.66255105136275,407.9237359072263,-2.738815144136481,-0.006714037215915791,-0.009290389685765676,
simvp,19,raw,pinn_statistical:kl_entropy,joint,pinn_statistical,observed_reconstruction,simvp/pinn_statistical:kl_entropy/vs_raw,whole_model_comparison,matched,simvp_gsta_lead_conditioned_adaptation_v1,simvp_gsta_lead_conditioned_adaptation_v1,1914876,1229706,msl,Pa,36.0,True,443.29631333096734,438.1882721565512,-5.108041174416144,-0.011657183678779992,-0.010586904041621326,
simvp,19,raw,pinn_statistical:kl_entropy,joint,pinn_statistical,observed_reconstruction,simvp/pinn_statistical:kl_entropy/vs_raw,whole_model_comparison,matched,simvp_gsta_lead_conditioned_adaptation_v1,simvp_gsta_lead_conditioned_adaptation_v1,1914876,1229706,msl,Pa,42.0,True,471.78940144224043,468.20064651843694,-3.588754923803492,-0.007664993524655772,-0.008909155233937649,
simvp,19,raw,pinn_statistical:kl_entropy,joint,pinn_statistical,observed_reconstruction,simvp/pinn_statistical:kl_entropy/vs_raw,whole_model_comparison,matched,simvp_gsta_lead_conditioned_adaptation_v1,simvp_gsta_lead_conditioned_adaptation_v1,1914876,1229706,msl,Pa,48.0,True,494.714662419902,483.9720694478547,-10.742592972047305,-0.022196720947766924,-0.010809741936868789,
simvp,19,raw,pinn_statistical:kl_entropy,joint,pinn_statistical,observed_reconstruction,simvp/pinn_statistical:kl_entropy/vs_raw,whole_model_comparison,matched,simvp_gsta_lead_conditioned_adaptation_v1,simvp_gsta_lead_conditioned_adaptation_v1,1914876,1229706,msl,Pa,54.0,True,517.6843337189711,501.60419128992413,-16.08014242904693,-0.03205743235058556,-0.014276838546434356,
simvp,19,raw,pinn_statistical:kl_entropy,joint,pinn_statistical,observed_reconstruction,simvp/pinn_statistical:kl_entropy/vs_raw,whole_model_comparison,matched,simvp_gsta_lead_conditioned_adaptation_v1,simvp_gsta_lead_conditioned_adaptation_v1,1914876,1229706,msl,Pa,60.0,True,536.5383334953153,518.556485211738,-17.98184828357728,-0.03467673975041485,-0.018706273049585165,
simvp,19,raw,pinn_statistical:kl_entropy,joint,pinn_statistical,observed_reconstruction,simvp/pinn_statistical:kl_entropy/vs_raw,whole_model_comparison,matched,simvp_gsta_lead_conditioned_adaptation_v1,simvp_gsta_lead_conditioned_adaptation_v1,1914876,1229706,msl,Pa,66.0,True,551.4300103805828,535.9738920819701,-15.456118298612637,-0.0288374462393568,-0.017474455791141708,
simvp,19,raw,pinn_statistical:kl_entropy,joint,pinn_statistical,observed_reconstruction,simvp/pinn_statistical:kl_entropy/vs_raw,whole_model_comparison,matched,simvp_gsta_lead_conditioned_adaptation_v1,simvp_gsta_lead_conditioned_adaptation_v1,1914876,1229706,msl,Pa,72.0,True,564.3063882560034,543.9020610691897,-20.404327186813703,-0.037514708340511405,-0.02210022547835977,
simvp,19,raw,pinn_statistical:kl_entropy,joint,pinn_statistical,observed_reconstruction,simvp/pinn_statistical:kl_entropy/vs_raw,whole_model_comparison,matched,simvp_gsta_lead_conditioned_adaptation_v1,simvp_gsta_lead_conditioned_adaptation_v1,1914876,1229706,msl,Pa,78.0,True,575.9275514596043,553.918801760728,-22.008749698876272,-0.03973280854326955,-0.02266395234860552,
simvp,19,raw,pinn_statistical:kl_entropy,joint,pinn_statistical,observed_reconstruction,simvp/pinn_statistical:kl_entropy/vs_raw,whole_model_comparison,matched,simvp_gsta_lead_conditioned_adaptation_v1,simvp_gsta_lead_conditioned_adaptation_v1,1914876,1229706,msl,Pa,84.0,True,586.4121480281794,564.6257361909063,-21.786411837273135,-0.038585580572804146,-0.025008362298371334,
simvp,19,raw,pinn_statistical:kl_entropy,joint,pinn_statistical,observed_reconstruction,simvp/pinn_statistical:kl_entropy/vs_raw,whole_model_comparison,matched,simvp_gsta_lead_conditioned_adaptation_v1,simvp_gsta_lead_conditioned_adaptation_v1,1914876,1229706,msl,Pa,90.0,True,594.561894679399,576.5390948927584,-18.022799786640576,-0.03126032552916991,-0.021862562601640656,
simvp,19,raw,pinn_statistical:kl_entropy,joint,pinn_statistical,observed_reconstruction,simvp/pinn_statistical:kl_entropy/vs_raw,whole_model_comparison,matched,simvp_gsta_lead_conditioned_adaptation_v1,simvp_gsta_lead_conditioned_adaptation_v1,1914876,1229706,msl,Pa,96.0,True,602.1172553347366,580.8800923694915,-21.237162965245034,-0.03656032156071265,-0.026139005569302154,
simvp,19,raw,pinn_statistical:kl_entropy,joint,pinn_statistical,observed_reconstruction,simvp/pinn_statistical:kl_entropy/vs_raw,whole_model_comparison,matched,simvp_gsta_lead_conditioned_adaptation_v1,simvp_gsta_lead_conditioned_adaptation_v1,1914876,1229706,msl,Pa,102.0,True,608.8979879662282,587.9150200265733,-20.98296793965494,-0.03569047774745826,-0.023755838929186757,
simvp,19,raw,pinn_statistical:kl_entropy,joint,pinn_statistical,observed_reconstruction,simvp/pinn_statistical:kl_entropy/vs_raw,whole_model_comparison,matched,simvp_gsta_lead_conditioned_adaptation_v1,simvp_gsta_lead_conditioned_adaptation_v1,1914876,1229706,msl,Pa,108.0,True,615.8856246740712,595.2078751334963,-20.67774954057495,-0.0347403829896189,-0.025241295556431564,
simvp,19,raw,pinn_statistical:kl_entropy,joint,pinn_statistical,observed_reconstruction,simvp/pinn_statistical:kl_entropy/vs_raw,whole_model_comparison,matched,simvp_gsta_lead_conditioned_adaptation_v1,simvp_gsta_lead_conditioned_adaptation_v1,1914876,1229706,msl,Pa,114.0,True,621.3037678145503,603.5868746268097,-17.71689318774054,-0.02935268133306357,-0.021444516461591734,
simvp,19,raw,pinn_statistical:kl_entropy,joint,pinn_statistical,observed_reconstruction,simvp/pinn_statistical:kl_entropy/vs_raw,whole_model_comparison,matched,simvp_gsta_lead_conditioned_adaptation_v1,simvp_gsta_lead_conditioned_adaptation_v1,1914876,1229706,msl,Pa,120.0,True,626.3241059073488,605.8443050505433,-20.47980085680547,-0.03380373585437413,-0.025751534445848934,
simvp,19,raw,pinn_statistical:kl_entropy,joint,pinn_statistical,observed_reconstruction,simvp/pinn_statistical:kl_entropy/vs_raw,whole_model_comparison,matched,simvp_gsta_lead_conditioned_adaptation_v1,simvp_gsta_lead_conditioned_adaptation_v1,1914876,1229706,t2m,K,6.0,True,2.1887808734500274,2.091557677824452,-0.09722319562557535,-0.04648363115030274,-0.013648234215313249,
simvp,19,raw,pinn_statistical:kl_entropy,joint,pinn_statistical,observed_reconstruction,simvp/pinn_statistical:kl_entropy/vs_raw,whole_model_comparison,matched,simvp_gsta_lead_conditioned_adaptation_v1,simvp_gsta_lead_conditioned_adaptation_v1,1914876,1229706,t2m,K,12.0,True,2.4119548903094263,2.2475585154806543,-0.164396374828772,-0.0731444248042703,-0.01825910352094451,
simvp,19,raw,pinn_statistical:kl_entropy,joint,pinn_statistical,observed_reconstruction,simvp/pinn_statistical:kl_entropy/vs_raw,whole_model_comparison,matched,simvp_gsta_lead_conditioned_adaptation_v1,simvp_gsta_lead_conditioned_adaptation_v1,1914876,1229706,t2m,K,18.0,True,2.225067522147787,2.1129223403336383,-0.11214518181414856,-0.0530758654368908,-0.013787493007851204,
simvp,19,raw,pinn_statistical:kl_entropy,joint,pinn_statistical,observed_reconstruction,simvp/pinn_statistical:kl_entropy/vs_raw,whole_model_comparison,matched,simvp_gsta_lead_conditioned_adaptation_v1,simvp_gsta_lead_conditioned_adaptation_v1,1914876,1229706,t2m,K,24.0,True,2.0108922135301937,1.9311581198493222,-0.07973409368087148,-0.04128822640742258,-0.011895511524254831,
simvp,19,raw,pinn_statistical:kl_entropy,joint,pinn_statistical,observed_reconstruction,simvp/pinn_statistical:kl_entropy/vs_raw,whole_model_comparison,matched,simvp_gsta_lead_conditioned_adaptation_v1,simvp_gsta_lead_conditioned_adaptation_v1,1914876,1229706,t2m,K,30.0,True,2.2186532402994263,2.1395494026207813,-0.07910383767864504,-0.03697219497794668,-0.007139328049717064,
simvp,19,raw,pinn_statistical:kl_entropy,joint,pinn_statistical,observed_reconstruction,simvp/pinn_statistical:kl_entropy/vs_raw,whole_model_comparison,matched,simvp_gsta_lead_conditioned_adaptation_v1,simvp_gsta_lead_conditioned_adaptation_v1,1914876,1229706,t2m,K,36.0,True,2.3810193084042033,2.2832568288147552,-0.09776247958944806,-0.04281711910621855,-0.008216337779920924,
simvp,19,raw,pinn_statistical:kl_entropy,joint,pinn_statistical,observed_reconstruction,simvp/pinn_statistical:kl_entropy/vs_raw,whole_model_comparison,matched,simvp_gsta_lead_conditioned_adaptation_v1,simvp_gsta_lead_conditioned_adaptation_v1,1914876,1229706,t2m,K,42.0,True,2.249360678544284,2.2181636188948985,-0.031197059649385572,-0.014064363595021057,-0.0049453503515630715,
simvp,19,raw,pinn_statistical:kl_entropy,joint,pinn_statistical,observed_reconstruction,simvp/pinn_statistical:kl_entropy/vs_raw,whole_model_comparison,matched,simvp_gsta_lead_conditioned_adaptation_v1,simvp_gsta_lead_conditioned_adaptation_v1,1914876,1229706,t2m,K,48.0,True,2.0820094487938277,2.052246799493408,-0.029762649300419497,-0.014502470807977952,-0.006633505919702576,
simvp,19,raw,pinn_statistical:kl_entropy,joint,pinn_statistical,observed_reconstruction,simvp/pinn_statistical:kl_entropy/vs_raw,whole_model_comparison,matched,simvp_gsta_lead_conditioned_adaptation_v1,simvp_gsta_lead_conditioned_adaptation_v1,1914876,1229706,t2m,K,54.0,True,2.2595145791015576,2.261900661825456,0.0023860827238983973,0.001054901642750572,0.002040133846594294,
simvp,19,raw,pinn_statistical:kl_entropy,joint,pinn_statistical,observed_reconstruction,simvp/pinn_statistical:kl_entropy/vs_raw,whole_model_comparison,matched,simvp_gsta_lead_conditioned_adaptation_v1,simvp_gsta_lead_conditioned_adaptation_v1,1914876,1229706,t2m,K,60.0,True,2.4062179456240167,2.411732232700159,0.00551428707614221,0.002286442500280539,0.00363168842812156,
simvp,19,raw,pinn_statistical:kl_entropy,joint,pinn_statistical,observed_reconstruction,simvp/pinn_statistical:kl_entropy/vs_raw,whole_model_comparison,matched,simvp_gsta_lead_conditioned_adaptation_v1,simvp_gsta_lead_conditioned_adaptation_v1,1914876,1229706,t2m,K,66.0,True,2.330177436855836,2.324800456327324,-0.0053769805285117656,-0.0023128783005343934,-0.0009160304002913122,
simvp,19,raw,pinn_statistical:kl_entropy,joint,pinn_statistical,observed_reconstruction,simvp/pinn_statistical:kl_entropy/vs_raw,whole_model_comparison,matched,simvp_gsta_lead_conditioned_adaptation_v1,simvp_gsta_lead_conditioned_adaptation_v1,1914876,1229706,t2m,K,72.0,True,2.210239888163243,2.1769787185989498,-0.03326116956429326,-0.015278591967908373,-0.00627737081965607,
simvp,19,raw,pinn_statistical:kl_entropy,joint,pinn_statistical,observed_reconstruction,simvp/pinn_statistical:kl_entropy/vs_raw,whole_model_comparison,matched,simvp_gsta_lead_conditioned_adaptation_v1,simvp_gsta_lead_conditioned_adaptation_v1,1914876,1229706,t2m,K,78.0,True,2.3645533171155857,2.390430027645036,0.025876710529450175,0.010825127792986722,0.005793985158128012,
simvp,19,raw,pinn_statistical:kl_entropy,joint,pinn_statistical,observed_reconstruction,simvp/pinn_statistical:kl_entropy/vs_raw,whole_model_comparison,matched,simvp_gsta_lead_conditioned_adaptation_v1,simvp_gsta_lead_conditioned_adaptation_v1,1914876,1229706,t2m,K,84.0,True,2.494597385201047,2.525053729349775,0.03045634414872822,0.012061661815240265,0.00845678436551034,
simvp,19,raw,pinn_statistical:kl_entropy,joint,pinn_statistical,observed_reconstruction,simvp/pinn_statistical:kl_entropy/vs_raw,whole_model_comparison,matched,simvp_gsta_lead_conditioned_adaptation_v1,simvp_gsta_lead_conditioned_adaptation_v1,1914876,1229706,t2m,K,90.0,True,2.4380089006408032,2.443168339985362,0.005159439344558869,0.0021117821724023766,0.0007857865205345149,
simvp,19,raw,pinn_statistical:kl_entropy,joint,pinn_statistical,observed_reconstruction,simvp/pinn_statistical:kl_entropy/vs_raw,whole_model_comparison,matched,simvp_gsta_lead_conditioned_adaptation_v1,simvp_gsta_lead_conditioned_adaptation_v1,1914876,1229706,t2m,K,96.0,True,2.3269156612944486,2.305421594156724,-0.021494067137724393,-0.009323269631985154,-0.005756604478604488,
simvp,19,raw,pinn_statistical:kl_entropy,joint,pinn_statistical,observed_reconstruction,simvp/pinn_statistical:kl_entropy/vs_raw,whole_model_comparison,matched,simvp_gsta_lead_conditioned_adaptation_v1,simvp_gsta_lead_conditioned_adaptation_v1,1914876,1229706,t2m,K,102.0,True,2.4672777700486788,2.509824349362822,0.042546579314143074,0.016952014719653352,0.0076911674027236865,
simvp,19,raw,pinn_statistical:kl_entropy,joint,pinn_statistical,observed_reconstruction,simvp/pinn_statistical:kl_entropy/vs_raw,whole_model_comparison,matched,simvp_gsta_lead_conditioned_adaptation_v1,simvp_gsta_lead_conditioned_adaptation_v1,1914876,1229706,t2m,K,108.0,True,2.588768375570599,2.6400766750717044,0.05130829950110538,0.01943439748760778,0.011133044926580293,
simvp,19,raw,pinn_statistical:kl_entropy,joint,pinn_statistical,observed_reconstruction,simvp/pinn_statistical:kl_entropy/vs_raw,whole_model_comparison,matched,simvp_gsta_lead_conditioned_adaptation_v1,simvp_gsta_lead_conditioned_adaptation_v1,1914876,1229706,t2m,K,114.0,True,2.5291181031330616,2.5593486512260024,0.03023054809294079,0.01181181316522062,0.0017737238217108153,
simvp,19,raw,pinn_statistical:kl_entropy,joint,pinn_statistical,observed_reconstruction,simvp/pinn_statistical:kl_entropy/vs_raw,whole_model_comparison,matched,simvp_gsta_lead_conditioned_adaptation_v1,simvp_gsta_lead_conditioned_adaptation_v1,1914876,1229706,t2m,K,120.0,True,2.4044381359187104,2.403675486762246,-0.0007626491564645121,-0.0003172845755030629,-0.004993706671107101,
simvp,19,raw,pinn_statistical:kl_entropy,joint,pinn_statistical,observed_reconstruction,simvp/pinn_statistical:kl_entropy/vs_raw,whole_model_comparison,matched,simvp_gsta_lead_conditioned_adaptation_v1,simvp_gsta_lead_conditioned_adaptation_v1,1914876,1229706,u10,m s**-1,6.0,True,1.521902321751154,1.1701431469146186,-0.3517591748365354,-0.30061208815693896,-0.06576296682133831,
simvp,19,raw,pinn_statistical:kl_entropy,joint,pinn_statistical,observed_reconstruction,simvp/pinn_statistical:kl_entropy/vs_raw,whole_model_comparison,matched,simvp_gsta_lead_conditioned_adaptation_v1,simvp_gsta_lead_conditioned_adaptation_v1,1914876,1229706,u10,m s**-1,12.0,True,1.5694533403005861,1.349217577197053,-0.2202357631035332,-0.1632322071886021,-0.04851531686857036,
simvp,19,raw,pinn_statistical:kl_entropy,joint,pinn_statistical,observed_reconstruction,simvp/pinn_statistical:kl_entropy/vs_raw,whole_model_comparison,matched,simvp_gsta_lead_conditioned_adaptation_v1,simvp_gsta_lead_conditioned_adaptation_v1,1914876,1229706,u10,m s**-1,18.0,True,1.710066989025563,1.5975062960746167,-0.1125606929509464,-0.07046024997055089,-0.032403187740302264,
simvp,19,raw,pinn_statistical:kl_entropy,joint,pinn_statistical,observed_reconstruction,simvp/pinn_statistical:kl_entropy/vs_raw,whole_model_comparison,matched,simvp_gsta_lead_conditioned_adaptation_v1,simvp_gsta_lead_conditioned_adaptation_v1,1914876,1229706,u10,m s**-1,24.0,True,1.8466942653185114,1.78817182743871,-0.05852243787980149,-0.0327275248283192,-0.021781537592165057,
simvp,19,raw,pinn_statistical:kl_entropy,joint,pinn_statistical,observed_reconstruction,simvp/pinn_statistical:kl_entropy/vs_raw,whole_model_comparison,matched,simvp_gsta_lead_conditioned_adaptation_v1,simvp_gsta_lead_conditioned_adaptation_v1,1914876,1229706,u10,m s**-1,30.0,True,1.984872610845572,1.9621669376471427,-0.02270567319842942,-0.011571733659754724,-0.01285601736430908,
simvp,19,raw,pinn_statistical:kl_entropy,joint,pinn_statistical,observed_reconstruction,simvp/pinn_statistical:kl_entropy/vs_raw,whole_model_comparison,matched,simvp_gsta_lead_conditioned_adaptation_v1,simvp_gsta_lead_conditioned_adaptation_v1,1914876,1229706,u10,m s**-1,36.0,True,2.105126685681751,2.0985064403592997,-0.0066202453224515345,-0.003154741484290069,-0.008003489257248697,
simvp,19,raw,pinn_statistical:kl_entropy,joint,pinn_statistical,observed_reconstruction,simvp/pinn_statistical:kl_entropy/vs_raw,whole_model_comparison,matched,simvp_gsta_lead_conditioned_adaptation_v1,simvp_gsta_lead_conditioned_adaptation_v1,1914876,1229706,u10,m s**-1,42.0,True,2.2080285981189864,2.2027389937867827,-0.005289604332203712,-0.0024013758993344236,-0.006939087417720646,
simvp,19,raw,pinn_statistical:kl_entropy,joint,pinn_statistical,observed_reconstruction,simvp/pinn_statistical:kl_entropy/vs_raw,whole_model_comparison,matched,simvp_gsta_lead_conditioned_adaptation_v1,simvp_gsta_lead_conditioned_adaptation_v1,1914876,1229706,u10,m s**-1,48.0,True,2.292224680320951,2.2773080785865245,-0.01491660173442666,-0.006550102673716918,-0.009016684501664374,
simvp,19,raw,pinn_statistical:kl_entropy,joint,pinn_statistical,observed_reconstruction,simvp/pinn_statistical:kl_entropy/vs_raw,whole_model_comparison,matched,simvp_gsta_lead_conditioned_adaptation_v1,simvp_gsta_lead_conditioned_adaptation_v1,1914876,1229706,u10,m s**-1,54.0,True,2.371708912826095,2.350330304121714,-0.02137860870438102,-0.009096001811698562,-0.010214513464565367,
simvp,19,raw,pinn_statistical:kl_entropy,joint,pinn_statistical,observed_reconstruction,simvp/pinn_statistical:kl_entropy/vs_raw,whole_model_comparison,matched,simvp_gsta_lead_conditioned_adaptation_v1,simvp_gsta_lead_conditioned_adaptation_v1,1914876,1229706,u10,m s**-1,60.0,True,2.442358953824501,2.415744506136225,-0.026614447688276144,-0.011017078842846528,-0.011882470878835316,
simvp,19,raw,pinn_statistical:kl_entropy,joint,pinn_statistical,observed_reconstruction,simvp/pinn_statistical:kl_entropy/vs_raw,whole_model_comparison,matched,simvp_gsta_lead_conditioned_adaptation_v1,simvp_gsta_lead_conditioned_adaptation_v1,1914876,1229706,u10,m s**-1,66.0,True,2.5033866445966706,2.4663704510440354,-0.03701619355263519,-0.015008367269793599,-0.015058292470861656,
simvp,19,raw,pinn_statistical:kl_entropy,joint,pinn_statistical,observed_reconstruction,simvp/pinn_statistical:kl_entropy/vs_raw,whole_model_comparison,matched,simvp_gsta_lead_conditioned_adaptation_v1,simvp_gsta_lead_conditioned_adaptation_v1,1914876,1229706,u10,m s**-1,72.0,True,2.5486452528861134,2.502060705494236,-0.04658454739187734,-0.018618472081665782,-0.01882436584420777,
simvp,19,raw,pinn_statistical:kl_entropy,joint,pinn_statistical,observed_reconstruction,simvp/pinn_statistical:kl_entropy/vs_raw,whole_model_comparison,matched,simvp_gsta_lead_conditioned_adaptation_v1,simvp_gsta_lead_conditioned_adaptation_v1,1914876,1229706,u10,m s**-1,78.0,True,2.5909112343250835,2.5423054144160036,-0.04860581990907997,-0.019118796519671966,-0.0194859176924167,
simvp,19,raw,pinn_statistical:kl_entropy,joint,pinn_statistical,observed_reconstruction,simvp/pinn_statistical:kl_entropy/vs_raw,whole_model_comparison,matched,simvp_gsta_lead_conditioned_adaptation_v1,simvp_gsta_lead_conditioned_adaptation_v1,1914876,1229706,u10,m s**-1,84.0,True,2.6305205038711086,2.5795185588020026,-0.051001945069105936,-0.01977188529815921,-0.02061556348746102,
simvp,19,raw,pinn_statistical:kl_entropy,joint,pinn_statistical,observed_reconstruction,simvp/pinn_statistical:kl_entropy/vs_raw,whole_model_comparison,matched,simvp_gsta_lead_conditioned_adaptation_v1,simvp_gsta_lead_conditioned_adaptation_v1,1914876,1229706,u10,m s**-1,90.0,True,2.6666699000804712,2.6101937214868265,-0.05647617859364473,-0.021636776660957757,-0.022712481887771307,
simvp,19,raw,pinn_statistical:kl_entropy,joint,pinn_statistical,observed_reconstruction,simvp/pinn_statistical:kl_entropy/vs_raw,whole_model_comparison,matched,simvp_gsta_lead_conditioned_adaptation_v1,simvp_gsta_lead_conditioned_adaptation_v1,1914876,1229706,u10,m s**-1,96.0,True,2.6903060965266565,2.6301878963930463,-0.060118200133610245,-0.022856998245659232,-0.02503056026698558,
simvp,19,raw,pinn_statistical:kl_entropy,joint,pinn_statistical,observed_reconstruction,simvp/pinn_statistical:kl_entropy/vs_raw,whole_model_comparison,matched,simvp_gsta_lead_conditioned_adaptation_v1,simvp_gsta_lead_conditioned_adaptation_v1,1914876,1229706,u10,m s**-1,102.0,True,2.7152676705457788,2.656278637105345,-0.058989033440433936,-0.022207396700188342,-0.02444957097427558,
simvp,19,raw,pinn_statistical:kl_entropy,joint,pinn_statistical,observed_reconstruction,simvp/pinn_statistical:kl_entropy/vs_raw,whole_model_comparison,matched,simvp_gsta_lead_conditioned_adaptation_v1,simvp_gsta_lead_conditioned_adaptation_v1,1914876,1229706,u10,m s**-1,108.0,True,2.7383377727584906,2.6800422396171864,-0.0582955331413042,-0.021751721774963872,-0.024474555088258854,
simvp,19,raw,pinn_statistical:kl_entropy,joint,pinn_statistical,observed_reconstruction,simvp/pinn_statistical:kl_entropy/vs_raw,whole_model_comparison,matched,simvp_gsta_lead_conditioned_adaptation_v1,simvp_gsta_lead_conditioned_adaptation_v1,1914876,1229706,u10,m s**-1,114.0,True,2.7626095459730404,2.702020783256015,-0.060588762717025624,-0.022423499882933573,-0.025838398290193354,
simvp,19,raw,pinn_statistical:kl_entropy,joint,pinn_statistical,observed_reconstruction,simvp/pinn_statistical:kl_entropy/vs_raw,whole_model_comparison,matched,simvp_gsta_lead_conditioned_adaptation_v1,simvp_gsta_lead_conditioned_adaptation_v1,1914876,1229706,u10,m s**-1,120.0,True,2.7775472063552114,2.7141914055415386,-0.06335580081367276,-0.023342421866165974,-0.02732480911769808,
simvp,19,raw,pinn_statistical:kl_entropy,joint,pinn_statistical,observed_reconstruction,simvp/pinn_statistical:kl_entropy/vs_raw,whole_model_comparison,matched,simvp_gsta_lead_conditioned_adaptation_v1,simvp_gsta_lead_conditioned_adaptation_v1,1914876,1229706,v10,m s**-1,6.0,True,1.5982088174911795,1.2867974705094938,-0.3114113469816857,-0.24200494181760068,-0.059324392106254176,
simvp,19,raw,pinn_statistical:kl_entropy,joint,pinn_statistical,observed_reconstruction,simvp/pinn_statistical:kl_entropy/vs_raw,whole_model_comparison,matched,simvp_gsta_lead_conditioned_adaptation_v1,simvp_gsta_lead_conditioned_adaptation_v1,1914876,1229706,v10,m s**-1,12.0,True,1.7049979256417371,1.5127729254807063,-0.19222500016103083,-0.1270679802125283,-0.042797684018950455,
simvp,19,raw,pinn_statistical:kl_entropy,joint,pinn_statistical,observed_reconstruction,simvp/pinn_statistical:kl_entropy/vs_raw,whole_model_comparison,matched,simvp_gsta_lead_conditioned_adaptation_v1,simvp_gsta_lead_conditioned_adaptation_v1,1914876,1229706,v10,m s**-1,18.0,True,1.9133693424044993,1.8021063106009028,-0.11126303180359653,-0.06174054835116616,-0.029682985738115786,
simvp,19,raw,pinn_statistical:kl_entropy,joint,pinn_statistical,observed_reconstruction,simvp/pinn_statistical:kl_entropy/vs_raw,whole_model_comparison,matched,simvp_gsta_lead_conditioned_adaptation_v1,simvp_gsta_lead_conditioned_adaptation_v1,1914876,1229706,v10,m s**-1,24.0,True,2.0801087308589197,1.9960596565623647,-0.08404907429655495,-0.042107496146335244,-0.02421800626267112,
simvp,19,raw,pinn_statistical:kl_entropy,joint,pinn_statistical,observed_reconstruction,simvp/pinn_statistical:kl_entropy/vs_raw,whole_model_comparison,matched,simvp_gsta_lead_conditioned_adaptation_v1,simvp_gsta_lead_conditioned_adaptation_v1,1914876,1229706,v10,m s**-1,30.0,True,2.2252602604919502,2.164360726019629,-0.060899534472321104,-0.028137423554306817,-0.017860493452271586,
simvp,19,raw,pinn_statistical:kl_entropy,joint,pinn_statistical,observed_reconstruction,simvp/pinn_statistical:kl_entropy/vs_raw,whole_model_comparison,matched,simvp_gsta_lead_conditioned_adaptation_v1,simvp_gsta_lead_conditioned_adaptation_v1,1914876,1229706,v10,m s**-1,36.0,True,2.352739088821713,2.2995842987588064,-0.053154790062906354,-0.02311495607775571,-0.015151493492666424,
simvp,19,raw,pinn_statistical:kl_entropy,joint,pinn_statistical,observed_reconstruction,simvp/pinn_statistical:kl_entropy/vs_raw,whole_model_comparison,matched,simvp_gsta_lead_conditioned_adaptation_v1,simvp_gsta_lead_conditioned_adaptation_v1,1914876,1229706,v10,m s**-1,42.0,True,2.459160086967718,2.4172323776273434,-0.04192770934037471,-0.017345336645510745,-0.012888453930027355,
simvp,19,raw,pinn_statistical:kl_entropy,joint,pinn_statistical,observed_reconstruction,simvp/pinn_statistical:kl_entropy/vs_raw,whole_model_comparison,matched,simvp_gsta_lead_conditioned_adaptation_v1,simvp_gsta_lead_conditioned_adaptation_v1,1914876,1229706,v10,m s**-1,48.0,True,2.5498167903239684,2.505873846252803,-0.04394294407116517,-0.017535976177282864,-0.014844377007818044,
simvp,19,raw,pinn_statistical:kl_entropy,joint,pinn_statistical,observed_reconstruction,simvp/pinn_statistical:kl_entropy/vs_raw,whole_model_comparison,matched,simvp_gsta_lead_conditioned_adaptation_v1,simvp_gsta_lead_conditioned_adaptation_v1,1914876,1229706,v10,m s**-1,54.0,True,2.6316948616102325,2.5846268221867614,-0.04706803942347104,-0.018210767999245814,-0.014484044015064756,
simvp,19,raw,pinn_statistical:kl_entropy,joint,pinn_statistical,observed_reconstruction,simvp/pinn_statistical:kl_entropy/vs_raw,whole_model_comparison,matched,simvp_gsta_lead_conditioned_adaptation_v1,simvp_gsta_lead_conditioned_adaptation_v1,1914876,1229706,v10,m s**-1,60.0,True,2.6999545224613,2.6482684569874757,-0.05168606547382426,-0.019516928254554422,-0.014918564291421688,
simvp,19,raw,pinn_statistical:kl_entropy,joint,pinn_statistical,observed_reconstruction,simvp/pinn_statistical:kl_entropy/vs_raw,whole_model_comparison,matched,simvp_gsta_lead_conditioned_adaptation_v1,simvp_gsta_lead_conditioned_adaptation_v1,1914876,1229706,v10,m s**-1,66.0,True,2.754951981609448,2.7028457513994444,-0.05210623021000371,-0.019278284816299562,-0.015231925519154255,
simvp,19,raw,pinn_statistical:kl_entropy,joint,pinn_statistical,observed_reconstruction,simvp/pinn_statistical:kl_entropy/vs_raw,whole_model_comparison,matched,simvp_gsta_lead_conditioned_adaptation_v1,simvp_gsta_lead_conditioned_adaptation_v1,1914876,1229706,v10,m s**-1,72.0,True,2.79778777881501,2.742127014153442,-0.055660764661567885,-0.020298390400691035,-0.017770776540198485,
simvp,19,raw,pinn_statistical:kl_entropy,joint,pinn_statistical,observed_reconstruction,simvp/pinn_statistical:kl_entropy/vs_raw,whole_model_comparison,matched,simvp_gsta_lead_conditioned_adaptation_v1,simvp_gsta_lead_conditioned_adaptation_v1,1914876,1229706,v10,m s**-1,78.0,True,2.836944309695518,2.778316941089599,-0.058627368605919106,-0.021101756872607513,-0.017241909959902657,
simvp,19,raw,pinn_statistical:kl_entropy,joint,pinn_statistical,observed_reconstruction,simvp/pinn_statistical:kl_entropy/vs_raw,whole_model_comparison,matched,simvp_gsta_lead_conditioned_adaptation_v1,simvp_gsta_lead_conditioned_adaptation_v1,1914876,1229706,v10,m s**-1,84.0,True,2.8689823060334083,2.8078667161837525,-0.061115589849655816,-0.02176584433206985,-0.017357138946295092,
simvp,19,raw,pinn_statistical:kl_entropy,joint,pinn_statistical,observed_reconstruction,simvp/pinn_statistical:kl_entropy/vs_raw,whole_model_comparison,matched,simvp_gsta_lead_conditioned_adaptation_v1,simvp_gsta_lead_conditioned_adaptation_v1,1914876,1229706,v10,m s**-1,90.0,True,2.895480250599814,2.8347257494612452,-0.06075450113856862,-0.02143223243028558,-0.018091701732089127,
simvp,19,raw,pinn_statistical:kl_entropy,joint,pinn_statistical,observed_reconstruction,simvp/pinn_statistical:kl_entropy/vs_raw,whole_model_comparison,matched,simvp_gsta_lead_conditioned_adaptation_v1,simvp_gsta_lead_conditioned_adaptation_v1,1914876,1229706,v10,m s**-1,96.0,True,2.91590563735148,2.8542508950766767,-0.061654742274803276,-0.02160102406594744,-0.020546683534149124,
simvp,19,raw,pinn_statistical:kl_entropy,joint,pinn_statistical,observed_reconstruction,simvp/pinn_statistical:kl_entropy/vs_raw,whole_model_comparison,matched,simvp_gsta_lead_conditioned_adaptation_v1,simvp_gsta_lead_conditioned_adaptation_v1,1914876,1229706,v10,m s**-1,102.0,True,2.9368576398353867,2.8752677806306917,-0.06158985920469506,-0.021420564588660707,-0.01908363922654388,
simvp,19,raw,pinn_statistical:kl_entropy,joint,pinn_statistical,observed_reconstruction,simvp/pinn_statistical:kl_entropy/vs_raw,whole_model_comparison,matched,simvp_gsta_lead_conditioned_adaptation_v1,simvp_gsta_lead_conditioned_adaptation_v1,1914876,1229706,v10,m s**-1,108.0,True,2.953237062975756,2.8930363553699907,-0.060200707605765125,-0.02080883204043449,-0.018396511138182803,
simvp,19,raw,pinn_statistical:kl_entropy,joint,pinn_statistical,observed_reconstruction,simvp/pinn_statistical:kl_entropy/vs_raw,whole_model_comparison,matched,simvp_gsta_lead_conditioned_adaptation_v1,simvp_gsta_lead_conditioned_adaptation_v1,1914876,1229706,v10,m s**-1,114.0,True,2.9682566319456654,2.9108023821865854,-0.05745424975907998,-0.019738285948467826,-0.01840761651438827,
simvp,19,raw,pinn_statistical:kl_entropy,joint,pinn_statistical,observed_reconstruction,simvp/pinn_statistical:kl_entropy/vs_raw,whole_model_comparison,matched,simvp_gsta_lead_conditioned_adaptation_v1,simvp_gsta_lead_conditioned_adaptation_v1,1914876,1229706,v10,m s**-1,120.0,True,2.9803797802766936,2.9235282003680183,-0.05685157990867529,-0.019446222513440636,-0.019418059823100187,
mlp,43,raw,pinn_statistical,joint,pinn_statistical,observed_reconstruction,mlp/pinn_statistical/vs_raw,whole_model_comparison,matched,spatial_mlp,raw_spatial_mlp,1391030,497540,msl,Pa,6.0,True,238.01420998642337,178.81821200828006,-59.19599797814331,-0.33104009548760205,-0.027758010905197805,
mlp,43,raw,pinn_statistical,joint,pinn_statistical,observed_reconstruction,mlp/pinn_statistical/vs_raw,whole_model_comparison,matched,spatial_mlp,raw_spatial_mlp,1391030,497540,msl,Pa,12.0,True,255.10891385099345,221.41705475694442,-33.69185909404902,-0.15216469720922587,-0.02019147393489429,
mlp,43,raw,pinn_statistical,joint,pinn_statistical,observed_reconstruction,mlp/pinn_statistical/vs_raw,whole_model_comparison,matched,spatial_mlp,raw_spatial_mlp,1391030,497540,msl,Pa,18.0,True,300.96036816334737,291.42795783975015,-9.532410323597219,-0.032709319978280416,-0.011007752954214856,
mlp,43,raw,pinn_statistical,joint,pinn_statistical,observed_reconstruction,mlp/pinn_statistical/vs_raw,whole_model_comparison,matched,spatial_mlp,raw_spatial_mlp,1391030,497540,msl,Pa,24.0,True,321.1969010888036,320.7604192325541,-0.4364818562494861,-0.0013607721840924736,-0.006403232112854873,
mlp,43,raw,pinn_statistical,joint,pinn_statistical,observed_reconstruction,mlp/pinn_statistical/vs_raw,whole_model_comparison,matched,spatial_mlp,raw_spatial_mlp,1391030,497540,msl,Pa,30.0,True,375.92289205186654,377.7017573131226,1.778865261256044,0.0047097087233866075,-0.0075617715100615435,
mlp,43,raw,pinn_statistical,joint,pinn_statistical,observed_reconstruction,mlp/pinn_statistical/vs_raw,whole_model_comparison,matched,spatial_mlp,raw_spatial_mlp,1391030,497540,msl,Pa,36.0,True,405.1272286148322,408.2069789392117,3.0797503243795177,0.007544580282244806,-0.007281137632061285,
mlp,43,raw,pinn_statistical,joint,pinn_statistical,observed_reconstruction,mlp/pinn_statistical/vs_raw,whole_model_comparison,matched,spatial_mlp,raw_spatial_mlp,1391030,497540,msl,Pa,42.0,True,437.23245739856486,443.12898057161647,5.896523173051605,0.01330656181738632,-0.005249620484969686,
mlp,43,raw,pinn_statistical,joint,pinn_statistical,observed_reconstruction,mlp/pinn_statistical/vs_raw,whole_model_comparison,matched,spatial_mlp,raw_spatial_mlp,1391030,497540,msl,Pa,48.0,True,452.49177070158845,459.05343992761266,6.5616692260242075,0.014293911460632747,-0.00288306607112665,
mlp,43,raw,pinn_statistical,joint,pinn_statistical,observed_reconstruction,mlp/pinn_statistical/vs_raw,whole_model_comparison,matched,spatial_mlp,raw_spatial_mlp,1391030,497540,msl,Pa,54.0,True,481.9460366427602,491.0117519648994,9.065715322139226,0.018463336744712566,-1.862577957967293e-05,
mlp,43,raw,pinn_statistical,joint,pinn_statistical,observed_reconstruction,mlp/pinn_statistical/vs_raw,whole_model_comparison,matched,spatial_mlp,raw_spatial_mlp,1391030,497540,msl,Pa,60.0,True,501.1833715252843,508.7352468206724,7.551875295388072,0.014844411395875001,-0.001013233992303797,
mlp,43,raw,pinn_statistical,joint,pinn_statistical,observed_reconstruction,mlp/pinn_statistical/vs_raw,whole_model_comparison,matched,spatial_mlp,raw_spatial_mlp,1391030,497540,msl,Pa,66.0,True,518.3747589913954,528.8659669414141,10.491207950018634,0.01983717729218304,0.004416640462220012,
mlp,43,raw,pinn_statistical,joint,pinn_statistical,observed_reconstruction,mlp/pinn_statistical/vs_raw,whole_model_comparison,matched,spatial_mlp,raw_spatial_mlp,1391030,497540,msl,Pa,72.0,True,525.5615082603007,535.3076392843792,9.746131024078522,0.01820659805473268,0.00618353434020158,
mlp,43,raw,pinn_statistical,joint,pinn_statistical,observed_reconstruction,mlp/pinn_statistical/vs_raw,whole_model_comparison,matched,spatial_mlp,raw_spatial_mlp,1391030,497540,msl,Pa,78.0,True,543.7975409842467,556.067346041565,12.269805057318308,0.022065322023784417,0.011491975785641428,
mlp,43,raw,pinn_statistical,joint,pinn_statistical,observed_reconstruction,mlp/pinn_statistical/vs_raw,whole_model_comparison,matched,spatial_mlp,raw_spatial_mlp,1391030,497540,msl,Pa,84.0,True,555.415988721868,566.266036654704,10.850047932835992,0.01916068990634534,0.01096419236226509,
mlp,43,raw,pinn_statistical,joint,pinn_statistical,observed_reconstruction,mlp/pinn_statistical/vs_raw,whole_model_comparison,matched,spatial_mlp,raw_spatial_mlp,1391030,497540,msl,Pa,90.0,True,567.2027854701653,578.9751457663582,11.772360296192915,0.020333101312337787,0.014482999048193501,
mlp,43,raw,pinn_statistical,joint,pinn_statistical,observed_reconstruction,mlp/pinn_statistical/vs_raw,whole_model_comparison,matched,spatial_mlp,raw_spatial_mlp,1391030,497540,msl,Pa,96.0,True,569.1264832797646,580.1149476704627,10.988464390698141,0.018941874252376922,0.015645658684088848,
mlp,43,raw,pinn_statistical,joint,pinn_statistical,observed_reconstruction,mlp/pinn_statistical/vs_raw,whole_model_comparison,matched,spatial_mlp,raw_spatial_mlp,1391030,497540,msl,Pa,102.0,True,582.9400289410075,595.4454198712236,12.505390930216095,0.021001741743047808,0.020000915819914034,
mlp,43,raw,pinn_statistical,joint,pinn_statistical,observed_reconstruction,mlp/pinn_statistical/vs_raw,whole_model_comparison,matched,spatial_mlp,raw_spatial_mlp,1391030,497540,msl,Pa,108.0,True,590.3120977679501,601.3698800121502,11.057782244200098,0.018387655603863462,0.018501692986707674,
mlp,43,raw,pinn_statistical,joint,pinn_statistical,observed_reconstruction,mlp/pinn_statistical/vs_raw,whole_model_comparison,matched,spatial_mlp,raw_spatial_mlp,1391030,497540,msl,Pa,114.0,True,599.0397513150564,610.1197919787598,11.080040663703471,0.018160434736543052,0.019833118904601155,
mlp,43,raw,pinn_statistical,joint,pinn_statistical,observed_reconstruction,mlp/pinn_statistical/vs_raw,whole_model_comparison,matched,spatial_mlp,raw_spatial_mlp,1391030,497540,msl,Pa,120.0,True,598.3549065523472,608.2209179160237,9.866011363676535,0.01622109840858632,0.0185993570234374,
mlp,43,raw,pinn_statistical,joint,pinn_statistical,observed_reconstruction,mlp/pinn_statistical/vs_raw,whole_model_comparison,matched,spatial_mlp,raw_spatial_mlp,1391030,497540,t2m,K,6.0,True,2.707435155476491,2.376520424073484,-0.330914731403007,-0.13924337786073027,-0.042324407247019136,
mlp,43,raw,pinn_statistical,joint,pinn_statistical,observed_reconstruction,mlp/pinn_statistical/vs_raw,whole_model_comparison,matched,spatial_mlp,raw_spatial_mlp,1391030,497540,t2m,K,12.0,True,3.4206802444768476,2.899371314688137,-0.5213089297887108,-0.17980067856358173,-0.05575028656874337,
mlp,43,raw,pinn_statistical,joint,pinn_statistical,observed_reconstruction,mlp/pinn_statistical/vs_raw,whole_model_comparison,matched,spatial_mlp,raw_spatial_mlp,1391030,497540,t2m,K,18.0,True,2.463766969737084,2.3287727182114297,-0.13499425152565436,-0.05796798050319585,-0.02145268569108616,
mlp,43,raw,pinn_statistical,joint,pinn_statistical,observed_reconstruction,mlp/pinn_statistical/vs_raw,whole_model_comparison,matched,spatial_mlp,raw_spatial_mlp,1391030,497540,t2m,K,24.0,True,1.588049874535734,1.6470066871859033,0.058956812650169166,0.0357963407852967,-0.001870895283095475,
mlp,43,raw,pinn_statistical,joint,pinn_statistical,observed_reconstruction,mlp/pinn_statistical/vs_raw,whole_model_comparison,matched,spatial_mlp,raw_spatial_mlp,1391030,497540,t2m,K,30.0,True,2.5235549080762305,2.532512448576605,0.008957540500374339,0.0035370173621096512,-0.007954775169152328,
mlp,43,raw,pinn_statistical,joint,pinn_statistical,observed_reconstruction,mlp/pinn_statistical/vs_raw,whole_model_comparison,matched,spatial_mlp,raw_spatial_mlp,1391030,497540,t2m,K,36.0,True,3.023815942619139,2.9542290225984447,-0.06958692002069444,-0.023555018750539558,-0.016508172930412734,
mlp,43,raw,pinn_statistical,joint,pinn_statistical,observed_reconstruction,mlp/pinn_statistical/vs_raw,whole_model_comparison,matched,spatial_mlp,raw_spatial_mlp,1391030,497540,t2m,K,42.0,True,2.5569684207908683,2.4481928580318018,-0.10877556275906652,-0.04443096155689119,-0.01905494422608145,
mlp,43,raw,pinn_statistical,joint,pinn_statistical,observed_reconstruction,mlp/pinn_statistical/vs_raw,whole_model_comparison,matched,spatial_mlp,raw_spatial_mlp,1391030,497540,t2m,K,48.0,True,1.9267408348933133,1.8811444585673913,-0.04559637632592195,-0.02423863628242917,-0.011333587169613524,
mlp,43,raw,pinn_statistical,joint,pinn_statistical,observed_reconstruction,mlp/pinn_statistical/vs_raw,whole_model_comparison,matched,spatial_mlp,raw_spatial_mlp,1391030,497540,t2m,K,54.0,True,2.666197244479741,2.6730512935324473,0.006854049052706479,0.002564129266539039,-0.007837440009026864,
mlp,43,raw,pinn_statistical,joint,pinn_statistical,observed_reconstruction,mlp/pinn_statistical/vs_raw,whole_model_comparison,matched,spatial_mlp,raw_spatial_mlp,1391030,497540,t2m,K,60.0,True,3.089357237161513,3.0578896795274066,-0.031467557634106136,-0.01029061245890639,-0.009771095284968556,
mlp,43,raw,pinn_statistical,joint,pinn_statistical,observed_reconstruction,mlp/pinn_statistical/vs_raw,whole_model_comparison,matched,spatial_mlp,raw_spatial_mlp,1391030,497540,t2m,K,66.0,True,2.6654261300134987,2.590632415347211,-0.07479371466628759,-0.02887083255161982,-0.01512380246893441,
mlp,43,raw,pinn_statistical,joint,pinn_statistical,observed_reconstruction,mlp/pinn_statistical/vs_raw,whole_model_comparison,matched,spatial_mlp,raw_spatial_mlp,1391030,497540,t2m,K,72.0,True,2.0864678018615446,2.08562349123724,-0.0008443106243047893,-0.00040482408634745504,-0.008150359684897635,
mlp,43,raw,pinn_statistical,joint,pinn_statistical,observed_reconstruction,mlp/pinn_statistical/vs_raw,whole_model_comparison,matched,spatial_mlp,raw_spatial_mlp,1391030,497540,t2m,K,78.0,True,2.7585977481261015,2.802551263695938,0.04395351556983673,0.015683393962925063,-0.0020083901560036255,
mlp,43,raw,pinn_statistical,joint,pinn_statistical,observed_reconstruction,mlp/pinn_statistical/vs_raw,whole_model_comparison,matched,spatial_mlp,raw_spatial_mlp,1391030,497540,t2m,K,84.0,True,3.148528471787815,3.1526688347593903,0.004140362971575495,0.0013132882610207286,-0.0018826485325950104,
mlp,43,raw,pinn_statistical,joint,pinn_statistical,observed_reconstruction,mlp/pinn_statistical/vs_raw,whole_model_comparison,matched,spatial_mlp,raw_spatial_mlp,1391030,497540,t2m,K,90.0,True,2.7333242899008123,2.69886448295792,-0.034459806942892524,-0.012768261304148654,-0.008764906683444318,
mlp,43,raw,pinn_statistical,joint,pinn_statistical,observed_reconstruction,mlp/pinn_statistical/vs_raw,whole_model_comparison,matched,spatial_mlp,raw_spatial_mlp,1391030,497540,t2m,K,96.0,True,2.176541718354384,2.226625907205059,0.050084188850675115,0.022493310927807597,-0.002887309208442157,
mlp,43,raw,pinn_statistical,joint,pinn_statistical,observed_reconstruction,mlp/pinn_statistical/vs_raw,whole_model_comparison,matched,spatial_mlp,raw_spatial_mlp,1391030,497540,t2m,K,102.0,True,2.8299739851097225,2.9009513356215164,0.07097735051179388,0.024466922157653892,0.0030086143669123544,
mlp,43,raw,pinn_statistical,joint,pinn_statistical,observed_reconstruction,mlp/pinn_statistical/vs_raw,whole_model_comparison,matched,spatial_mlp,raw_spatial_mlp,1391030,497540,t2m,K,108.0,True,3.2041417844183626,3.2317220738612487,0.02758028944288604,0.008534239273222277,0.004286647981447733,
mlp,43,raw,pinn_statistical,joint,pinn_statistical,observed_reconstruction,mlp/pinn_statistical/vs_raw,whole_model_comparison,matched,spatial_mlp,raw_spatial_mlp,1391030,497540,t2m,K,114.0,True,2.7839812845268814,2.783711582050073,-0.0002697024768085754,-9.688592688550379e-05,-0.003471186717536545,
mlp,43,raw,pinn_statistical,joint,pinn_statistical,observed_reconstruction,mlp/pinn_statistical/vs_raw,whole_model_comparison,matched,spatial_mlp,raw_spatial_mlp,1391030,497540,t2m,K,120.0,True,2.2410488421892745,2.337539441566686,0.09649059937741145,0.04127870429118441,0.0010219900393648729,
mlp,43,raw,pinn_statistical,joint,pinn_statistical,observed_reconstruction,mlp/pinn_statistical/vs_raw,whole_model_comparison,matched,spatial_mlp,raw_spatial_mlp,1391030,497540,u10,m s**-1,6.0,True,1.2318126113384193,0.8349923013561359,-0.39682030998228346,-0.47523828583544514,-0.048591663473173674,
mlp,43,raw,pinn_statistical,joint,pinn_statistical,observed_reconstruction,mlp/pinn_statistical/vs_raw,whole_model_comparison,matched,spatial_mlp,raw_spatial_mlp,1391030,497540,u10,m s**-1,12.0,True,1.3682410265377802,1.137305901724886,-0.23093512481289413,-0.20305453832838483,-0.0357536447155371,
mlp,43,raw,pinn_statistical,joint,pinn_statistical,observed_reconstruction,mlp/pinn_statistical/vs_raw,whole_model_comparison,matched,spatial_mlp,raw_spatial_mlp,1391030,497540,u10,m s**-1,18.0,True,1.5366924426260238,1.380863787369429,-0.15582865525659484,-0.1128486797046444,-0.029855847658924684,
mlp,43,raw,pinn_statistical,joint,pinn_statistical,observed_reconstruction,mlp/pinn_statistical/vs_raw,whole_model_comparison,matched,spatial_mlp,raw_spatial_mlp,1391030,497540,u10,m s**-1,24.0,True,1.675293353897787,1.5433121273987294,-0.13198122649905764,-0.0855181684611741,-0.029220918328509815,
mlp,43,raw,pinn_statistical,joint,pinn_statistical,observed_reconstruction,mlp/pinn_statistical/vs_raw,whole_model_comparison,matched,spatial_mlp,raw_spatial_mlp,1391030,497540,u10,m s**-1,30.0,True,1.836570311733093,1.739061392384808,-0.09750891934828498,-0.05606985456365576,-0.026032588049917038,
mlp,43,raw,pinn_statistical,joint,pinn_statistical,observed_reconstruction,mlp/pinn_statistical/vs_raw,whole_model_comparison,matched,spatial_mlp,raw_spatial_mlp,1391030,497540,u10,m s**-1,36.0,True,1.9669181627260657,1.883755506536709,-0.08316265618935659,-0.044147266405209606,-0.025738138703920277,
mlp,43,raw,pinn_statistical,joint,pinn_statistical,observed_reconstruction,mlp/pinn_statistical/vs_raw,whole_model_comparison,matched,spatial_mlp,raw_spatial_mlp,1391030,497540,u10,m s**-1,42.0,True,2.078103530383023,2.0142045518554115,-0.0638989785276114,-0.031724175416419254,-0.02322876435049881,
mlp,43,raw,pinn_statistical,joint,pinn_statistical,observed_reconstruction,mlp/pinn_statistical/vs_raw,whole_model_comparison,matched,spatial_mlp,raw_spatial_mlp,1391030,497540,u10,m s**-1,48.0,True,2.1651194890477585,2.1063166997669294,-0.05880278928082916,-0.027917354160148733,-0.02340947178867281,
mlp,43,raw,pinn_statistical,joint,pinn_statistical,observed_reconstruction,mlp/pinn_statistical/vs_raw,whole_model_comparison,matched,spatial_mlp,raw_spatial_mlp,1391030,497540,u10,m s**-1,54.0,True,2.250775351229552,2.2156423465713373,-0.035133004658214784,-0.015856803203180503,-0.017682555961299973,
mlp,43,raw,pinn_statistical,joint,pinn_statistical,observed_reconstruction,mlp/pinn_statistical/vs_raw,whole_model_comparison,matched,spatial_mlp,raw_spatial_mlp,1391030,497540,u10,m s**-1,60.0,True,2.3252082423413674,2.297133872539249,-0.028074369802118415,-0.012221477440966577,-0.01647942255250323,
mlp,43,raw,pinn_statistical,joint,pinn_statistical,observed_reconstruction,mlp/pinn_statistical/vs_raw,whole_model_comparison,matched,spatial_mlp,raw_spatial_mlp,1391030,497540,u10,m s**-1,66.0,True,2.3892377984449897,2.376890482774972,-0.012347315670017789,-0.0051947347845839875,-0.011541279730495457,
mlp,43,raw,pinn_statistical,joint,pinn_statistical,observed_reconstruction,mlp/pinn_statistical/vs_raw,whole_model_comparison,matched,spatial_mlp,raw_spatial_mlp,1391030,497540,u10,m s**-1,72.0,True,2.437614593922674,2.426441921475612,-0.011172672447062215,-0.00460454971049451,-0.011296366947513126,
mlp,43,raw,pinn_statistical,joint,pinn_statistical,observed_reconstruction,mlp/pinn_statistical/vs_raw,whole_model_comparison,matched,spatial_mlp,raw_spatial_mlp,1391030,497540,u10,m s**-1,78.0,True,2.4861783645252773,2.4925977208475993,0.006419356322322045,0.0025753679659705764,-0.0045974739761563965,
mlp,43,raw,pinn_statistical,joint,pinn_statistical,observed_reconstruction,mlp/pinn_statistical/vs_raw,whole_model_comparison,matched,spatial_mlp,raw_spatial_mlp,1391030,497540,u10,m s**-1,84.0,True,2.5281311000034226,2.5373624537854504,0.009231353782027885,0.003638169142235026,-0.003408715772087567,
mlp,43,raw,pinn_statistical,joint,pinn_statistical,observed_reconstruction,mlp/pinn_statistical/vs_raw,whole_model_comparison,matched,spatial_mlp,raw_spatial_mlp,1391030,497540,u10,m s**-1,90.0,True,2.5690606014148205,2.5875336807603238,0.01847307934550324,0.007139261406666986,0.0007894596144926158,
mlp,43,raw,pinn_statistical,joint,pinn_statistical,observed_reconstruction,mlp/pinn_statistical/vs_raw,whole_model_comparison,matched,spatial_mlp,raw_spatial_mlp,1391030,497540,u10,m s**-1,96.0,True,2.596136978860732,2.6118206893470086,0.015683710486276592,0.006004895569686974,-0.00031751010188202367,
mlp,43,raw,pinn_statistical,joint,pinn_statistical,observed_reconstruction,mlp/pinn_statistical/vs_raw,whole_model_comparison,matched,spatial_mlp,raw_spatial_mlp,1391030,497540,u10,m s**-1,102.0,True,2.626648591375516,2.654934359388056,0.028285768012540125,0.010654036666676636,0.005604002452196721,
mlp,43,raw,pinn_statistical,joint,pinn_statistical,observed_reconstruction,mlp/pinn_statistical/vs_raw,whole_model_comparison,matched,spatial_mlp,raw_spatial_mlp,1391030,497540,u10,m s**-1,108.0,True,2.6522812076705296,2.6795900149766454,0.027308807306115845,0.010191412549488077,0.0052548666755098394,
mlp,43,raw,pinn_statistical,joint,pinn_statistical,observed_reconstruction,mlp/pinn_statistical/vs_raw,whole_model_comparison,matched,spatial_mlp,raw_spatial_mlp,1391030,497540,u10,m s**-1,114.0,True,2.6807135741550976,2.7133126172812028,0.032599043126105176,0.012014481087980977,0.007996405692810404,
mlp,43,raw,pinn_statistical,joint,pinn_statistical,observed_reconstruction,mlp/pinn_statistical/vs_raw,whole_model_comparison,matched,spatial_mlp,raw_spatial_mlp,1391030,497540,u10,m s**-1,120.0,True,2.6974007115513507,2.7240036137615498,0.02660290221019901,0.009766103861170494,0.0046319200189661736,
mlp,43,raw,pinn_statistical,joint,pinn_statistical,observed_reconstruction,mlp/pinn_statistical/vs_raw,whole_model_comparison,matched,spatial_mlp,raw_spatial_mlp,1391030,497540,v10,m s**-1,6.0,True,1.3307842433431538,0.8947725837525218,-0.43601165959063204,-0.4872876834939157,-0.054424203370438295,
mlp,43,raw,pinn_statistical,joint,pinn_statistical,observed_reconstruction,mlp/pinn_statistical/vs_raw,whole_model_comparison,matched,spatial_mlp,raw_spatial_mlp,1391030,497540,v10,m s**-1,12.0,True,1.4795052697479474,1.2332322408089305,-0.24627302893901692,-0.19969720283786585,-0.03915319535860973,
mlp,43,raw,pinn_statistical,joint,pinn_statistical,observed_reconstruction,mlp/pinn_statistical/vs_raw,whole_model_comparison,matched,spatial_mlp,raw_spatial_mlp,1391030,497540,v10,m s**-1,18.0,True,1.6659154512435237,1.4859922094007376,-0.17992324184278607,-0.1210795323855327,-0.03485012471847804,
mlp,43,raw,pinn_statistical,joint,pinn_statistical,observed_reconstruction,mlp/pinn_statistical/vs_raw,whole_model_comparison,matched,spatial_mlp,raw_spatial_mlp,1391030,497540,v10,m s**-1,24.0,True,1.8323118483323975,1.6797460193506963,-0.15256582898170112,-0.09082672453105456,-0.034509827829932394,
mlp,43,raw,pinn_statistical,joint,pinn_statistical,observed_reconstruction,mlp/pinn_statistical/vs_raw,whole_model_comparison,matched,spatial_mlp,raw_spatial_mlp,1391030,497540,v10,m s**-1,30.0,True,2.0009110112297486,1.8786519227059713,-0.12225908852377732,-0.06507809512029139,-0.03281201615451834,
mlp,43,raw,pinn_statistical,joint,pinn_statistical,observed_reconstruction,mlp/pinn_statistical/vs_raw,whole_model_comparison,matched,spatial_mlp,raw_spatial_mlp,1391030,497540,v10,m s**-1,36.0,True,2.1459916075446777,2.0430767356451933,-0.10291487189948434,-0.05037249463221172,-0.03187957058311097,
mlp,43,raw,pinn_statistical,joint,pinn_statistical,observed_reconstruction,mlp/pinn_statistical/vs_raw,whole_model_comparison,matched,spatial_mlp,raw_spatial_mlp,1391030,497540,v10,m s**-1,42.0,True,2.2677744848424157,2.1775516973859057,-0.09022278745651002,-0.041433132248855475,-0.03190098365936833,
mlp,43,raw,pinn_statistical,joint,pinn_statistical,observed_reconstruction,mlp/pinn_statistical/vs_raw,whole_model_comparison,matched,spatial_mlp,raw_spatial_mlp,1391030,497540,v10,m s**-1,48.0,True,2.367000239408466,2.288475465654049,-0.0785247737544168,-0.034313137690543005,-0.03069954074026615,
mlp,43,raw,pinn_statistical,joint,pinn_statistical,observed_reconstruction,mlp/pinn_statistical/vs_raw,whole_model_comparison,matched,spatial_mlp,raw_spatial_mlp,1391030,497540,v10,m s**-1,54.0,True,2.454980526891719,2.395517937390831,-0.05946258950088801,-0.024822435504554763,-0.02641755962434389,
mlp,43,raw,pinn_statistical,joint,pinn_statistical,observed_reconstruction,mlp/pinn_statistical/vs_raw,whole_model_comparison,matched,spatial_mlp,raw_spatial_mlp,1391030,497540,v10,m s**-1,60.0,True,2.531816406706011,2.4880486963839847,-0.04376771032202642,-0.017591179137947055,-0.02172706216999054,
mlp,43,raw,pinn_statistical,joint,pinn_statistical,observed_reconstruction,mlp/pinn_statistical/vs_raw,whole_model_comparison,matched,spatial_mlp,raw_spatial_mlp,1391030,497540,v10,m s**-1,66.0,True,2.596496142181475,2.5633051964657834,-0.03319094571569181,-0.012948495466499566,-0.018291420940979797,
mlp,43,raw,pinn_statistical,joint,pinn_statistical,observed_reconstruction,mlp/pinn_statistical/vs_raw,whole_model_comparison,matched,spatial_mlp,raw_spatial_mlp,1391030,497540,v10,m s**-1,72.0,True,2.648899311323995,2.624679472412976,-0.02421983891101931,-0.009227732058556093,-0.014272325414996456,
mlp,43,raw,pinn_statistical,joint,pinn_statistical,observed_reconstruction,mlp/pinn_statistical/vs_raw,whole_model_comparison,matched,spatial_mlp,raw_spatial_mlp,1391030,497540,v10,m s**-1,78.0,True,2.6938833413630614,2.684023522309983,-0.009859819053078311,-0.003673521849239414,-0.007502348436127848,
mlp,43,raw,pinn_statistical,joint,pinn_statistical,observed_reconstruction,mlp/pinn_statistical/vs_raw,whole_model_comparison,matched,spatial_mlp,raw_spatial_mlp,1391030,497540,v10,m s**-1,84.0,True,2.7368938063767523,2.735903989948633,-0.000989816428119461,-0.00036178770591210885,-0.0025197397544722278,
mlp,43,raw,pinn_statistical,joint,pinn_statistical,observed_reconstruction,mlp/pinn_statistical/vs_raw,whole_model_comparison,matched,spatial_mlp,raw_spatial_mlp,1391030,497540,v10,m s**-1,90.0,True,2.7720340737399227,2.7758310318789943,0.003796958139071549,0.001367863567870442,0.000590065504978865,
mlp,43,raw,pinn_statistical,joint,pinn_statistical,observed_reconstruction,mlp/pinn_statistical/vs_raw,whole_model_comparison,matched,spatial_mlp,raw_spatial_mlp,1391030,497540,v10,m s**-1,96.0,True,2.8023236023612843,2.808166548029307,0.005842945668022903,0.0020806976965533908,0.0026684609953629423,
mlp,43,raw,pinn_statistical,joint,pinn_statistical,observed_reconstruction,mlp/pinn_statistical/vs_raw,whole_model_comparison,matched,spatial_mlp,raw_spatial_mlp,1391030,497540,v10,m s**-1,102.0,True,2.8256885033208703,2.840566736647455,0.014878233326584667,0.005237769327730901,0.008413729017798521,
mlp,43,raw,pinn_statistical,joint,pinn_statistical,observed_reconstruction,mlp/pinn_statistical/vs_raw,whole_model_comparison,matched,spatial_mlp,raw_spatial_mlp,1391030,497540,v10,m s**-1,108.0,True,2.851994837298066,2.8702216274216563,0.01822679012359041,0.006350307568396274,0.011124886056378902,
mlp,43,raw,pinn_statistical,joint,pinn_statistical,observed_reconstruction,mlp/pinn_statistical/vs_raw,whole_model_comparison,matched,spatial_mlp,raw_spatial_mlp,1391030,497540,v10,m s**-1,114.0,True,2.871722893406104,2.8906978932720224,0.01897499986591855,0.006564158748682103,0.012209300574442583,
mlp,43,raw,pinn_statistical,joint,pinn_statistical,observed_reconstruction,mlp/pinn_statistical/vs_raw,whole_model_comparison,matched,spatial_mlp,raw_spatial_mlp,1391030,497540,v10,m s**-1,120.0,True,2.8895518058412915,2.9072708029903875,0.017718997149096083,0.006094718500550544,0.012111330236313611,
mlp,43,raw,pinn_statistical:kl_entropy,joint,pinn_statistical,observed_reconstruction,mlp/pinn_statistical:kl_entropy/vs_raw,whole_model_comparison,matched,spatial_mlp,raw_spatial_mlp,1391030,497540,msl,Pa,6.0,True,245.41178285813274,178.81821200828006,-66.59357084985268,-0.37240933181218194,-0.03139456847835154,
mlp,43,raw,pinn_statistical:kl_entropy,joint,pinn_statistical,observed_reconstruction,mlp/pinn_statistical:kl_entropy/vs_raw,whole_model_comparison,matched,spatial_mlp,raw_spatial_mlp,1391030,497540,msl,Pa,12.0,True,261.35619494717497,221.41705475694442,-39.939140190230546,-0.18037969222412809,-0.023687965407772293,
mlp,43,raw,pinn_statistical:kl_entropy,joint,pinn_statistical,observed_reconstruction,mlp/pinn_statistical:kl_entropy/vs_raw,whole_model_comparison,matched,spatial_mlp,raw_spatial_mlp,1391030,497540,msl,Pa,18.0,True,304.85004386778184,291.42795783975015,-13.422086028031686,-0.04605627451643546,-0.014474391187849212,
mlp,43,raw,pinn_statistical:kl_entropy,joint,pinn_statistical,observed_reconstruction,mlp/pinn_statistical:kl_entropy/vs_raw,whole_model_comparison,matched,spatial_mlp,raw_spatial_mlp,1391030,497540,msl,Pa,24.0,True,323.97300226607695,320.7604192325541,-3.212583033522833,-0.010015521993671284,-0.008937763768893436,
mlp,43,raw,pinn_statistical:kl_entropy,joint,pinn_statistical,observed_reconstruction,mlp/pinn_statistical:kl_entropy/vs_raw,whole_model_comparison,matched,spatial_mlp,raw_spatial_mlp,1391030,497540,msl,Pa,30.0,True,378.9781235670663,377.7017573131226,-1.2763662539437064,-0.0033792965725747415,-0.009989899651646317,
mlp,43,raw,pinn_statistical:kl_entropy,joint,pinn_statistical,observed_reconstruction,mlp/pinn_statistical:kl_entropy/vs_raw,whole_model_comparison,matched,spatial_mlp,raw_spatial_mlp,1391030,497540,msl,Pa,36.0,True,407.7357172476823,408.2069789392117,0.4712616915293779,0.0011544675026233797,-0.008959509085499806,
mlp,43,raw,pinn_statistical:kl_entropy,joint,pinn_statistical,observed_reconstruction,mlp/pinn_statistical:kl_entropy/vs_raw,whole_model_comparison,matched,spatial_mlp,raw_spatial_mlp,1391030,497540,msl,Pa,42.0,True,441.4747780372977,443.12898057161647,1.654202534318756,0.003733004625842584,-0.008591471693785713,
mlp,43,raw,pinn_statistical:kl_entropy,joint,pinn_statistical,observed_reconstruction,mlp/pinn_statistical:kl_entropy/vs_raw,whole_model_comparison,matched,spatial_mlp,raw_spatial_mlp,1391030,497540,msl,Pa,48.0,True,456.65402952094007,459.05343992761266,2.3994104066725868,0.0052268651054023785,-0.0062942924028290825,
mlp,43,raw,pinn_statistical:kl_entropy,joint,pinn_statistical,observed_reconstruction,mlp/pinn_statistical:kl_entropy/vs_raw,whole_model_comparison,matched,spatial_mlp,raw_spatial_mlp,1391030,497540,msl,Pa,54.0,True,486.42176544208974,491.0117519648994,4.5899865228096814,0.009348017648135198,-0.004004792463439766,
mlp,43,raw,pinn_statistical:kl_entropy,joint,pinn_statistical,observed_reconstruction,mlp/pinn_statistical:kl_entropy/vs_raw,whole_model_comparison,matched,spatial_mlp,raw_spatial_mlp,1391030,497540,msl,Pa,60.0,True,504.89551047388676,508.7352468206724,3.839736346785628,0.007547612182922214,-0.004224315180449745,
mlp,43,raw,pinn_statistical:kl_entropy,joint,pinn_statistical,observed_reconstruction,mlp/pinn_statistical:kl_entropy/vs_raw,whole_model_comparison,matched,spatial_mlp,raw_spatial_mlp,1391030,497540,msl,Pa,66.0,True,523.4167943029546,528.8659669414141,5.4491726384594585,0.010303504061669133,-0.0010569788895563592,
mlp,43,raw,pinn_statistical:kl_entropy,joint,pinn_statistical,observed_reconstruction,mlp/pinn_statistical:kl_entropy/vs_raw,whole_model_comparison,matched,spatial_mlp,raw_spatial_mlp,1391030,497540,msl,Pa,72.0,True,529.9886387033521,535.3076392843792,5.319000581027126,0.009936343497988886,0.001111978684927073,
mlp,43,raw,pinn_statistical:kl_entropy,joint,pinn_statistical,observed_reconstruction,mlp/pinn_statistical:kl_entropy/vs_raw,whole_model_comparison,matched,spatial_mlp,raw_spatial_mlp,1391030,497540,msl,Pa,78.0,True,548.6272839102129,556.067346041565,7.440062131352079,0.013379786071444522,0.0052710326318844425,
mlp,43,raw,pinn_statistical:kl_entropy,joint,pinn_statistical,observed_reconstruction,mlp/pinn_statistical:kl_entropy/vs_raw,whole_model_comparison,matched,spatial_mlp,raw_spatial_mlp,1391030,497540,msl,Pa,84.0,True,558.9718024925868,566.266036654704,7.294234162117164,0.012881284926090308,0.006400533539367537,
mlp,43,raw,pinn_statistical:kl_entropy,joint,pinn_statistical,observed_reconstruction,mlp/pinn_statistical:kl_entropy/vs_raw,whole_model_comparison,matched,spatial_mlp,raw_spatial_mlp,1391030,497540,msl,Pa,90.0,True,572.241789032318,578.9751457663582,6.733356734040171,0.011629785463636022,0.006839116379870114,
mlp,43,raw,pinn_statistical:kl_entropy,joint,pinn_statistical,observed_reconstruction,mlp/pinn_statistical:kl_entropy/vs_raw,whole_model_comparison,matched,spatial_mlp,raw_spatial_mlp,1391030,497540,msl,Pa,96.0,True,573.3665406719009,580.1149476704627,6.748406998561791,0.011632879010721964,0.008837706543734836,
mlp,43,raw,pinn_statistical:kl_entropy,joint,pinn_statistical,observed_reconstruction,mlp/pinn_statistical:kl_entropy/vs_raw,whole_model_comparison,matched,spatial_mlp,raw_spatial_mlp,1391030,497540,msl,Pa,102.0,True,587.6367818689271,595.4454198712236,7.808638002296561,0.01311394418649714,0.01162424236992221,
mlp,43,raw,pinn_statistical:kl_entropy,joint,pinn_statistical,observed_reconstruction,mlp/pinn_statistical:kl_entropy/vs_raw,whole_model_comparison,matched,spatial_mlp,raw_spatial_mlp,1391030,497540,msl,Pa,108.0,True,593.4851563091262,601.3698800121502,7.884723703024065,0.013111271390686796,0.012629300410179067,
mlp,43,raw,pinn_statistical:kl_entropy,joint,pinn_statistical,observed_reconstruction,mlp/pinn_statistical:kl_entropy/vs_raw,whole_model_comparison,matched,spatial_mlp,raw_spatial_mlp,1391030,497540,msl,Pa,114.0,True,603.2588600666797,610.1197919787598,6.860931912080105,0.011245221024265617,0.011454741222571674,
mlp,43,raw,pinn_statistical:kl_entropy,joint,pinn_statistical,observed_reconstruction,mlp/pinn_statistical:kl_entropy/vs_raw,whole_model_comparison,matched,spatial_mlp,raw_spatial_mlp,1391030,497540,msl,Pa,120.0,True,601.9694385052086,608.2209179160237,6.251479410815136,0.010278303864054705,0.011126969262797437,
mlp,43,raw,pinn_statistical:kl_entropy,joint,pinn_statistical,observed_reconstruction,mlp/pinn_statistical:kl_entropy/vs_raw,whole_model_comparison,matched,spatial_mlp,raw_spatial_mlp,1391030,497540,t2m,K,6.0,True,2.655192789394333,2.376520424073484,-0.27867236532084894,-0.11726066500332855,-0.03704602581214678,
mlp,43,raw,pinn_statistical:kl_entropy,joint,pinn_statistical,observed_reconstruction,mlp/pinn_statistical:kl_entropy/vs_raw,whole_model_comparison,matched,spatial_mlp,raw_spatial_mlp,1391030,497540,t2m,K,12.0,True,3.2585318750252728,2.899371314688137,-0.35916056033713595,-0.1238753237702388,-0.04110138164178179,
mlp,43,raw,pinn_statistical:kl_entropy,joint,pinn_statistical,observed_reconstruction,mlp/pinn_statistical:kl_entropy/vs_raw,whole_model_comparison,matched,spatial_mlp,raw_spatial_mlp,1391030,497540,t2m,K,18.0,True,2.4218438534713305,2.3287727182114297,-0.09307113525990074,-0.039965744416390336,-0.015911622402455916,
mlp,43,raw,pinn_statistical:kl_entropy,joint,pinn_statistical,observed_reconstruction,mlp/pinn_statistical:kl_entropy/vs_raw,whole_model_comparison,matched,spatial_mlp,raw_spatial_mlp,1391030,497540,t2m,K,24.0,True,1.5675391802716787,1.6470066871859033,0.07946750691422455,0.048249656502611815,0.0008119776609243345,
mlp,43,raw,pinn_statistical:kl_entropy,joint,pinn_statistical,observed_reconstruction,mlp/pinn_statistical:kl_entropy/vs_raw,whole_model_comparison,matched,spatial_mlp,raw_spatial_mlp,1391030,497540,t2m,K,30.0,True,2.535360543842034,2.532512448576605,-0.0028480952654290626,-0.0011246125431800813,-0.007248196441147825,
mlp,43,raw,pinn_statistical:kl_entropy,joint,pinn_statistical,observed_reconstruction,mlp/pinn_statistical:kl_entropy/vs_raw,whole_model_comparison,matched,spatial_mlp,raw_spatial_mlp,1391030,497540,t2m,K,36.0,True,3.0488314696062604,2.9542290225984447,-0.09460244700781573,-0.03202271939113466,-0.017029142517657747,
mlp,43,raw,pinn_statistical:kl_entropy,joint,pinn_statistical,observed_reconstruction,mlp/pinn_statistical:kl_entropy/vs_raw,whole_model_comparison,matched,spatial_mlp,raw_spatial_mlp,1391030,497540,t2m,K,42.0,True,2.5744024471505114,2.4481928580318018,-0.1262095891187096,-0.05155214333080549,-0.016695377336312878,
mlp,43,raw,pinn_statistical:kl_entropy,joint,pinn_statistical,observed_reconstruction,mlp/pinn_statistical:kl_entropy/vs_raw,whole_model_comparison,matched,spatial_mlp,raw_spatial_mlp,1391030,497540,t2m,K,48.0,True,1.9201705987076942,1.8811444585673913,-0.03902614014030292,-0.020745955985763898,-0.0055013697315478005,
mlp,43,raw,pinn_statistical:kl_entropy,joint,pinn_statistical,observed_reconstruction,mlp/pinn_statistical:kl_entropy/vs_raw,whole_model_comparison,matched,spatial_mlp,raw_spatial_mlp,1391030,497540,t2m,K,54.0,True,2.7061453544774445,2.6730512935324473,-0.03309406094499723,-0.012380630714071916,-0.006892837579594913,
mlp,43,raw,pinn_statistical:kl_entropy,joint,pinn_statistical,observed_reconstruction,mlp/pinn_statistical:kl_entropy/vs_raw,whole_model_comparison,matched,spatial_mlp,raw_spatial_mlp,1391030,497540,t2m,K,60.0,True,3.1541065709091534,3.0578896795274066,-0.09621689138174672,-0.03146512839423843,-0.01262430326880215,
mlp,43,raw,pinn_statistical:kl_entropy,joint,pinn_statistical,observed_reconstruction,mlp/pinn_statistical:kl_entropy/vs_raw,whole_model_comparison,matched,spatial_mlp,raw_spatial_mlp,1391030,497540,t2m,K,66.0,True,2.7271387572941657,2.590632415347211,-0.13650634194695455,-0.052692285149477325,-0.016171147696452226,
mlp,43,raw,pinn_statistical:kl_entropy,joint,pinn_statistical,observed_reconstruction,mlp/pinn_statistical:kl_entropy/vs_raw,whole_model_comparison,matched,spatial_mlp,raw_spatial_mlp,1391030,497540,t2m,K,72.0,True,2.1190560389997923,2.08562349123724,-0.033432547762552556,-0.01603000153336387,-0.005315948182070485,
mlp,43,raw,pinn_statistical:kl_entropy,joint,pinn_statistical,observed_reconstruction,mlp/pinn_statistical:kl_entropy/vs_raw,whole_model_comparison,matched,spatial_mlp,raw_spatial_mlp,1391030,497540,t2m,K,78.0,True,2.8148420990179637,2.802551263695938,-0.012290835322025462,-0.004385588046591726,-0.003237673832846011,
mlp,43,raw,pinn_statistical:kl_entropy,joint,pinn_statistical,observed_reconstruction,mlp/pinn_statistical:kl_entropy/vs_raw,whole_model_comparison,matched,spatial_mlp,raw_spatial_mlp,1391030,497540,t2m,K,84.0,True,3.228519399775086,3.1526688347593903,-0.07585056501569554,-0.024059160346755704,-0.007268135963042988,
mlp,43,raw,pinn_statistical:kl_entropy,joint,pinn_statistical,observed_reconstruction,mlp/pinn_statistical:kl_entropy/vs_raw,whole_model_comparison,matched,spatial_mlp,raw_spatial_mlp,1391030,497540,t2m,K,90.0,True,2.811732595635952,2.69886448295792,-0.11286811267803198,-0.04182059284219042,-0.013088966764269516,
mlp,43,raw,pinn_statistical:kl_entropy,joint,pinn_statistical,observed_reconstruction,mlp/pinn_statistical:kl_entropy/vs_raw,whole_model_comparison,matched,spatial_mlp,raw_spatial_mlp,1391030,497540,t2m,K,96.0,True,2.2189989008135607,2.226625907205059,0.00762700639149827,0.0034253649734418135,-0.0026861029908554768,
mlp,43,raw,pinn_statistical:kl_entropy,joint,pinn_statistical,observed_reconstruction,mlp/pinn_statistical:kl_entropy/vs_raw,whole_model_comparison,matched,spatial_mlp,raw_spatial_mlp,1391030,497540,t2m,K,102.0,True,2.8874005444272512,2.9009513356215164,0.013550791194265166,0.004671154261662869,0.0003121918086360642,
mlp,43,raw,pinn_statistical:kl_entropy,joint,pinn_statistical,observed_reconstruction,mlp/pinn_statistical:kl_entropy/vs_raw,whole_model_comparison,matched,spatial_mlp,raw_spatial_mlp,1391030,497540,t2m,K,108.0,True,3.292520884061494,3.2317220738612487,-0.060798810200245246,-0.01881313083572289,-0.003450936381996561,
mlp,43,raw,pinn_statistical:kl_entropy,joint,pinn_statistical,observed_reconstruction,mlp/pinn_statistical:kl_entropy/vs_raw,whole_model_comparison,matched,spatial_mlp,raw_spatial_mlp,1391030,497540,t2m,K,114.0,True,2.8757212763040787,2.783711582050073,-0.09200969425400585,-0.03305288336884571,-0.010828418232741943,
mlp,43,raw,pinn_statistical:kl_entropy,joint,pinn_statistical,observed_reconstruction,mlp/pinn_statistical:kl_entropy/vs_raw,whole_model_comparison,matched,spatial_mlp,raw_spatial_mlp,1391030,497540,t2m,K,120.0,True,2.2959451236569985,2.337539441566686,0.04159431790968737,0.017794060356821073,-0.001114972567007655,
mlp,43,raw,pinn_statistical:kl_entropy,joint,pinn_statistical,observed_reconstruction,mlp/pinn_statistical:kl_entropy/vs_raw,whole_model_comparison,matched,spatial_mlp,raw_spatial_mlp,1391030,497540,u10,m s**-1,6.0,True,1.2294607173578307,0.8349923013561359,-0.3944684160016948,-0.47242162036826785,-0.048787501173622516,
mlp,43,raw,pinn_statistical:kl_entropy,joint,pinn_statistical,observed_reconstruction,mlp/pinn_statistical:kl_entropy/vs_raw,whole_model_comparison,matched,spatial_mlp,raw_spatial_mlp,1391030,497540,u10,m s**-1,12.0,True,1.3658854897319146,1.137305901724886,-0.2285795880070285,-0.2009833833275243,-0.035424400513446974,
mlp,43,raw,pinn_statistical:kl_entropy,joint,pinn_statistical,observed_reconstruction,mlp/pinn_statistical:kl_entropy/vs_raw,whole_model_comparison,matched,spatial_mlp,raw_spatial_mlp,1391030,497540,u10,m s**-1,18.0,True,1.5344520312987406,1.380863787369429,-0.1535882439293117,-0.111226208793483,-0.02958425443559365,
mlp,43,raw,pinn_statistical:kl_entropy,joint,pinn_statistical,observed_reconstruction,mlp/pinn_statistical:kl_entropy/vs_raw,whole_model_comparison,matched,spatial_mlp,raw_spatial_mlp,1391030,497540,u10,m s**-1,24.0,True,1.6775145050614364,1.5433121273987294,-0.13420237766270704,-0.08695737905520562,-0.029801520479169064,
mlp,43,raw,pinn_statistical:kl_entropy,joint,pinn_statistical,observed_reconstruction,mlp/pinn_statistical:kl_entropy/vs_raw,whole_model_comparison,matched,spatial_mlp,raw_spatial_mlp,1391030,497540,u10,m s**-1,30.0,True,1.8428430485264184,1.739061392384808,-0.1037816561416105,-0.059676821414161196,-0.027887049447186674,
mlp,43,raw,pinn_statistical:kl_entropy,joint,pinn_statistical,observed_reconstruction,mlp/pinn_statistical:kl_entropy/vs_raw,whole_model_comparison,matched,spatial_mlp,raw_spatial_mlp,1391030,497540,u10,m s**-1,36.0,True,1.9758693302485433,1.883755506536709,-0.09211382371183419,-0.048899033548778226,-0.02861396950495143,
mlp,43,raw,pinn_statistical:kl_entropy,joint,pinn_statistical,observed_reconstruction,mlp/pinn_statistical:kl_entropy/vs_raw,whole_model_comparison,matched,spatial_mlp,raw_spatial_mlp,1391030,497540,u10,m s**-1,42.0,True,2.0880891562869155,2.0142045518554115,-0.07388460443150402,-0.0366817781061235,-0.026816380665618422,
mlp,43,raw,pinn_statistical:kl_entropy,joint,pinn_statistical,observed_reconstruction,mlp/pinn_statistical:kl_entropy/vs_raw,whole_model_comparison,matched,spatial_mlp,raw_spatial_mlp,1391030,497540,u10,m s**-1,48.0,True,2.175577196679753,2.1063166997669294,-0.06926049691282365,-0.03288228067530752,-0.02741929137597765,
mlp,43,raw,pinn_statistical:kl_entropy,joint,pinn_statistical,observed_reconstruction,mlp/pinn_statistical:kl_entropy/vs_raw,whole_model_comparison,matched,spatial_mlp,raw_spatial_mlp,1391030,497540,u10,m s**-1,54.0,True,2.262754255107858,2.2156423465713373,-0.04711190853652081,-0.02126331833719708,-0.0225969598202006,
mlp,43,raw,pinn_statistical:kl_entropy,joint,pinn_statistical,observed_reconstruction,mlp/pinn_statistical:kl_entropy/vs_raw,whole_model_comparison,matched,spatial_mlp,raw_spatial_mlp,1391030,497540,u10,m s**-1,60.0,True,2.3376202679351845,2.297133872539249,-0.04048639539593557,-0.017624743546697186,-0.02179906926348507,
mlp,43,raw,pinn_statistical:kl_entropy,joint,pinn_statistical,observed_reconstruction,mlp/pinn_statistical:kl_entropy/vs_raw,whole_model_comparison,matched,spatial_mlp,raw_spatial_mlp,1391030,497540,u10,m s**-1,66.0,True,2.402816748785847,2.376890482774972,-0.02592626601087522,-0.010907640128461793,-0.01767971741814578,
mlp,43,raw,pinn_statistical:kl_entropy,joint,pinn_statistical,observed_reconstruction,mlp/pinn_statistical:kl_entropy/vs_raw,whole_model_comparison,matched,spatial_mlp,raw_spatial_mlp,1391030,497540,u10,m s**-1,72.0,True,2.4510060831303155,2.426441921475612,-0.024564161654703653,-0.010123531677100894,-0.017644304155483903,
mlp,43,raw,pinn_statistical:kl_entropy,joint,pinn_statistical,observed_reconstruction,mlp/pinn_statistical:kl_entropy/vs_raw,whole_model_comparison,matched,spatial_mlp,raw_spatial_mlp,1391030,497540,u10,m s**-1,78.0,True,2.5022469650827457,2.4925977208475993,-0.009649244235146348,-0.0038711598564189487,-0.012524345135156878,
mlp,43,raw,pinn_statistical:kl_entropy,joint,pinn_statistical,observed_reconstruction,mlp/pinn_statistical:kl_entropy/vs_raw,whole_model_comparison,matched,spatial_mlp,raw_spatial_mlp,1391030,497540,u10,m s**-1,84.0,True,2.544428012464493,2.5373624537854504,-0.007065558679042461,-0.0027846075630628686,-0.011755709972675832,
mlp,43,raw,pinn_statistical:kl_entropy,joint,pinn_statistical,observed_reconstruction,mlp/pinn_statistical:kl_entropy/vs_raw,whole_model_comparison,matched,spatial_mlp,raw_spatial_mlp,1391030,497540,u10,m s**-1,90.0,True,2.5871564420476134,2.5875336807603238,0.00037723871271033715,0.00014579084149335397,-0.008923989990498926,
mlp,43,raw,pinn_statistical:kl_entropy,joint,pinn_statistical,observed_reconstruction,mlp/pinn_statistical:kl_entropy/vs_raw,whole_model_comparison,matched,spatial_mlp,raw_spatial_mlp,1391030,497540,u10,m s**-1,96.0,True,2.612787376231823,2.6118206893470086,-0.0009666868848143828,-0.0003701199277412748,-0.009775889201441734,
mlp,43,raw,pinn_statistical:kl_entropy,joint,pinn_statistical,observed_reconstruction,mlp/pinn_statistical:kl_entropy/vs_raw,whole_model_comparison,matched,spatial_mlp,raw_spatial_mlp,1391030,497540,u10,m s**-1,102.0,True,2.6452764840549,2.654934359388056,0.009657875333155985,0.0036377077644141886,-0.005538574763503168,
mlp,43,raw,pinn_statistical:kl_entropy,joint,pinn_statistical,observed_reconstruction,mlp/pinn_statistical:kl_entropy/vs_raw,whole_model_comparison,matched,spatial_mlp,raw_spatial_mlp,1391030,497540,u10,m s**-1,108.0,True,2.669949047281531,2.6795900149766454,0.009640967695114355,0.0035979264145744594,-0.005902508591786204,
mlp,43,raw,pinn_statistical:kl_entropy,joint,pinn_statistical,observed_reconstruction,mlp/pinn_statistical:kl_entropy/vs_raw,whole_model_comparison,matched,spatial_mlp,raw_spatial_mlp,1391030,497540,u10,m s**-1,114.0,True,2.6991508839540486,2.7133126172812028,0.014161733327154202,0.00521935188630962,-0.004324993159753376,
mlp,43,raw,pinn_statistical:kl_entropy,joint,pinn_statistical,observed_reconstruction,mlp/pinn_statistical:kl_entropy/vs_raw,whole_model_comparison,matched,spatial_mlp,raw_spatial_mlp,1391030,497540,u10,m s**-1,120.0,True,2.7138085212340806,2.7240036137615498,0.010195092527469196,0.003742686858403621,-0.007110717085581253,
mlp,43,raw,pinn_statistical:kl_entropy,joint,pinn_statistical,observed_reconstruction,mlp/pinn_statistical:kl_entropy/vs_raw,whole_model_comparison,matched,spatial_mlp,raw_spatial_mlp,1391030,497540,v10,m s**-1,6.0,True,1.3438105322489153,0.8947725837525218,-0.44903794849639356,-0.5018458954265295,-0.05670695609085197,
mlp,43,raw,pinn_statistical:kl_entropy,joint,pinn_statistical,observed_reconstruction,mlp/pinn_statistical:kl_entropy/vs_raw,whole_model_comparison,matched,spatial_mlp,raw_spatial_mlp,1391030,497540,v10,m s**-1,12.0,True,1.4849430518262738,1.2332322408089305,-0.2517108110173434,-0.20410657675656885,-0.04017645556968852,
mlp,43,raw,pinn_statistical:kl_entropy,joint,pinn_statistical,observed_reconstruction,mlp/pinn_statistical:kl_entropy/vs_raw,whole_model_comparison,matched,spatial_mlp,raw_spatial_mlp,1391030,497540,v10,m s**-1,18.0,True,1.6642732928450226,1.4859922094007376,-0.17828108344428495,-0.11997444018645376,-0.03449193808922124,
mlp,43,raw,pinn_statistical:kl_entropy,joint,pinn_statistical,observed_reconstruction,mlp/pinn_statistical:kl_entropy/vs_raw,whole_model_comparison,matched,spatial_mlp,raw_spatial_mlp,1391030,497540,v10,m s**-1,24.0,True,1.8343982589330166,1.6797460193506963,-0.15465223958232022,-0.09206882338206146,-0.034914394068983334,
mlp,43,raw,pinn_statistical:kl_entropy,joint,pinn_statistical,observed_reconstruction,mlp/pinn_statistical:kl_entropy/vs_raw,whole_model_comparison,matched,spatial_mlp,raw_spatial_mlp,1391030,497540,v10,m s**-1,30.0,True,2.0058219867182694,1.8786519227059713,-0.12717006401229813,-0.06769219059437304,-0.034086768881935625,
mlp,43,raw,pinn_statistical:kl_entropy,joint,pinn_statistical,observed_reconstruction,mlp/pinn_statistical:kl_entropy/vs_raw,whole_model_comparison,matched,spatial_mlp,raw_spatial_mlp,1391030,497540,v10,m s**-1,36.0,True,2.1554870293517854,2.0430767356451933,-0.11241029370659206,-0.055020103623808936,-0.03476393716991777,
mlp,43,raw,pinn_statistical:kl_entropy,joint,pinn_statistical,observed_reconstruction,mlp/pinn_statistical:kl_entropy/vs_raw,whole_model_comparison,matched,spatial_mlp,raw_spatial_mlp,1391030,497540,v10,m s**-1,42.0,True,2.278829126938067,2.1775516973859057,-0.10127742955216146,-0.04650977043334592,-0.0356058537047963,
mlp,43,raw,pinn_statistical:kl_entropy,joint,pinn_statistical,observed_reconstruction,mlp/pinn_statistical:kl_entropy/vs_raw,whole_model_comparison,matched,spatial_mlp,raw_spatial_mlp,1391030,497540,v10,m s**-1,48.0,True,2.3819539120697177,2.288475465654049,-0.0934784464156686,-0.04084747589328086,-0.03618626676485592,
mlp,43,raw,pinn_statistical:kl_entropy,joint,pinn_statistical,observed_reconstruction,mlp/pinn_statistical:kl_entropy/vs_raw,whole_model_comparison,matched,spatial_mlp,raw_spatial_mlp,1391030,497540,v10,m s**-1,54.0,True,2.4705543390587335,2.395517937390831,-0.07503640166790237,-0.031323665123389244,-0.032526474395388805,
mlp,43,raw,pinn_statistical:kl_entropy,joint,pinn_statistical,observed_reconstruction,mlp/pinn_statistical:kl_entropy/vs_raw,whole_model_comparison,matched,spatial_mlp,raw_spatial_mlp,1391030,497540,v10,m s**-1,60.0,True,2.549108136840818,2.4880486963839847,-0.061059440456833425,-0.024541095415686387,-0.02894215029895464,
mlp,43,raw,pinn_statistical:kl_entropy,joint,pinn_statistical,observed_reconstruction,mlp/pinn_statistical:kl_entropy/vs_raw,whole_model_comparison,matched,spatial_mlp,raw_spatial_mlp,1391030,497540,v10,m s**-1,66.0,True,2.611702915969597,2.5633051964657834,-0.04839771950381344,-0.018880982089273912,-0.02501336184863967,
mlp,43,raw,pinn_statistical:kl_entropy,joint,pinn_statistical,observed_reconstruction,mlp/pinn_statistical:kl_entropy/vs_raw,whole_model_comparison,matched,spatial_mlp,raw_spatial_mlp,1391030,497540,v10,m s**-1,72.0,True,2.6651619893374403,2.624679472412976,-0.04048251692446447,-0.015423794543280911,-0.02195275877302405,
mlp,43,raw,pinn_statistical:kl_entropy,joint,pinn_statistical,observed_reconstruction,mlp/pinn_statistical:kl_entropy/vs_raw,whole_model_comparison,matched,spatial_mlp,raw_spatial_mlp,1391030,497540,v10,m s**-1,78.0,True,2.707892772668986,2.684023522309983,-0.02386925035900278,-0.008893085384907407,-0.014507932280748093,
mlp,43,raw,pinn_statistical:kl_entropy,joint,pinn_statistical,observed_reconstruction,mlp/pinn_statistical:kl_entropy/vs_raw,whole_model_comparison,matched,spatial_mlp,raw_spatial_mlp,1391030,497540,v10,m s**-1,84.0,True,2.751113330099327,2.735903989948633,-0.015209340150694306,-0.005559164432147989,-0.010026091317330954,
mlp,43,raw,pinn_statistical:kl_entropy,joint,pinn_statistical,observed_reconstruction,mlp/pinn_statistical:kl_entropy/vs_raw,whole_model_comparison,matched,spatial_mlp,raw_spatial_mlp,1391030,497540,v10,m s**-1,90.0,True,2.7824386055535917,2.7758310318789943,-0.006607573674597411,-0.0023803947714082785,-0.005239677002875975,
mlp,43,raw,pinn_statistical:kl_entropy,joint,pinn_statistical,observed_reconstruction,mlp/pinn_statistical:kl_entropy/vs_raw,whole_model_comparison,matched,spatial_mlp,raw_spatial_mlp,1391030,497540,v10,m s**-1,96.0,True,2.813287064330615,2.808166548029307,-0.00512051630130772,-0.0018234375396648517,-0.003945822724908787,
mlp,43,raw,pinn_statistical:kl_entropy,joint,pinn_statistical,observed_reconstruction,mlp/pinn_statistical:kl_entropy/vs_raw,whole_model_comparison,matched,spatial_mlp,raw_spatial_mlp,1391030,497540,v10,m s**-1,102.0,True,2.83413122648574,2.840566736647455,0.006435510161714841,0.002265572598132426,0.002935541952314047,
mlp,43,raw,pinn_statistical:kl_entropy,joint,pinn_statistical,observed_reconstruction,mlp/pinn_statistical:kl_entropy/vs_raw,whole_model_comparison,matched,spatial_mlp,raw_spatial_mlp,1391030,497540,v10,m s**-1,108.0,True,2.861422837413737,2.8702216274216563,0.008798790007919166,0.0030655437628428484,0.004612011880027078,
mlp,43,raw,pinn_statistical:kl_entropy,joint,pinn_statistical,observed_reconstruction,mlp/pinn_statistical:kl_entropy/vs_raw,whole_model_comparison,matched,spatial_mlp,raw_spatial_mlp,1391030,497540,v10,m s**-1,114.0,True,2.8782678530674435,2.8906978932720224,0.01243004020457894,0.004300013582709372,0.007173414816497914,
mlp,43,raw,pinn_statistical:kl_entropy,joint,pinn_statistical,observed_reconstruction,mlp/pinn_statistical:kl_entropy/vs_raw,whole_model_comparison,matched,spatial_mlp,raw_spatial_mlp,1391030,497540,v10,m s**-1,120.0,True,2.8977695810709645,2.9072708029903875,0.009501221919423042,0.003268089752647141,0.005527799093142216,
neural_ode,43,raw,pinn_statistical,joint,pinn_statistical,observed_reconstruction,neural_ode/pinn_statistical/vs_raw,whole_model_comparison,matched,spatial_neural_ode,raw_spatial_neural_ode,1391030,497540,msl,Pa,6.0,True,233.13201635595007,177.09480691276624,-56.037209443183826,-0.31642491623589364,-0.025753794907656835,
neural_ode,43,raw,pinn_statistical,joint,pinn_statistical,observed_reconstruction,neural_ode/pinn_statistical/vs_raw,whole_model_comparison,matched,spatial_neural_ode,raw_spatial_neural_ode,1391030,497540,msl,Pa,12.0,True,249.99725181773198,216.6649578689086,-33.33229394882338,-0.15384257000613277,-0.01854340375832575,
neural_ode,43,raw,pinn_statistical,joint,pinn_statistical,observed_reconstruction,neural_ode/pinn_statistical/vs_raw,whole_model_comparison,matched,spatial_neural_ode,raw_spatial_neural_ode,1391030,497540,msl,Pa,18.0,True,299.9358409385299,286.1493373989397,-13.786503539590228,-0.04817940053577541,-0.012508292550401423,
neural_ode,43,raw,pinn_statistical,joint,pinn_statistical,observed_reconstruction,neural_ode/pinn_statistical/vs_raw,whole_model_comparison,matched,spatial_neural_ode,raw_spatial_neural_ode,1391030,497540,msl,Pa,24.0,True,320.6157248106414,314.2503581276888,-6.365366682952583,-0.020255718150577806,-0.008898437048914798,
neural_ode,43,raw,pinn_statistical,joint,pinn_statistical,observed_reconstruction,neural_ode/pinn_statistical/vs_raw,whole_model_comparison,matched,spatial_neural_ode,raw_spatial_neural_ode,1391030,497540,msl,Pa,30.0,True,373.1894130505824,371.2040782114468,-1.9853348391355894,-0.005348364836672559,-0.008390446891954118,
neural_ode,43,raw,pinn_statistical,joint,pinn_statistical,observed_reconstruction,neural_ode/pinn_statistical/vs_raw,whole_model_comparison,matched,spatial_neural_ode,raw_spatial_neural_ode,1391030,497540,msl,Pa,36.0,True,403.1982217437565,401.5838214349232,-1.6144003088332965,-0.004020083037869382,-0.009218237066710877,
neural_ode,43,raw,pinn_statistical,joint,pinn_statistical,observed_reconstruction,neural_ode/pinn_statistical/vs_raw,whole_model_comparison,matched,spatial_neural_ode,raw_spatial_neural_ode,1391030,497540,msl,Pa,42.0,True,435.40887472135336,436.94053673769366,1.5316620163403059,0.003505424394303347,-0.007334682149111815,
neural_ode,43,raw,pinn_statistical,joint,pinn_statistical,observed_reconstruction,neural_ode/pinn_statistical/vs_raw,whole_model_comparison,matched,spatial_neural_ode,raw_spatial_neural_ode,1391030,497540,msl,Pa,48.0,True,450.93099618349606,453.31306167282446,2.3820654893283972,0.0052547912044229594,-0.005407515118216577,
neural_ode,43,raw,pinn_statistical,joint,pinn_statistical,observed_reconstruction,neural_ode/pinn_statistical/vs_raw,whole_model_comparison,matched,spatial_neural_ode,raw_spatial_neural_ode,1391030,497540,msl,Pa,54.0,True,480.2924647009366,485.76394134034933,5.471476639412742,0.01126365333811219,-0.0023137596030869956,
neural_ode,43,raw,pinn_statistical,joint,pinn_statistical,observed_reconstruction,neural_ode/pinn_statistical/vs_raw,whole_model_comparison,matched,spatial_neural_ode,raw_spatial_neural_ode,1391030,497540,msl,Pa,60.0,True,500.5059088656013,503.9991788072774,3.4932699416760897,0.006931102447315429,-0.004414809060859781,
neural_ode,43,raw,pinn_statistical,joint,pinn_statistical,observed_reconstruction,neural_ode/pinn_statistical/vs_raw,whole_model_comparison,matched,spatial_neural_ode,raw_spatial_neural_ode,1391030,497540,msl,Pa,66.0,True,518.3007970770365,524.7611854033463,6.46038832630984,0.012311101708759598,0.00033954453192330813,
neural_ode,43,raw,pinn_statistical,joint,pinn_statistical,observed_reconstruction,neural_ode/pinn_statistical/vs_raw,whole_model_comparison,matched,spatial_neural_ode,raw_spatial_neural_ode,1391030,497540,msl,Pa,72.0,True,525.6727986262213,531.9062554831041,6.233456856882867,0.011719089205336264,0.0020926219388687217,
neural_ode,43,raw,pinn_statistical,joint,pinn_statistical,observed_reconstruction,neural_ode/pinn_statistical/vs_raw,whole_model_comparison,matched,spatial_neural_ode,raw_spatial_neural_ode,1391030,497540,msl,Pa,78.0,True,543.5986283393607,553.2173173426969,9.618689003336158,0.017386818347513433,0.008307191566088279,
neural_ode,43,raw,pinn_statistical,joint,pinn_statistical,observed_reconstruction,neural_ode/pinn_statistical/vs_raw,whole_model_comparison,matched,spatial_neural_ode,raw_spatial_neural_ode,1391030,497540,msl,Pa,84.0,True,556.1215352979606,563.9399833827276,7.818448084767056,0.013863971903302574,0.006757275934593854,
neural_ode,43,raw,pinn_statistical,joint,pinn_statistical,observed_reconstruction,neural_ode/pinn_statistical/vs_raw,whole_model_comparison,matched,spatial_neural_ode,raw_spatial_neural_ode,1391030,497540,msl,Pa,90.0,True,567.7556142551889,577.253472586959,9.49785833177009,0.016453531737462668,0.011123730070623061,
neural_ode,43,raw,pinn_statistical,joint,pinn_statistical,observed_reconstruction,neural_ode/pinn_statistical/vs_raw,whole_model_comparison,matched,spatial_neural_ode,raw_spatial_neural_ode,1391030,497540,msl,Pa,96.0,True,569.9369769850159,578.9510524973076,9.014075512291697,0.01556966771786572,0.01223547516981871,
neural_ode,43,raw,pinn_statistical,joint,pinn_statistical,observed_reconstruction,neural_ode/pinn_statistical/vs_raw,whole_model_comparison,matched,spatial_neural_ode,raw_spatial_neural_ode,1391030,497540,msl,Pa,102.0,True,583.128889632226,594.698029097599,11.569139465373041,0.019453804955311793,0.018533641426368153,
neural_ode,43,raw,pinn_statistical,joint,pinn_statistical,observed_reconstruction,neural_ode/pinn_statistical/vs_raw,whole_model_comparison,matched,spatial_neural_ode,raw_spatial_neural_ode,1391030,497540,msl,Pa,108.0,True,591.0988704656031,600.9027637146359,9.80389324903274,0.016315274019422787,0.01649836854782638,
neural_ode,43,raw,pinn_statistical,joint,pinn_statistical,observed_reconstruction,neural_ode/pinn_statistical/vs_raw,whole_model_comparison,matched,spatial_neural_ode,raw_spatial_neural_ode,1391030,497540,msl,Pa,114.0,True,599.5609164166764,610.081770477383,10.520854060706597,0.017244990048586706,0.01933401035210708,
neural_ode,43,raw,pinn_statistical,joint,pinn_statistical,observed_reconstruction,neural_ode/pinn_statistical/vs_raw,whole_model_comparison,matched,spatial_neural_ode,raw_spatial_neural_ode,1391030,497540,msl,Pa,120.0,True,598.9509489804288,608.5056052899156,9.554656309486745,0.0157018377915098,0.01853343214909914,
neural_ode,43,raw,pinn_statistical,joint,pinn_statistical,observed_reconstruction,neural_ode/pinn_statistical/vs_raw,whole_model_comparison,matched,spatial_neural_ode,raw_spatial_neural_ode,1391030,497540,t2m,K,6.0,True,2.8012973598140904,2.314967448369814,-0.4863299114442765,-0.21008066950865634,-0.05166556330361105,
neural_ode,43,raw,pinn_statistical,joint,pinn_statistical,observed_reconstruction,neural_ode/pinn_statistical/vs_raw,whole_model_comparison,matched,spatial_neural_ode,raw_spatial_neural_ode,1391030,497540,t2m,K,12.0,True,3.1493661956969023,2.9011231551766414,-0.24824304052026092,-0.08556790844170359,-0.033522949455963236,
neural_ode,43,raw,pinn_statistical,joint,pinn_statistical,observed_reconstruction,neural_ode/pinn_statistical/vs_raw,whole_model_comparison,matched,spatial_neural_ode,raw_spatial_neural_ode,1391030,497540,t2m,K,18.0,True,2.5869739318808946,2.323924779706384,-0.26304915217451086,-0.1131917669933129,-0.03438186969788415,
neural_ode,43,raw,pinn_statistical,joint,pinn_statistical,observed_reconstruction,neural_ode/pinn_statistical/vs_raw,whole_model_comparison,matched,spatial_neural_ode,raw_spatial_neural_ode,1391030,497540,t2m,K,24.0,True,1.811360716664143,1.6336673982734764,-0.1776933183906666,-0.10876958099210388,-0.019778887495791708,
neural_ode,43,raw,pinn_statistical,joint,pinn_statistical,observed_reconstruction,neural_ode/pinn_statistical/vs_raw,whole_model_comparison,matched,spatial_neural_ode,raw_spatial_neural_ode,1391030,497540,t2m,K,30.0,True,2.5747067612857713,2.5332381350056807,-0.041468626280090515,-0.016369809733658425,-0.014076012886940714,
neural_ode,43,raw,pinn_statistical,joint,pinn_statistical,observed_reconstruction,neural_ode/pinn_statistical/vs_raw,whole_model_comparison,matched,spatial_neural_ode,raw_spatial_neural_ode,1391030,497540,t2m,K,36.0,True,3.030664921428789,2.9393031223562307,-0.09136179907255837,-0.031082809519598076,-0.019686559906405998,
neural_ode,43,raw,pinn_statistical,joint,pinn_statistical,observed_reconstruction,neural_ode/pinn_statistical/vs_raw,whole_model_comparison,matched,spatial_neural_ode,raw_spatial_neural_ode,1391030,497540,t2m,K,42.0,True,2.5722499839636206,2.4442559574757805,-0.12799402648784008,-0.05236523044829622,-0.021437031774779958,
neural_ode,43,raw,pinn_statistical,joint,pinn_statistical,observed_reconstruction,neural_ode/pinn_statistical/vs_raw,whole_model_comparison,matched,spatial_neural_ode,raw_spatial_neural_ode,1391030,497540,t2m,K,48.0,True,1.9305301304280196,1.8765586112297736,-0.05397151919824594,-0.028760902470760907,-0.010795301932690737,
neural_ode,43,raw,pinn_statistical,joint,pinn_statistical,observed_reconstruction,neural_ode/pinn_statistical/vs_raw,whole_model_comparison,matched,spatial_neural_ode,raw_spatial_neural_ode,1391030,497540,t2m,K,54.0,True,2.671323213396494,2.662057828119869,-0.009265385276624905,-0.0034805349375781613,-0.009758370442652486,
neural_ode,43,raw,pinn_statistical,joint,pinn_statistical,observed_reconstruction,neural_ode/pinn_statistical/vs_raw,whole_model_comparison,matched,spatial_neural_ode,raw_spatial_neural_ode,1391030,497540,t2m,K,60.0,True,3.1055920510732786,3.035738688670778,-0.06985336240250062,-0.02301033440829081,-0.015137586262525149,
neural_ode,43,raw,pinn_statistical,joint,pinn_statistical,observed_reconstruction,neural_ode/pinn_statistical/vs_raw,whole_model_comparison,matched,spatial_neural_ode,raw_spatial_neural_ode,1391030,497540,t2m,K,66.0,True,2.6845533738060876,2.582350256106533,-0.10220311769955481,-0.03957755825642684,-0.01798993656137904,
neural_ode,43,raw,pinn_statistical,joint,pinn_statistical,observed_reconstruction,neural_ode/pinn_statistical/vs_raw,whole_model_comparison,matched,spatial_neural_ode,raw_spatial_neural_ode,1391030,497540,t2m,K,72.0,True,2.103403979313426,2.076500697806323,-0.02690328150710286,-0.012956066682531908,-0.008905231277290038,
neural_ode,43,raw,pinn_statistical,joint,pinn_statistical,observed_reconstruction,neural_ode/pinn_statistical/vs_raw,whole_model_comparison,matched,spatial_neural_ode,raw_spatial_neural_ode,1391030,497540,t2m,K,78.0,True,2.784492277547175,2.7894270345285967,0.00493475698142154,0.001769093408910627,-0.006683882804292995,
neural_ode,43,raw,pinn_statistical,joint,pinn_statistical,observed_reconstruction,neural_ode/pinn_statistical/vs_raw,whole_model_comparison,matched,spatial_neural_ode,raw_spatial_neural_ode,1391030,497540,t2m,K,84.0,True,3.183764269525283,3.1344793813664134,-0.049284888158869666,-0.015723468609126767,-0.009574369604859578,
neural_ode,43,raw,pinn_statistical,joint,pinn_statistical,observed_reconstruction,neural_ode/pinn_statistical/vs_raw,whole_model_comparison,matched,spatial_neural_ode,raw_spatial_neural_ode,1391030,497540,t2m,K,90.0,True,2.7729307513312937,2.695465079030923,-0.0774656723003706,-0.028739260212646167,-0.01423834240655153,
neural_ode,43,raw,pinn_statistical,joint,pinn_statistical,observed_reconstruction,neural_ode/pinn_statistical/vs_raw,whole_model_comparison,matched,spatial_neural_ode,raw_spatial_neural_ode,1391030,497540,t2m,K,96.0,True,2.222609046229154,2.2203626091626454,-0.002246437066508733,-0.001011743332930637,-0.00724208444229546,
neural_ode,43,raw,pinn_statistical,joint,pinn_statistical,observed_reconstruction,neural_ode/pinn_statistical/vs_raw,whole_model_comparison,matched,spatial_neural_ode,raw_spatial_neural_ode,1391030,497540,t2m,K,102.0,True,2.868014791623141,2.8900933544389154,0.022078562815774472,0.007639394340623551,-0.0037958370891056914,
neural_ode,43,raw,pinn_statistical,joint,pinn_statistical,observed_reconstruction,neural_ode/pinn_statistical/vs_raw,whole_model_comparison,matched,spatial_neural_ode,raw_spatial_neural_ode,1391030,497540,t2m,K,108.0,True,3.2442005630219013,3.219944468755459,-0.024256094266442485,-0.0075330784433738085,-0.004193986519477,
neural_ode,43,raw,pinn_statistical,joint,pinn_statistical,observed_reconstruction,neural_ode/pinn_statistical/vs_raw,whole_model_comparison,matched,spatial_neural_ode,raw_spatial_neural_ode,1391030,497540,t2m,K,114.0,True,2.8335677973253333,2.786768076219386,-0.046799721105947434,-0.016793547157837985,-0.010578805920531398,
neural_ode,43,raw,pinn_statistical,joint,pinn_statistical,observed_reconstruction,neural_ode/pinn_statistical/vs_raw,whole_model_comparison,matched,spatial_neural_ode,raw_spatial_neural_ode,1391030,497540,t2m,K,120.0,True,2.30130563139236,2.3339890068797366,0.032683375487376765,0.014003225975374511,-0.0057372851986192686,
neural_ode,43,raw,pinn_statistical,joint,pinn_statistical,observed_reconstruction,neural_ode/pinn_statistical/vs_raw,whole_model_comparison,matched,spatial_neural_ode,raw_spatial_neural_ode,1391030,497540,u10,m s**-1,6.0,True,1.239454621563723,0.8323065668866598,-0.40714805467706316,-0.4891803944309223,-0.050474486022574316,
neural_ode,43,raw,pinn_statistical,joint,pinn_statistical,observed_reconstruction,neural_ode/pinn_statistical/vs_raw,whole_model_comparison,matched,spatial_neural_ode,raw_spatial_neural_ode,1391030,497540,u10,m s**-1,12.0,True,1.3696737174608256,1.1347890772426583,-0.23488464021816724,-0.20698528469175637,-0.03634299024983412,
neural_ode,43,raw,pinn_statistical,joint,pinn_statistical,observed_reconstruction,neural_ode/pinn_statistical/vs_raw,whole_model_comparison,matched,spatial_neural_ode,raw_spatial_neural_ode,1391030,497540,u10,m s**-1,18.0,True,1.5444211056350703,1.3805019093481952,-0.16391919628687512,-0.11873884069039042,-0.031197675097594302,
neural_ode,43,raw,pinn_statistical,joint,pinn_statistical,observed_reconstruction,neural_ode/pinn_statistical/vs_raw,whole_model_comparison,matched,spatial_neural_ode,raw_spatial_neural_ode,1391030,497540,u10,m s**-1,24.0,True,1.6825956473856865,1.5430521282997143,-0.13954351908597218,-0.09043344455234625,-0.030547831159923433,
neural_ode,43,raw,pinn_statistical,joint,pinn_statistical,observed_reconstruction,neural_ode/pinn_statistical/vs_raw,whole_model_comparison,matched,spatial_neural_ode,raw_spatial_neural_ode,1391030,497540,u10,m s**-1,30.0,True,1.8441032203675574,1.7415276634611436,-0.10257555690641373,-0.05889975741330078,-0.027151808950339418,
neural_ode,43,raw,pinn_statistical,joint,pinn_statistical,observed_reconstruction,neural_ode/pinn_statistical/vs_raw,whole_model_comparison,matched,spatial_neural_ode,raw_spatial_neural_ode,1391030,497540,u10,m s**-1,36.0,True,1.974489536243125,1.8863670608032546,-0.0881224754398704,-0.046715444343237156,-0.027125949524467896,
neural_ode,43,raw,pinn_statistical,joint,pinn_statistical,observed_reconstruction,neural_ode/pinn_statistical/vs_raw,whole_model_comparison,matched,spatial_neural_ode,raw_spatial_neural_ode,1391030,497540,u10,m s**-1,42.0,True,2.085952281472374,2.016348992153157,-0.06960328931921689,-0.03451946542492679,-0.025127694291982583,
neural_ode,43,raw,pinn_statistical,joint,pinn_statistical,observed_reconstruction,neural_ode/pinn_statistical/vs_raw,whole_model_comparison,matched,spatial_neural_ode,raw_spatial_neural_ode,1391030,497540,u10,m s**-1,48.0,True,2.172543559948538,2.1075859095171277,-0.06495765043141022,-0.03082087906266784,-0.025839224374460623,
neural_ode,43,raw,pinn_statistical,joint,pinn_statistical,observed_reconstruction,neural_ode/pinn_statistical/vs_raw,whole_model_comparison,matched,spatial_neural_ode,raw_spatial_neural_ode,1391030,497540,u10,m s**-1,54.0,True,2.258501551005094,2.216662729666109,-0.041838821338984644,-0.018874689766307684,-0.020712335077674227,
neural_ode,43,raw,pinn_statistical,joint,pinn_statistical,observed_reconstruction,neural_ode/pinn_statistical/vs_raw,whole_model_comparison,matched,spatial_neural_ode,raw_spatial_neural_ode,1391030,497540,u10,m s**-1,60.0,True,2.3333089008324532,2.297786336012991,-0.035522564819462144,-0.015459472563971843,-0.020164771923151692,
neural_ode,43,raw,pinn_statistical,joint,pinn_statistical,observed_reconstruction,neural_ode/pinn_statistical/vs_raw,whole_model_comparison,matched,spatial_neural_ode,raw_spatial_neural_ode,1391030,497540,u10,m s**-1,66.0,True,2.3967919317171136,2.3769606296520904,-0.01983130206502315,-0.00834313442874568,-0.015474768404503791,
neural_ode,43,raw,pinn_statistical,joint,pinn_statistical,observed_reconstruction,neural_ode/pinn_statistical/vs_raw,whole_model_comparison,matched,spatial_neural_ode,raw_spatial_neural_ode,1391030,497540,u10,m s**-1,72.0,True,2.445389447202696,2.4267183223894366,-0.018671124813259166,-0.007693981061170252,-0.015559027474228881,
neural_ode,43,raw,pinn_statistical,joint,pinn_statistical,observed_reconstruction,neural_ode/pinn_statistical/vs_raw,whole_model_comparison,matched,spatial_neural_ode,raw_spatial_neural_ode,1391030,497540,u10,m s**-1,78.0,True,2.4944416749089866,2.4935487797170826,-0.0008928951919040529,-0.0003580821033728476,-0.009026187139474562,
neural_ode,43,raw,pinn_statistical,joint,pinn_statistical,observed_reconstruction,neural_ode/pinn_statistical/vs_raw,whole_model_comparison,matched,spatial_neural_ode,raw_spatial_neural_ode,1391030,497540,u10,m s**-1,84.0,True,2.5378170073905144,2.5385668058451833,0.0007497984546689374,0.0002953629004138758,-0.008548724118914386,
neural_ode,43,raw,pinn_statistical,joint,pinn_statistical,observed_reconstruction,neural_ode/pinn_statistical/vs_raw,whole_model_comparison,matched,spatial_neural_ode,raw_spatial_neural_ode,1391030,497540,u10,m s**-1,90.0,True,2.5779875611171876,2.5886625166797486,0.010674955562560928,0.004123733972187571,-0.004093413154446335,
neural_ode,43,raw,pinn_statistical,joint,pinn_statistical,observed_reconstruction,neural_ode/pinn_statistical/vs_raw,whole_model_comparison,matched,spatial_neural_ode,raw_spatial_neural_ode,1391030,497540,u10,m s**-1,96.0,True,2.605822071068871,2.6132410001842463,0.007418929115375228,0.002838976242471425,-0.005581243491977916,
neural_ode,43,raw,pinn_statistical,joint,pinn_statistical,observed_reconstruction,neural_ode/pinn_statistical/vs_raw,whole_model_comparison,matched,spatial_neural_ode,raw_spatial_neural_ode,1391030,497540,u10,m s**-1,102.0,True,2.636832634507651,2.656929896240982,0.020097261733331262,0.007564091834626474,0.00028041473234252656,
neural_ode,43,raw,pinn_statistical,joint,pinn_statistical,observed_reconstruction,neural_ode/pinn_statistical/vs_raw,whole_model_comparison,matched,spatial_neural_ode,raw_spatial_neural_ode,1391030,497540,u10,m s**-1,108.0,True,2.663867033655365,2.6815061303898737,0.017639096734508808,0.006578055718240772,-0.0008393110615909083,
neural_ode,43,raw,pinn_statistical,joint,pinn_statistical,observed_reconstruction,neural_ode/pinn_statistical/vs_raw,whole_model_comparison,matched,spatial_neural_ode,raw_spatial_neural_ode,1391030,497540,u10,m s**-1,114.0,True,2.692013381958842,2.715261618474428,0.02324823651558594,0.008562061334129512,0.0021353326778207893,
neural_ode,43,raw,pinn_statistical,joint,pinn_statistical,observed_reconstruction,neural_ode/pinn_statistical/vs_raw,whole_model_comparison,matched,spatial_neural_ode,raw_spatial_neural_ode,1391030,497540,u10,m s**-1,120.0,True,2.7094868842782502,2.726143667828073,0.016656783549822585,0.0061100167780566705,-0.0016273670888854452,
neural_ode,43,raw,pinn_statistical,joint,pinn_statistical,observed_reconstruction,neural_ode/pinn_statistical/vs_raw,whole_model_comparison,matched,spatial_neural_ode,raw_spatial_neural_ode,1391030,497540,v10,m s**-1,6.0,True,1.3382692789040285,0.9026687073184408,-0.4356005715855876,-0.4825697047587114,-0.05475329571773946,
neural_ode,43,raw,pinn_statistical,joint,pinn_statistical,observed_reconstruction,neural_ode/pinn_statistical/vs_raw,whole_model_comparison,matched,spatial_neural_ode,raw_spatial_neural_ode,1391030,497540,v10,m s**-1,12.0,True,1.481439319446735,1.2511567478211205,-0.2302825716256145,-0.18405573244651374,-0.03690323811158114,
neural_ode,43,raw,pinn_statistical,joint,pinn_statistical,observed_reconstruction,neural_ode/pinn_statistical/vs_raw,whole_model_comparison,matched,spatial_neural_ode,raw_spatial_neural_ode,1391030,497540,v10,m s**-1,18.0,True,1.6655960437715729,1.5031998909362592,-0.16239615283531372,-0.10803363798421128,-0.031850431566770254,
neural_ode,43,raw,pinn_statistical,joint,pinn_statistical,observed_reconstruction,neural_ode/pinn_statistical/vs_raw,whole_model_comparison,matched,spatial_neural_ode,raw_spatial_neural_ode,1391030,497540,v10,m s**-1,24.0,True,1.8323192484797353,1.6954323675558052,-0.1368868809239301,-0.08073862664381659,-0.0315079595670813,
neural_ode,43,raw,pinn_statistical,joint,pinn_statistical,observed_reconstruction,neural_ode/pinn_statistical/vs_raw,whole_model_comparison,matched,spatial_neural_ode,raw_spatial_neural_ode,1391030,497540,v10,m s**-1,30.0,True,2.0008291423733415,1.893602932393698,-0.1072262099796435,-0.05662549848510179,-0.029585104547734775,
neural_ode,43,raw,pinn_statistical,joint,pinn_statistical,observed_reconstruction,neural_ode/pinn_statistical/vs_raw,whole_model_comparison,matched,spatial_neural_ode,raw_spatial_neural_ode,1391030,497540,v10,m s**-1,36.0,True,2.1470340723294927,2.0565017410810444,-0.09053233124844828,-0.044022491904557315,-0.02908125907036152,
neural_ode,43,raw,pinn_statistical,joint,pinn_statistical,observed_reconstruction,neural_ode/pinn_statistical/vs_raw,whole_model_comparison,matched,spatial_neural_ode,raw_spatial_neural_ode,1391030,497540,v10,m s**-1,42.0,True,2.2702868445877895,2.187617633816316,-0.08266921077147371,-0.03778960705635592,-0.0302486813735946,
neural_ode,43,raw,pinn_statistical,joint,pinn_statistical,observed_reconstruction,neural_ode/pinn_statistical/vs_raw,whole_model_comparison,matched,spatial_neural_ode,raw_spatial_neural_ode,1391030,497540,v10,m s**-1,48.0,True,2.372454622200831,2.294634904512286,-0.07781971768854534,-0.03391376882462516,-0.03125977383192091,
neural_ode,43,raw,pinn_statistical,joint,pinn_statistical,observed_reconstruction,neural_ode/pinn_statistical/vs_raw,whole_model_comparison,matched,spatial_neural_ode,raw_spatial_neural_ode,1391030,497540,v10,m s**-1,54.0,True,2.462345663193564,2.397081968489818,-0.06526369470374593,-0.027226309138215443,-0.029458068657341796,
neural_ode,43,raw,pinn_statistical,joint,pinn_statistical,observed_reconstruction,neural_ode/pinn_statistical/vs_raw,whole_model_comparison,matched,spatial_neural_ode,raw_spatial_neural_ode,1391030,497540,v10,m s**-1,60.0,True,2.5406198061000165,2.486642129878211,-0.05397767622180538,-0.021707054494588318,-0.026851637904169556,
neural_ode,43,raw,pinn_statistical,joint,pinn_statistical,observed_reconstruction,neural_ode/pinn_statistical/vs_raw,whole_model_comparison,matched,spatial_neural_ode,raw_spatial_neural_ode,1391030,497540,v10,m s**-1,66.0,True,2.6066530603202276,2.559743043437474,-0.046910016882753425,-0.018326064798972252,-0.025221643174359043,
neural_ode,43,raw,pinn_statistical,joint,pinn_statistical,observed_reconstruction,neural_ode/pinn_statistical/vs_raw,whole_model_comparison,matched,spatial_neural_ode,raw_spatial_neural_ode,1391030,497540,v10,m s**-1,72.0,True,2.6601439773322744,2.6198896520623816,-0.04025432526989281,-0.01536489341763092,-0.022769558688464864,
neural_ode,43,raw,pinn_statistical,joint,pinn_statistical,observed_reconstruction,neural_ode/pinn_statistical/vs_raw,whole_model_comparison,matched,spatial_neural_ode,raw_spatial_neural_ode,1391030,497540,v10,m s**-1,78.0,True,2.705403701363111,2.6779690566338568,-0.027434644729254387,-0.01024457122134903,-0.01733676682478774,
neural_ode,43,raw,pinn_statistical,joint,pinn_statistical,observed_reconstruction,neural_ode/pinn_statistical/vs_raw,whole_model_comparison,matched,spatial_neural_ode,raw_spatial_neural_ode,1391030,497540,v10,m s**-1,84.0,True,2.747684345673582,2.730147540285486,-0.017536805388096433,-0.006423391091260555,-0.012407348893585746,
neural_ode,43,raw,pinn_statistical,joint,pinn_statistical,observed_reconstruction,neural_ode/pinn_statistical/vs_raw,whole_model_comparison,matched,spatial_neural_ode,raw_spatial_neural_ode,1391030,497540,v10,m s**-1,90.0,True,2.7830801747665017,2.7708249586372995,-0.012255216129202218,-0.0044229485124998025,-0.009438644226212212,
neural_ode,43,raw,pinn_statistical,joint,pinn_statistical,observed_reconstruction,neural_ode/pinn_statistical/vs_raw,whole_model_comparison,matched,spatial_neural_ode,raw_spatial_neural_ode,1391030,497540,v10,m s**-1,96.0,True,2.813228882151726,2.80410344665275,-0.009125435498976042,-0.0032543148541359646,-0.0071112504312145774,
neural_ode,43,raw,pinn_statistical,joint,pinn_statistical,observed_reconstruction,neural_ode/pinn_statistical/vs_raw,whole_model_comparison,matched,spatial_neural_ode,raw_spatial_neural_ode,1391030,497540,v10,m s**-1,102.0,True,2.8370733704240867,2.836827486835201,-0.00024588358888566475,-8.667555218866418e-05,-0.0018046848262711634,
neural_ode,43,raw,pinn_statistical,joint,pinn_statistical,observed_reconstruction,neural_ode/pinn_statistical/vs_raw,whole_model_comparison,matched,spatial_neural_ode,raw_spatial_neural_ode,1391030,497540,v10,m s**-1,108.0,True,2.8628878810261806,2.867644273207557,0.0047563921813762455,0.001658640935981892,0.001704375002861247,
neural_ode,43,raw,pinn_statistical,joint,pinn_statistical,observed_reconstruction,neural_ode/pinn_statistical/vs_raw,whole_model_comparison,matched,spatial_neural_ode,raw_spatial_neural_ode,1391030,497540,v10,m s**-1,114.0,True,2.883358559776837,2.8893365923714667,0.005978032594629479,0.002068998333531913,0.0030064277162930586,
neural_ode,43,raw,pinn_statistical,joint,pinn_statistical,observed_reconstruction,neural_ode/pinn_statistical/vs_raw,whole_model_comparison,matched,spatial_neural_ode,raw_spatial_neural_ode,1391030,497540,v10,m s**-1,120.0,True,2.901464459205772,2.906877665604785,0.005413206399013326,0.0018622064709031827,0.0032974541189212947,
neural_ode,43,raw,pinn_statistical:kl_entropy,joint,pinn_statistical,observed_reconstruction,neural_ode/pinn_statistical:kl_entropy/vs_raw,whole_model_comparison,matched,spatial_neural_ode,raw_spatial_neural_ode,1391030,497540,msl,Pa,6.0,True,235.43866193104358,177.09480691276624,-58.34385501827734,-0.32944983557319385,-0.027344369849777506,
neural_ode,43,raw,pinn_statistical:kl_entropy,joint,pinn_statistical,observed_reconstruction,neural_ode/pinn_statistical:kl_entropy/vs_raw,whole_model_comparison,matched,spatial_neural_ode,raw_spatial_neural_ode,1391030,497540,msl,Pa,12.0,True,252.73508718802157,216.6649578689086,-36.070129319112965,-0.16647883291278198,-0.020009912368657234,
neural_ode,43,raw,pinn_statistical:kl_entropy,joint,pinn_statistical,observed_reconstruction,neural_ode/pinn_statistical:kl_entropy/vs_raw,whole_model_comparison,matched,spatial_neural_ode,raw_spatial_neural_ode,1391030,497540,msl,Pa,18.0,True,301.28132139032175,286.1493373989397,-15.131983991382072,-0.052881422438122216,-0.013403065912786505,
neural_ode,43,raw,pinn_statistical:kl_entropy,joint,pinn_statistical,observed_reconstruction,neural_ode/pinn_statistical:kl_entropy/vs_raw,whole_model_comparison,matched,spatial_neural_ode,raw_spatial_neural_ode,1391030,497540,msl,Pa,24.0,True,321.71873441410787,314.2503581276888,-7.468376286419073,-0.023765689022331893,-0.009428034086533144,
neural_ode,43,raw,pinn_statistical:kl_entropy,joint,pinn_statistical,observed_reconstruction,neural_ode/pinn_statistical:kl_entropy/vs_raw,whole_model_comparison,matched,spatial_neural_ode,raw_spatial_neural_ode,1391030,497540,msl,Pa,30.0,True,374.73542448101625,371.2040782114468,-3.5313462695694398,-0.009513220562080926,-0.009578438739366035,
neural_ode,43,raw,pinn_statistical:kl_entropy,joint,pinn_statistical,observed_reconstruction,neural_ode/pinn_statistical:kl_entropy/vs_raw,whole_model_comparison,matched,spatial_neural_ode,raw_spatial_neural_ode,1391030,497540,msl,Pa,36.0,True,403.4232318578326,401.5838214349232,-1.8394104229093955,-0.004580389758573666,-0.009145603040367822,
neural_ode,43,raw,pinn_statistical:kl_entropy,joint,pinn_statistical,observed_reconstruction,neural_ode/pinn_statistical:kl_entropy/vs_raw,whole_model_comparison,matched,spatial_neural_ode,raw_spatial_neural_ode,1391030,497540,msl,Pa,42.0,True,436.534192545351,436.94053673769366,0.40634419234265806,0.0009299759536538499,-0.008387366857905865,
neural_ode,43,raw,pinn_statistical:kl_entropy,joint,pinn_statistical,observed_reconstruction,neural_ode/pinn_statistical:kl_entropy/vs_raw,whole_model_comparison,matched,spatial_neural_ode,raw_spatial_neural_ode,1391030,497540,msl,Pa,48.0,True,451.7988312100981,453.31306167282446,1.5142304627263456,0.0033403636267141934,-0.006193453552634232,
neural_ode,43,raw,pinn_statistical:kl_entropy,joint,pinn_statistical,observed_reconstruction,neural_ode/pinn_statistical:kl_entropy/vs_raw,whole_model_comparison,matched,spatial_neural_ode,raw_spatial_neural_ode,1391030,497540,msl,Pa,54.0,True,482.2576787742689,485.76394134034933,3.5062625660804088,0.007218037955649237,-0.004924066122592774,
neural_ode,43,raw,pinn_statistical:kl_entropy,joint,pinn_statistical,observed_reconstruction,neural_ode/pinn_statistical:kl_entropy/vs_raw,whole_model_comparison,matched,spatial_neural_ode,raw_spatial_neural_ode,1391030,497540,msl,Pa,60.0,True,501.47568024943956,503.9991788072774,2.523498557837854,0.005006949741088396,-0.00600248895917721,
neural_ode,43,raw,pinn_statistical:kl_entropy,joint,pinn_statistical,observed_reconstruction,neural_ode/pinn_statistical:kl_entropy/vs_raw,whole_model_comparison,matched,spatial_neural_ode,raw_spatial_neural_ode,1391030,497540,msl,Pa,66.0,True,520.4772779858764,524.7611854033463,4.283907417469891,0.008163537122466757,-0.0033412564850322513,
neural_ode,43,raw,pinn_statistical:kl_entropy,joint,pinn_statistical,observed_reconstruction,neural_ode/pinn_statistical:kl_entropy/vs_raw,whole_model_comparison,matched,spatial_neural_ode,raw_spatial_neural_ode,1391030,497540,msl,Pa,72.0,True,527.3829821617696,531.9062554831041,4.5232733213345,0.00850389194469281,-0.0010972000228415268,
neural_ode,43,raw,pinn_statistical:kl_entropy,joint,pinn_statistical,observed_reconstruction,neural_ode/pinn_statistical:kl_entropy/vs_raw,whole_model_comparison,matched,spatial_neural_ode,raw_spatial_neural_ode,1391030,497540,msl,Pa,78.0,True,546.4742787551339,553.2173173426969,6.743038587562978,0.012188769903213159,0.0027361029340361442,
neural_ode,43,raw,pinn_statistical:kl_entropy,joint,pinn_statistical,observed_reconstruction,neural_ode/pinn_statistical:kl_entropy/vs_raw,whole_model_comparison,matched,spatial_neural_ode,raw_spatial_neural_ode,1391030,497540,msl,Pa,84.0,True,558.1973135387132,563.9399833827276,5.742669844014472,0.010183122341437367,0.002167722175372755,
neural_ode,43,raw,pinn_statistical:kl_entropy,joint,pinn_statistical,observed_reconstruction,neural_ode/pinn_statistical:kl_entropy/vs_raw,whole_model_comparison,matched,spatial_neural_ode,raw_spatial_neural_ode,1391030,497540,msl,Pa,90.0,True,571.3264471544887,577.253472586959,5.927025432470259,0.010267630623178925,0.003476182534559058,
neural_ode,43,raw,pinn_statistical:kl_entropy,joint,pinn_statistical,observed_reconstruction,neural_ode/pinn_statistical:kl_entropy/vs_raw,whole_model_comparison,matched,spatial_neural_ode,raw_spatial_neural_ode,1391030,497540,msl,Pa,96.0,True,573.3795289025988,578.9510524973076,5.571523594708765,0.009623479516404632,0.004531588044066059,
neural_ode,43,raw,pinn_statistical:kl_entropy,joint,pinn_statistical,observed_reconstruction,neural_ode/pinn_statistical:kl_entropy/vs_raw,whole_model_comparison,matched,spatial_neural_ode,raw_spatial_neural_ode,1391030,497540,msl,Pa,102.0,True,587.3957189764799,594.698029097599,7.302310121119149,0.012279021896540954,0.008507445912753209,
neural_ode,43,raw,pinn_statistical:kl_entropy,joint,pinn_statistical,observed_reconstruction,neural_ode/pinn_statistical:kl_entropy/vs_raw,whole_model_comparison,matched,spatial_neural_ode,raw_spatial_neural_ode,1391030,497540,msl,Pa,108.0,True,594.6099419673908,600.9027637146359,6.292821747245057,0.01047227958870478,0.007350256746992301,
neural_ode,43,raw,pinn_statistical:kl_entropy,joint,pinn_statistical,observed_reconstruction,neural_ode/pinn_statistical:kl_entropy/vs_raw,whole_model_comparison,matched,spatial_neural_ode,raw_spatial_neural_ode,1391030,497540,msl,Pa,114.0,True,603.9946683702874,610.081770477383,6.087102107095575,0.009977518427296217,0.007730169793548514,
neural_ode,43,raw,pinn_statistical:kl_entropy,joint,pinn_statistical,observed_reconstruction,neural_ode/pinn_statistical:kl_entropy/vs_raw,whole_model_comparison,matched,spatial_neural_ode,raw_spatial_neural_ode,1391030,497540,msl,Pa,120.0,True,603.518616080055,608.5056052899156,4.986989209860553,0.008195469633323405,0.006269284027431987,
neural_ode,43,raw,pinn_statistical:kl_entropy,joint,pinn_statistical,observed_reconstruction,neural_ode/pinn_statistical:kl_entropy/vs_raw,whole_model_comparison,matched,spatial_neural_ode,raw_spatial_neural_ode,1391030,497540,t2m,K,6.0,True,2.8445727756065824,2.314967448369814,-0.5296053272367685,-0.22877441650841068,-0.04812996564901073,
neural_ode,43,raw,pinn_statistical:kl_entropy,joint,pinn_statistical,observed_reconstruction,neural_ode/pinn_statistical:kl_entropy/vs_raw,whole_model_comparison,matched,spatial_neural_ode,raw_spatial_neural_ode,1391030,497540,t2m,K,12.0,True,3.1976708588366023,2.9011231551766414,-0.29654770365996086,-0.10221824024630388,-0.03025806927541652,
neural_ode,43,raw,pinn_statistical:kl_entropy,joint,pinn_statistical,observed_reconstruction,neural_ode/pinn_statistical:kl_entropy/vs_raw,whole_model_comparison,matched,spatial_neural_ode,raw_spatial_neural_ode,1391030,497540,t2m,K,18.0,True,2.6003611848154415,2.323924779706384,-0.27643640510905776,-0.11895238930409113,-0.030597698294417386,
neural_ode,43,raw,pinn_statistical:kl_entropy,joint,pinn_statistical,observed_reconstruction,neural_ode/pinn_statistical:kl_entropy/vs_raw,whole_model_comparison,matched,spatial_neural_ode,raw_spatial_neural_ode,1391030,497540,t2m,K,24.0,True,1.8285305846982591,1.6336673982734764,-0.19486318642478273,-0.11927959548603462,-0.01941711856501782,
neural_ode,43,raw,pinn_statistical:kl_entropy,joint,pinn_statistical,observed_reconstruction,neural_ode/pinn_statistical:kl_entropy/vs_raw,whole_model_comparison,matched,spatial_neural_ode,raw_spatial_neural_ode,1391030,497540,t2m,K,30.0,True,2.6085769113168182,2.5332381350056807,-0.0753387763111375,-0.02974010823146256,-0.014281284246058012,
neural_ode,43,raw,pinn_statistical:kl_entropy,joint,pinn_statistical,observed_reconstruction,neural_ode/pinn_statistical:kl_entropy/vs_raw,whole_model_comparison,matched,spatial_neural_ode,raw_spatial_neural_ode,1391030,497540,t2m,K,36.0,True,3.069670371498237,2.9393031223562307,-0.13036724914200626,-0.04435311491027849,-0.01927365281338278,
neural_ode,43,raw,pinn_statistical:kl_entropy,joint,pinn_statistical,observed_reconstruction,neural_ode/pinn_statistical:kl_entropy/vs_raw,whole_model_comparison,matched,spatial_neural_ode,raw_spatial_neural_ode,1391030,497540,t2m,K,42.0,True,2.585716607497846,2.4442559574757805,-0.14146065002206543,-0.05787472854035869,-0.01935302579953524,
neural_ode,43,raw,pinn_statistical:kl_entropy,joint,pinn_statistical,observed_reconstruction,neural_ode/pinn_statistical:kl_entropy/vs_raw,whole_model_comparison,matched,spatial_neural_ode,raw_spatial_neural_ode,1391030,497540,t2m,K,48.0,True,1.9404572262795239,1.8765586112297736,-0.06389861504975025,-0.03405095618509635,-0.01083784065926241,
neural_ode,43,raw,pinn_statistical:kl_entropy,joint,pinn_statistical,observed_reconstruction,neural_ode/pinn_statistical:kl_entropy/vs_raw,whole_model_comparison,matched,spatial_neural_ode,raw_spatial_neural_ode,1391030,497540,t2m,K,54.0,True,2.689637312674537,2.662057828119869,-0.027579484554668188,-0.010360212412871217,-0.008513338527974978,
neural_ode,43,raw,pinn_statistical:kl_entropy,joint,pinn_statistical,observed_reconstruction,neural_ode/pinn_statistical:kl_entropy/vs_raw,whole_model_comparison,matched,spatial_neural_ode,raw_spatial_neural_ode,1391030,497540,t2m,K,60.0,True,3.136423142070045,3.035738688670778,-0.1006844533992668,-0.03316637686076729,-0.014023543973430641,
neural_ode,43,raw,pinn_statistical:kl_entropy,joint,pinn_statistical,observed_reconstruction,neural_ode/pinn_statistical:kl_entropy/vs_raw,whole_model_comparison,matched,spatial_neural_ode,raw_spatial_neural_ode,1391030,497540,t2m,K,66.0,True,2.69403472710838,2.582350256106533,-0.1116844710018472,-0.04324915674693819,-0.01594229047590945,
neural_ode,43,raw,pinn_statistical:kl_entropy,joint,pinn_statistical,observed_reconstruction,neural_ode/pinn_statistical:kl_entropy/vs_raw,whole_model_comparison,matched,spatial_neural_ode,raw_spatial_neural_ode,1391030,497540,t2m,K,72.0,True,2.097242010764071,2.076500697806323,-0.020741312957747837,-0.009988589447458285,-0.008407298900886762,
neural_ode,43,raw,pinn_statistical:kl_entropy,joint,pinn_statistical,observed_reconstruction,neural_ode/pinn_statistical:kl_entropy/vs_raw,whole_model_comparison,matched,spatial_neural_ode,raw_spatial_neural_ode,1391030,497540,t2m,K,78.0,True,2.7872398533500524,2.7894270345285967,0.0021871811785443285,0.0007840969315456858,-0.0038074065369243515,
neural_ode,43,raw,pinn_statistical:kl_entropy,joint,pinn_statistical,observed_reconstruction,neural_ode/pinn_statistical:kl_entropy/vs_raw,whole_model_comparison,matched,spatial_neural_ode,raw_spatial_neural_ode,1391030,497540,t2m,K,84.0,True,3.2091464275495,3.1344793813664134,-0.0746670461830865,-0.02382119551558093,-0.0076995741567513765,
neural_ode,43,raw,pinn_statistical:kl_entropy,joint,pinn_statistical,observed_reconstruction,neural_ode/pinn_statistical:kl_entropy/vs_raw,whole_model_comparison,matched,spatial_neural_ode,raw_spatial_neural_ode,1391030,497540,t2m,K,90.0,True,2.7820533259442635,2.695465079030923,-0.08658824691334033,-0.032123676016782454,-0.01240200101822686,
neural_ode,43,raw,pinn_statistical:kl_entropy,joint,pinn_statistical,observed_reconstruction,neural_ode/pinn_statistical:kl_entropy/vs_raw,whole_model_comparison,matched,spatial_neural_ode,raw_spatial_neural_ode,1391030,497540,t2m,K,96.0,True,2.208185581294773,2.2203626091626454,0.012177027867872336,0.005484251904451121,-0.006659931593136825,
neural_ode,43,raw,pinn_statistical:kl_entropy,joint,pinn_statistical,observed_reconstruction,neural_ode/pinn_statistical:kl_entropy/vs_raw,whole_model_comparison,matched,spatial_neural_ode,raw_spatial_neural_ode,1391030,497540,t2m,K,102.0,True,2.8655030337806395,2.8900933544389154,0.02459032065827582,0.008508486627432754,0.00024556285620980223,
neural_ode,43,raw,pinn_statistical:kl_entropy,joint,pinn_statistical,observed_reconstruction,neural_ode/pinn_statistical:kl_entropy/vs_raw,whole_model_comparison,matched,spatial_neural_ode,raw_spatial_neural_ode,1391030,497540,t2m,K,108.0,True,3.2723654550500476,3.219944468755459,-0.0524209862945888,-0.016280090170266215,-0.0019041860441804115,
neural_ode,43,raw,pinn_statistical:kl_entropy,joint,pinn_statistical,observed_reconstruction,neural_ode/pinn_statistical:kl_entropy/vs_raw,whole_model_comparison,matched,spatial_neural_ode,raw_spatial_neural_ode,1391030,497540,t2m,K,114.0,True,2.85059040549581,2.786768076219386,-0.0638223292764244,-0.022901916316985904,-0.009408000306879938,
neural_ode,43,raw,pinn_statistical:kl_entropy,joint,pinn_statistical,observed_reconstruction,neural_ode/pinn_statistical:kl_entropy/vs_raw,whole_model_comparison,matched,spatial_neural_ode,raw_spatial_neural_ode,1391030,497540,t2m,K,120.0,True,2.292164930350994,2.3339890068797366,0.04182407652874254,0.01791956877494305,-0.005467898957495443,
neural_ode,43,raw,pinn_statistical:kl_entropy,joint,pinn_statistical,observed_reconstruction,neural_ode/pinn_statistical:kl_entropy/vs_raw,whole_model_comparison,matched,spatial_neural_ode,raw_spatial_neural_ode,1391030,497540,u10,m s**-1,6.0,True,1.2118300107832871,0.8323065668866598,-0.3795234438966273,-0.4559899669136087,-0.04662179014377166,
neural_ode,43,raw,pinn_statistical:kl_entropy,joint,pinn_statistical,observed_reconstruction,neural_ode/pinn_statistical:kl_entropy/vs_raw,whole_model_comparison,matched,spatial_neural_ode,raw_spatial_neural_ode,1391030,497540,u10,m s**-1,12.0,True,1.3516509683803322,1.1347890772426583,-0.21686189113767385,-0.1911032591753623,-0.0332643854487884,
neural_ode,43,raw,pinn_statistical:kl_entropy,joint,pinn_statistical,observed_reconstruction,neural_ode/pinn_statistical:kl_entropy/vs_raw,whole_model_comparison,matched,spatial_neural_ode,raw_spatial_neural_ode,1391030,497540,u10,m s**-1,18.0,True,1.5326582517064948,1.3805019093481952,-0.15215634235829967,-0.11021813249801315,-0.028693157647799894,
neural_ode,43,raw,pinn_statistical:kl_entropy,joint,pinn_statistical,observed_reconstruction,neural_ode/pinn_statistical:kl_entropy/vs_raw,whole_model_comparison,matched,spatial_neural_ode,raw_spatial_neural_ode,1391030,497540,u10,m s**-1,24.0,True,1.6771425425805573,1.5430521282997143,-0.134090414280843,-0.08689947139284082,-0.029023258958675413,
neural_ode,43,raw,pinn_statistical:kl_entropy,joint,pinn_statistical,observed_reconstruction,neural_ode/pinn_statistical:kl_entropy/vs_raw,whole_model_comparison,matched,spatial_neural_ode,raw_spatial_neural_ode,1391030,497540,u10,m s**-1,30.0,True,1.8425258737809764,1.7415276634611436,-0.1009982103198328,-0.05799403158437766,-0.026574805609749785,
neural_ode,43,raw,pinn_statistical:kl_entropy,joint,pinn_statistical,observed_reconstruction,neural_ode/pinn_statistical:kl_entropy/vs_raw,whole_model_comparison,matched,spatial_neural_ode,raw_spatial_neural_ode,1391030,497540,u10,m s**-1,36.0,True,1.975599062685814,1.8863670608032546,-0.08923200188255942,-0.04730362596798243,-0.027292710311665025,
neural_ode,43,raw,pinn_statistical:kl_entropy,joint,pinn_statistical,observed_reconstruction,neural_ode/pinn_statistical:kl_entropy/vs_raw,whole_model_comparison,matched,spatial_neural_ode,raw_spatial_neural_ode,1391030,497540,u10,m s**-1,42.0,True,2.0881673508775935,2.016348992153157,-0.07181835872443632,-0.035618019997493144,-0.02586115502209274,
neural_ode,43,raw,pinn_statistical:kl_entropy,joint,pinn_statistical,observed_reconstruction,neural_ode/pinn_statistical:kl_entropy/vs_raw,whole_model_comparison,matched,spatial_neural_ode,raw_spatial_neural_ode,1391030,497540,u10,m s**-1,48.0,True,2.175541738553294,2.1075859095171277,-0.06795582903616637,-0.032243444373632135,-0.026874735757437596,
neural_ode,43,raw,pinn_statistical:kl_entropy,joint,pinn_statistical,observed_reconstruction,neural_ode/pinn_statistical:kl_entropy/vs_raw,whole_model_comparison,matched,spatial_neural_ode,raw_spatial_neural_ode,1391030,497540,u10,m s**-1,54.0,True,2.2629452196123667,2.216662729666109,-0.0462824899462575,-0.020879355856372905,-0.02249072923794393,
neural_ode,43,raw,pinn_statistical:kl_entropy,joint,pinn_statistical,observed_reconstruction,neural_ode/pinn_statistical:kl_entropy/vs_raw,whole_model_comparison,matched,spatial_neural_ode,raw_spatial_neural_ode,1391030,497540,u10,m s**-1,60.0,True,2.3377058394151606,2.297786336012991,-0.03991950340216954,-0.017373026715545636,-0.021943531109389847,
neural_ode,43,raw,pinn_statistical:kl_entropy,joint,pinn_statistical,observed_reconstruction,neural_ode/pinn_statistical:kl_entropy/vs_raw,whole_model_comparison,matched,spatial_neural_ode,raw_spatial_neural_ode,1391030,497540,u10,m s**-1,66.0,True,2.4023598785947438,2.3769606296520904,-0.02539924894265333,-0.010685599343044583,-0.017930118701927844,
neural_ode,43,raw,pinn_statistical:kl_entropy,joint,pinn_statistical,observed_reconstruction,neural_ode/pinn_statistical:kl_entropy/vs_raw,whole_model_comparison,matched,spatial_neural_ode,raw_spatial_neural_ode,1391030,497540,u10,m s**-1,72.0,True,2.4507652858681293,2.4267183223894366,-0.024046963478692618,-0.009909252036723881,-0.01797480100952853,
neural_ode,43,raw,pinn_statistical:kl_entropy,joint,pinn_statistical,observed_reconstruction,neural_ode/pinn_statistical:kl_entropy/vs_raw,whole_model_comparison,matched,spatial_neural_ode,raw_spatial_neural_ode,1391030,497540,u10,m s**-1,78.0,True,2.501704276103179,2.4935487797170826,-0.008155496386096583,-0.0032706383979470566,-0.012526813006771165,
neural_ode,43,raw,pinn_statistical:kl_entropy,joint,pinn_statistical,observed_reconstruction,neural_ode/pinn_statistical:kl_entropy/vs_raw,whole_model_comparison,matched,spatial_neural_ode,raw_spatial_neural_ode,1391030,497540,u10,m s**-1,84.0,True,2.5446955561901223,2.5385668058451833,-0.006128750344938982,-0.002414256079779742,-0.011959664986448737,
neural_ode,43,raw,pinn_statistical:kl_entropy,joint,pinn_statistical,observed_reconstruction,neural_ode/pinn_statistical:kl_entropy/vs_raw,whole_model_comparison,matched,spatial_neural_ode,raw_spatial_neural_ode,1391030,497540,u10,m s**-1,90.0,True,2.586070438611335,2.5886625166797486,0.0025920780684134392,0.0010013194271990544,-0.008401209707448398,
neural_ode,43,raw,pinn_statistical:kl_entropy,joint,pinn_statistical,observed_reconstruction,neural_ode/pinn_statistical:kl_entropy/vs_raw,whole_model_comparison,matched,spatial_neural_ode,raw_spatial_neural_ode,1391030,497540,u10,m s**-1,96.0,True,2.612517074181007,2.6132410001842463,0.0007239260032392281,0.0002770222888697216,-0.009418142344403135,
neural_ode,43,raw,pinn_statistical:kl_entropy,joint,pinn_statistical,observed_reconstruction,neural_ode/pinn_statistical:kl_entropy/vs_raw,whole_model_comparison,matched,spatial_neural_ode,raw_spatial_neural_ode,1391030,497540,u10,m s**-1,102.0,True,2.644374932024493,2.656929896240982,0.01255496421648905,0.004725365254932723,-0.004510074025152688,
neural_ode,43,raw,pinn_statistical:kl_entropy,joint,pinn_statistical,observed_reconstruction,neural_ode/pinn_statistical:kl_entropy/vs_raw,whole_model_comparison,matched,spatial_neural_ode,raw_spatial_neural_ode,1391030,497540,u10,m s**-1,108.0,True,2.669751690841249,2.6815061303898737,0.011754439548624873,0.0043835214155992785,-0.005095447432961697,
neural_ode,43,raw,pinn_statistical:kl_entropy,joint,pinn_statistical,observed_reconstruction,neural_ode/pinn_statistical:kl_entropy/vs_raw,whole_model_comparison,matched,spatial_neural_ode,raw_spatial_neural_ode,1391030,497540,u10,m s**-1,114.0,True,2.697738850563812,2.715261618474428,0.01752276791061602,0.006453436306613103,-0.0026452727864254566,
neural_ode,43,raw,pinn_statistical:kl_entropy,joint,pinn_statistical,observed_reconstruction,neural_ode/pinn_statistical:kl_entropy/vs_raw,whole_model_comparison,matched,spatial_neural_ode,raw_spatial_neural_ode,1391030,497540,u10,m s**-1,120.0,True,2.712899310942259,2.726143667828073,0.013244356885814046,0.004858275461456452,-0.005485886734626633,
neural_ode,43,raw,pinn_statistical:kl_entropy,joint,pinn_statistical,observed_reconstruction,neural_ode/pinn_statistical:kl_entropy/vs_raw,whole_model_comparison,matched,spatial_neural_ode,raw_spatial_neural_ode,1391030,497540,v10,m s**-1,6.0,True,1.340835559770974,0.9026687073184408,-0.4381668524525332,-0.4854126978149005,-0.05590075886367052,
neural_ode,43,raw,pinn_statistical:kl_entropy,joint,pinn_statistical,observed_reconstruction,neural_ode/pinn_statistical:kl_entropy/vs_raw,whole_model_comparison,matched,spatial_neural_ode,raw_spatial_neural_ode,1391030,497540,v10,m s**-1,12.0,True,1.4791804443935284,1.2511567478211205,-0.22802369657240784,-0.18225030314507706,-0.03678606648211191,
neural_ode,43,raw,pinn_statistical:kl_entropy,joint,pinn_statistical,observed_reconstruction,neural_ode/pinn_statistical:kl_entropy/vs_raw,whole_model_comparison,matched,spatial_neural_ode,raw_spatial_neural_ode,1391030,497540,v10,m s**-1,18.0,True,1.6630165136577988,1.5031998909362592,-0.15981662272153963,-0.10631761197241629,-0.03129744807109658,
neural_ode,43,raw,pinn_statistical:kl_entropy,joint,pinn_statistical,observed_reconstruction,neural_ode/pinn_statistical:kl_entropy/vs_raw,whole_model_comparison,matched,spatial_neural_ode,raw_spatial_neural_ode,1391030,497540,v10,m s**-1,24.0,True,1.83071493149853,1.6954323675558052,-0.13528256394272486,-0.0797923683253452,-0.031018602460420763,
neural_ode,43,raw,pinn_statistical:kl_entropy,joint,pinn_statistical,observed_reconstruction,neural_ode/pinn_statistical:kl_entropy/vs_raw,whole_model_comparison,matched,spatial_neural_ode,raw_spatial_neural_ode,1391030,497540,v10,m s**-1,30.0,True,1.9996349025722802,1.893602932393698,-0.10603197017858212,-0.05599482783042986,-0.02919678300466122,
neural_ode,43,raw,pinn_statistical:kl_entropy,joint,pinn_statistical,observed_reconstruction,neural_ode/pinn_statistical:kl_entropy/vs_raw,whole_model_comparison,matched,spatial_neural_ode,raw_spatial_neural_ode,1391030,497540,v10,m s**-1,36.0,True,2.147393075394834,2.0565017410810444,-0.0908913343137896,-0.044197061688851624,-0.02922311428597335,
neural_ode,43,raw,pinn_statistical:kl_entropy,joint,pinn_statistical,observed_reconstruction,neural_ode/pinn_statistical:kl_entropy/vs_raw,whole_model_comparison,matched,spatial_neural_ode,raw_spatial_neural_ode,1391030,497540,v10,m s**-1,42.0,True,2.271417670218135,2.187617633816316,-0.08380003640181899,-0.03830652811827506,-0.0307274719895807,
neural_ode,43,raw,pinn_statistical:kl_entropy,joint,pinn_statistical,observed_reconstruction,neural_ode/pinn_statistical:kl_entropy/vs_raw,whole_model_comparison,matched,spatial_neural_ode,raw_spatial_neural_ode,1391030,497540,v10,m s**-1,48.0,True,2.374804182420838,2.294634904512286,-0.08016927790855233,-0.034937705231844696,-0.03222086365993637,
neural_ode,43,raw,pinn_statistical:kl_entropy,joint,pinn_statistical,observed_reconstruction,neural_ode/pinn_statistical:kl_entropy/vs_raw,whole_model_comparison,matched,spatial_neural_ode,raw_spatial_neural_ode,1391030,497540,v10,m s**-1,54.0,True,2.465062233121225,2.397081968489818,-0.06798026463140694,-0.02835959117169251,-0.030529210547257768,
neural_ode,43,raw,pinn_statistical:kl_entropy,joint,pinn_statistical,observed_reconstruction,neural_ode/pinn_statistical:kl_entropy/vs_raw,whole_model_comparison,matched,spatial_neural_ode,raw_spatial_neural_ode,1391030,497540,v10,m s**-1,60.0,True,2.545025738985328,2.486642129878211,-0.05838360910711682,-0.023478894854072285,-0.02856225999651696,
neural_ode,43,raw,pinn_statistical:kl_entropy,joint,pinn_statistical,observed_reconstruction,neural_ode/pinn_statistical:kl_entropy/vs_raw,whole_model_comparison,matched,spatial_neural_ode,raw_spatial_neural_ode,1391030,497540,v10,m s**-1,66.0,True,2.6111973662161203,2.559743043437474,-0.051454322778646144,-0.020101362482676466,-0.026945584200254835,
neural_ode,43,raw,pinn_statistical:kl_entropy,joint,pinn_statistical,observed_reconstruction,neural_ode/pinn_statistical:kl_entropy/vs_raw,whole_model_comparison,matched,spatial_neural_ode,raw_spatial_neural_ode,1391030,497540,v10,m s**-1,72.0,True,2.6662421917231427,2.6198896520623816,-0.04635253966076114,-0.017692554197567878,-0.025141153222983603,
neural_ode,43,raw,pinn_statistical:kl_entropy,joint,pinn_statistical,observed_reconstruction,neural_ode/pinn_statistical:kl_entropy/vs_raw,whole_model_comparison,matched,spatial_neural_ode,raw_spatial_neural_ode,1391030,497540,v10,m s**-1,78.0,True,2.7118529197104326,2.6779690566338568,-0.03388386307657587,-0.012652820984857538,-0.019785879243925497,
neural_ode,43,raw,pinn_statistical:kl_entropy,joint,pinn_statistical,observed_reconstruction,neural_ode/pinn_statistical:kl_entropy/vs_raw,whole_model_comparison,matched,spatial_neural_ode,raw_spatial_neural_ode,1391030,497540,v10,m s**-1,84.0,True,2.7554362227208617,2.730147540285486,-0.025288682435375964,-0.009262753042544869,-0.01544715167334082,
neural_ode,43,raw,pinn_statistical:kl_entropy,joint,pinn_statistical,observed_reconstruction,neural_ode/pinn_statistical:kl_entropy/vs_raw,whole_model_comparison,matched,spatial_neural_ode,raw_spatial_neural_ode,1391030,497540,v10,m s**-1,90.0,True,2.7899563172225896,2.7708249586372995,-0.019131358585290137,-0.006904571335570431,-0.0119927036173067,
neural_ode,43,raw,pinn_statistical:kl_entropy,joint,pinn_statistical,observed_reconstruction,neural_ode/pinn_statistical:kl_entropy/vs_raw,whole_model_comparison,matched,spatial_neural_ode,raw_spatial_neural_ode,1391030,497540,v10,m s**-1,96.0,True,2.821167994330353,2.80410344665275,-0.017064547677603237,-0.006085562819721613,-0.010384904712023524,
neural_ode,43,raw,pinn_statistical:kl_entropy,joint,pinn_statistical,observed_reconstruction,neural_ode/pinn_statistical:kl_entropy/vs_raw,whole_model_comparison,matched,spatial_neural_ode,raw_spatial_neural_ode,1391030,497540,v10,m s**-1,102.0,True,2.844699671350201,2.836827486835201,-0.007872184515000047,-0.002774995854182949,-0.0050283559896519,
neural_ode,43,raw,pinn_statistical:kl_entropy,joint,pinn_statistical,observed_reconstruction,neural_ode/pinn_statistical:kl_entropy/vs_raw,whole_model_comparison,matched,spatial_neural_ode,raw_spatial_neural_ode,1391030,497540,v10,m s**-1,108.0,True,2.8709193272782967,2.867644273207557,-0.0032750540707398024,-0.0011420712468901417,-0.0019481102201017175,
neural_ode,43,raw,pinn_statistical:kl_entropy,joint,pinn_statistical,observed_reconstruction,neural_ode/pinn_statistical:kl_entropy/vs_raw,whole_model_comparison,matched,spatial_neural_ode,raw_spatial_neural_ode,1391030,497540,v10,m s**-1,114.0,True,2.890088769362241,2.8893365923714667,-0.0007521769907743447,-0.0002603286141047434,-2.6949600003711716e-05,
neural_ode,43,raw,pinn_statistical:kl_entropy,joint,pinn_statistical,observed_reconstruction,neural_ode/pinn_statistical:kl_entropy/vs_raw,whole_model_comparison,matched,spatial_neural_ode,raw_spatial_neural_ode,1391030,497540,v10,m s**-1,120.0,True,2.909147341126188,2.906877665604785,-0.002269675521402892,-0.0007807949912232992,-0.0006647521740349993,
climode,43,raw,pinn_statistical,joint,pinn_statistical,observed_reconstruction,climode/pinn_statistical/vs_raw,whole_model_comparison,matched,latent_climode_transport_adaptation_v1,raw_climode_transport_adaptation_v1,1216918,248080,msl,Pa,6.0,True,232.72138407165997,203.2381364364457,-29.48324763521427,-0.14506749644614025,-0.012835887827029158,
climode,43,raw,pinn_statistical,joint,pinn_statistical,observed_reconstruction,climode/pinn_statistical/vs_raw,whole_model_comparison,matched,latent_climode_transport_adaptation_v1,raw_climode_transport_adaptation_v1,1216918,248080,msl,Pa,12.0,True,240.9151389570431,255.4648454810277,14.54970652398461,0.05695385013381482,0.009135889544442,
climode,43,raw,pinn_statistical,joint,pinn_statistical,observed_reconstruction,climode/pinn_statistical/vs_raw,whole_model_comparison,matched,latent_climode_transport_adaptation_v1,raw_climode_transport_adaptation_v1,1216918,248080,msl,Pa,18.0,True,290.5772606262832,333.8553687865663,43.278108160283125,0.12963130806487289,0.032670028303259935,
climode,43,raw,pinn_statistical,joint,pinn_statistical,observed_reconstruction,climode/pinn_statistical/vs_raw,whole_model_comparison,matched,latent_climode_transport_adaptation_v1,raw_climode_transport_adaptation_v1,1216918,248080,msl,Pa,24.0,True,316.9995708177001,363.1325869333724,46.13301611567232,0.12704179623553535,0.03901901173506128,
climode,43,raw,pinn_statistical,joint,pinn_statistical,observed_reconstruction,climode/pinn_statistical/vs_raw,whole_model_comparison,matched,latent_climode_transport_adaptation_v1,raw_climode_transport_adaptation_v1,1216918,248080,msl,Pa,30.0,True,354.5654184768731,425.1239841157399,70.55856563886681,0.16597173595281622,0.07180126496494788,
climode,43,raw,pinn_statistical,joint,pinn_statistical,observed_reconstruction,climode/pinn_statistical/vs_raw,whole_model_comparison,matched,latent_climode_transport_adaptation_v1,raw_climode_transport_adaptation_v1,1216918,248080,msl,Pa,36.0,True,381.5138947101429,454.92049898050266,73.40660427035976,0.16136139047342835,0.08389721876248757,
climode,43,raw,pinn_statistical,joint,pinn_statistical,observed_reconstruction,climode/pinn_statistical/vs_raw,whole_model_comparison,matched,latent_climode_transport_adaptation_v1,raw_climode_transport_adaptation_v1,1216918,248080,msl,Pa,42.0,True,415.8691278832616,493.1904219173679,77.3212940341063,0.15677776898729223,0.10184484767766777,
climode,43,raw,pinn_statistical,joint,pinn_statistical,observed_reconstruction,climode/pinn_statistical/vs_raw,whole_model_comparison,matched,latent_climode_transport_adaptation_v1,raw_climode_transport_adaptation_v1,1216918,248080,msl,Pa,48.0,True,438.2013383528346,507.88711779935653,69.6857794465219,0.13720721988079965,0.09996187892676756,
climode,43,raw,pinn_statistical,joint,pinn_statistical,observed_reconstruction,climode/pinn_statistical/vs_raw,whole_model_comparison,matched,latent_climode_transport_adaptation_v1,raw_climode_transport_adaptation_v1,1216918,248080,msl,Pa,54.0,True,467.4277245776083,539.8518727580959,72.42414818048758,0.1341555931082976,0.11659464544205389,
climode,43,raw,pinn_statistical,joint,pinn_statistical,observed_reconstruction,climode/pinn_statistical/vs_raw,whole_model_comparison,matched,latent_climode_transport_adaptation_v1,raw_climode_transport_adaptation_v1,1216918,248080,msl,Pa,60.0,True,489.40407081775516,554.2050559487452,64.80098513099006,0.11692600858730362,0.11397539825552672,
climode,43,raw,pinn_statistical,joint,pinn_statistical,observed_reconstruction,climode/pinn_statistical/vs_raw,whole_model_comparison,matched,latent_climode_transport_adaptation_v1,raw_climode_transport_adaptation_v1,1216918,248080,msl,Pa,66.0,True,512.2764053021106,573.7021080052822,61.42570270317162,0.107068985534573,0.1195592546921116,
climode,43,raw,pinn_statistical,joint,pinn_statistical,observed_reconstruction,climode/pinn_statistical/vs_raw,whole_model_comparison,matched,latent_climode_transport_adaptation_v1,raw_climode_transport_adaptation_v1,1216918,248080,msl,Pa,72.0,True,528.2334003993888,579.0439871669518,50.810586767562995,0.08774909660345565,0.10848077127327693,
climode,43,raw,pinn_statistical,joint,pinn_statistical,observed_reconstruction,climode/pinn_statistical/vs_raw,whole_model_comparison,matched,latent_climode_transport_adaptation_v1,raw_climode_transport_adaptation_v1,1216918,248080,msl,Pa,78.0,True,547.5417066222209,597.6245835843941,50.08287696217326,0.08380324092725477,0.11764625730708766,
climode,43,raw,pinn_statistical,joint,pinn_statistical,observed_reconstruction,climode/pinn_statistical/vs_raw,whole_model_comparison,matched,latent_climode_transport_adaptation_v1,raw_climode_transport_adaptation_v1,1216918,248080,msl,Pa,84.0,True,561.9769452699655,604.9631420229899,42.98619675302439,0.07105589376780708,0.1108690660414744,
climode,43,raw,pinn_statistical,joint,pinn_statistical,observed_reconstruction,climode/pinn_statistical/vs_raw,whole_model_comparison,matched,latent_climode_transport_adaptation_v1,raw_climode_transport_adaptation_v1,1216918,248080,msl,Pa,90.0,True,577.7715408066757,616.3238402083513,38.552299401675555,0.0625520171159415,0.11090240389799483,
climode,43,raw,pinn_statistical,joint,pinn_statistical,observed_reconstruction,climode/pinn_statistical/vs_raw,whole_model_comparison,matched,latent_climode_transport_adaptation_v1,raw_climode_transport_adaptation_v1,1216918,248080,msl,Pa,96.0,True,587.7016125072482,618.1046019843392,30.402989477090955,0.04918745044040507,0.09924733783314033,
climode,43,raw,pinn_statistical,joint,pinn_statistical,observed_reconstruction,climode/pinn_statistical/vs_raw,whole_model_comparison,matched,latent_climode_transport_adaptation_v1,raw_climode_transport_adaptation_v1,1216918,248080,msl,Pa,102.0,True,601.1961059961449,630.5932336220037,29.397127625858843,0.04661820974038611,0.10515378568114514,
climode,43,raw,pinn_statistical,joint,pinn_statistical,observed_reconstruction,climode/pinn_statistical/vs_raw,whole_model_comparison,matched,latent_climode_transport_adaptation_v1,raw_climode_transport_adaptation_v1,1216918,248080,msl,Pa,108.0,True,611.7397468571841,634.7958301606383,23.056083303454216,0.036320470626941215,0.09601129968006433,
climode,43,raw,pinn_statistical,joint,pinn_statistical,observed_reconstruction,climode/pinn_statistical/vs_raw,whole_model_comparison,matched,latent_climode_transport_adaptation_v1,raw_climode_transport_adaptation_v1,1216918,248080,msl,Pa,114.0,True,623.2845841308825,641.9181260027739,18.63354187189134,0.029027910440732496,0.09248383683930828,
climode,43,raw,pinn_statistical,joint,pinn_statistical,observed_reconstruction,climode/pinn_statistical/vs_raw,whole_model_comparison,matched,latent_climode_transport_adaptation_v1,raw_climode_transport_adaptation_v1,1216918,248080,msl,Pa,120.0,True,630.7486728896243,641.9282063645885,11.17953347496416,0.017415551091417014,0.078547878646619,
climode,43,raw,pinn_statistical,joint,pinn_statistical,observed_reconstruction,climode/pinn_statistical/vs_raw,whole_model_comparison,matched,latent_climode_transport_adaptation_v1,raw_climode_transport_adaptation_v1,1216918,248080,t2m,K,6.0,True,2.358363507566926,2.389613900428215,0.031250392861288834,0.013077590842474063,-0.008293739965336666,
climode,43,raw,pinn_statistical,joint,pinn_statistical,observed_reconstruction,climode/pinn_statistical/vs_raw,whole_model_comparison,matched,latent_climode_transport_adaptation_v1,raw_climode_transport_adaptation_v1,1216918,248080,t2m,K,12.0,True,2.6011929379681518,3.2072632613125553,0.6060703233444036,0.18896806216536544,0.07456547422377535,
climode,43,raw,pinn_statistical,joint,pinn_statistical,observed_reconstruction,climode/pinn_statistical/vs_raw,whole_model_comparison,matched,latent_climode_transport_adaptation_v1,raw_climode_transport_adaptation_v1,1216918,248080,t2m,K,18.0,True,2.518884374025661,2.645980467050221,0.12709609302455993,0.0480336474918307,0.04134474294533175,
climode,43,raw,pinn_statistical,joint,pinn_statistical,observed_reconstruction,climode/pinn_statistical/vs_raw,whole_model_comparison,matched,latent_climode_transport_adaptation_v1,raw_climode_transport_adaptation_v1,1216918,248080,t2m,K,24.0,True,2.297082598242244,1.787008676824485,-0.5100739214177588,-0.285434496224249,-0.0294589358716576,
climode,43,raw,pinn_statistical,joint,pinn_statistical,observed_reconstruction,climode/pinn_statistical/vs_raw,whole_model_comparison,matched,latent_climode_transport_adaptation_v1,raw_climode_transport_adaptation_v1,1216918,248080,t2m,K,30.0,True,2.4081115121542,2.746401437386087,0.33828992523188717,0.12317570207575257,0.05002945398835412,
climode,43,raw,pinn_statistical,joint,pinn_statistical,observed_reconstruction,climode/pinn_statistical/vs_raw,whole_model_comparison,matched,latent_climode_transport_adaptation_v1,raw_climode_transport_adaptation_v1,1216918,248080,t2m,K,36.0,True,2.3932028118802564,3.331166763513175,0.9379639516329186,0.28157219923859533,0.12179661676228626,
climode,43,raw,pinn_statistical,joint,pinn_statistical,observed_reconstruction,climode/pinn_statistical/vs_raw,whole_model_comparison,matched,latent_climode_transport_adaptation_v1,raw_climode_transport_adaptation_v1,1216918,248080,t2m,K,42.0,True,2.1647516303805032,2.847955588199102,0.6832039578185989,0.23989277102829443,0.08262847133650031,
climode,43,raw,pinn_statistical,joint,pinn_statistical,observed_reconstruction,climode/pinn_statistical/vs_raw,whole_model_comparison,matched,latent_climode_transport_adaptation_v1,raw_climode_transport_adaptation_v1,1216918,248080,t2m,K,48.0,True,1.8633937938432839,2.095639681129038,0.23224588728575402,0.11082338694819438,0.01912621118149649,
climode,43,raw,pinn_statistical,joint,pinn_statistical,observed_reconstruction,climode/pinn_statistical/vs_raw,whole_model_comparison,matched,latent_climode_transport_adaptation_v1,raw_climode_transport_adaptation_v1,1216918,248080,t2m,K,54.0,True,2.0715123309191616,2.8514967954660277,0.7799844645468661,0.27353510120967583,0.09516890081383178,
climode,43,raw,pinn_statistical,joint,pinn_statistical,observed_reconstruction,climode/pinn_statistical/vs_raw,whole_model_comparison,matched,latent_climode_transport_adaptation_v1,raw_climode_transport_adaptation_v1,1216918,248080,t2m,K,60.0,True,2.2636994377541693,3.396981450073442,1.1332820123192726,0.3336144247401679,0.15797301335215863,
climode,43,raw,pinn_statistical,joint,pinn_statistical,observed_reconstruction,climode/pinn_statistical/vs_raw,whole_model_comparison,matched,latent_climode_transport_adaptation_v1,raw_climode_transport_adaptation_v1,1216918,248080,t2m,K,66.0,True,2.1970077245469084,2.9885854083964953,0.7915776838495869,0.2648670108693003,0.10577340011503511,
climode,43,raw,pinn_statistical,joint,pinn_statistical,observed_reconstruction,climode/pinn_statistical/vs_raw,whole_model_comparison,matched,latent_climode_transport_adaptation_v1,raw_climode_transport_adaptation_v1,1216918,248080,t2m,K,72.0,True,2.0629620527852364,2.3043918458599775,0.2414297930747411,0.10476941823435493,0.02813559231224949,
climode,43,raw,pinn_statistical,joint,pinn_statistical,observed_reconstruction,climode/pinn_statistical/vs_raw,whole_model_comparison,matched,latent_climode_transport_adaptation_v1,raw_climode_transport_adaptation_v1,1216918,248080,t2m,K,78.0,True,2.2563850477909138,2.946627293122022,0.6902422453311083,0.2342482359212047,0.09481326142518931,
climode,43,raw,pinn_statistical,joint,pinn_statistical,observed_reconstruction,climode/pinn_statistical/vs_raw,whole_model_comparison,matched,latent_climode_transport_adaptation_v1,raw_climode_transport_adaptation_v1,1216918,248080,t2m,K,84.0,True,2.3996776142041694,3.463988760099275,1.0643111458951058,0.3072501730244077,0.15868779258113785,
climode,43,raw,pinn_statistical,joint,pinn_statistical,observed_reconstruction,climode/pinn_statistical/vs_raw,whole_model_comparison,matched,latent_climode_transport_adaptation_v1,raw_climode_transport_adaptation_v1,1216918,248080,t2m,K,90.0,True,2.3279601082018098,3.1057465864738796,0.7777864782720698,0.2504346238870482,0.11176617326293359,
climode,43,raw,pinn_statistical,joint,pinn_statistical,observed_reconstruction,climode/pinn_statistical/vs_raw,whole_model_comparison,matched,latent_climode_transport_adaptation_v1,raw_climode_transport_adaptation_v1,1216918,248080,t2m,K,96.0,True,2.1987425099186164,2.4685004711303056,0.26975796121168916,0.10928009306320663,0.033938904409424375,
climode,43,raw,pinn_statistical,joint,pinn_statistical,observed_reconstruction,climode/pinn_statistical/vs_raw,whole_model_comparison,matched,latent_climode_transport_adaptation_v1,raw_climode_transport_adaptation_v1,1216918,248080,t2m,K,102.0,True,2.3653963938071296,3.0332001763995695,0.6678037825924399,0.22016475793072376,0.09646436720570828,
climode,43,raw,pinn_statistical,joint,pinn_statistical,observed_reconstruction,climode/pinn_statistical/vs_raw,whole_model_comparison,matched,latent_climode_transport_adaptation_v1,raw_climode_transport_adaptation_v1,1216918,248080,t2m,K,108.0,True,2.5056561992002324,3.5284424668374497,1.0227862676372173,0.2898690505088334,0.15960236164064934,
climode,43,raw,pinn_statistical,joint,pinn_statistical,observed_reconstruction,climode/pinn_statistical/vs_raw,whole_model_comparison,matched,latent_climode_transport_adaptation_v1,raw_climode_transport_adaptation_v1,1216918,248080,t2m,K,114.0,True,2.4237856906847006,3.2080322851637932,0.7842465944790926,0.24446343576590635,0.11747622415511172,
climode,43,raw,pinn_statistical,joint,pinn_statistical,observed_reconstruction,climode/pinn_statistical/vs_raw,whole_model_comparison,matched,latent_climode_transport_adaptation_v1,raw_climode_transport_adaptation_v1,1216918,248080,t2m,K,120.0,True,2.3092304975826736,2.6093494763840765,0.3001189788014029,0.11501678158392747,0.038975624350732985,
climode,43,raw,pinn_statistical,joint,pinn_statistical,observed_reconstruction,climode/pinn_statistical/vs_raw,whole_model_comparison,matched,latent_climode_transport_adaptation_v1,raw_climode_transport_adaptation_v1,1216918,248080,u10,m s**-1,6.0,True,1.14868142155564,0.9341439482746868,-0.21453747328095318,-0.22966211329334452,-0.027203540734218046,
climode,43,raw,pinn_statistical,joint,pinn_statistical,observed_reconstruction,climode/pinn_statistical/vs_raw,whole_model_comparison,matched,latent_climode_transport_adaptation_v1,raw_climode_transport_adaptation_v1,1216918,248080,u10,m s**-1,12.0,True,1.273944528394475,1.304283813841937,0.030339285447462006,0.02326126041393839,0.004226692797581366,
climode,43,raw,pinn_statistical,joint,pinn_statistical,observed_reconstruction,climode/pinn_statistical/vs_raw,whole_model_comparison,matched,latent_climode_transport_adaptation_v1,raw_climode_transport_adaptation_v1,1216918,248080,u10,m s**-1,18.0,True,1.4560752531493908,1.5980073474726584,0.1419320943232676,0.0888181738011039,0.027762176008588768,
climode,43,raw,pinn_statistical,joint,pinn_statistical,observed_reconstruction,climode/pinn_statistical/vs_raw,whole_model_comparison,matched,latent_climode_transport_adaptation_v1,raw_climode_transport_adaptation_v1,1216918,248080,u10,m s**-1,24.0,True,1.6110312839201955,1.782665969509621,0.17163468558942552,0.09627977900797591,0.0392580769637314,
climode,43,raw,pinn_statistical,joint,pinn_statistical,observed_reconstruction,climode/pinn_statistical/vs_raw,whole_model_comparison,matched,latent_climode_transport_adaptation_v1,raw_climode_transport_adaptation_v1,1216918,248080,u10,m s**-1,30.0,True,1.7717646228268247,2.0037707246481933,0.2320061018213686,0.11578475469647476,0.06389174314535573,
climode,43,raw,pinn_statistical,joint,pinn_statistical,observed_reconstruction,climode/pinn_statistical/vs_raw,whole_model_comparison,matched,latent_climode_transport_adaptation_v1,raw_climode_transport_adaptation_v1,1216918,248080,u10,m s**-1,36.0,True,1.911407673925147,2.149198571225493,0.23779089730034575,0.11064165986521901,0.0752264791855628,
climode,43,raw,pinn_statistical,joint,pinn_statistical,observed_reconstruction,climode/pinn_statistical/vs_raw,whole_model_comparison,matched,latent_climode_transport_adaptation_v1,raw_climode_transport_adaptation_v1,1216918,248080,u10,m s**-1,42.0,True,2.034873103249095,2.2719573426812545,0.23708423943215928,0.10435241673699902,0.08469538908168783,
climode,43,raw,pinn_statistical,joint,pinn_statistical,observed_reconstruction,climode/pinn_statistical/vs_raw,whole_model_comparison,matched,latent_climode_transport_adaptation_v1,raw_climode_transport_adaptation_v1,1216918,248080,u10,m s**-1,48.0,True,2.1401037181254816,2.347249373659338,0.20714565553385622,0.08825038270685248,0.08247711568163785,
climode,43,raw,pinn_statistical,joint,pinn_statistical,observed_reconstruction,climode/pinn_statistical/vs_raw,whole_model_comparison,matched,latent_climode_transport_adaptation_v1,raw_climode_transport_adaptation_v1,1216918,248080,u10,m s**-1,54.0,True,2.2417856284240427,2.4476387004676514,0.2058530720436087,0.08410271990072637,0.09262146752654388,
climode,43,raw,pinn_statistical,joint,pinn_statistical,observed_reconstruction,climode/pinn_statistical/vs_raw,whole_model_comparison,matched,latent_climode_transport_adaptation_v1,raw_climode_transport_adaptation_v1,1216918,248080,u10,m s**-1,60.0,True,2.3336751927266386,2.5130633171826204,0.17938812445598185,0.07138225417141209,0.09129120693624881,
climode,43,raw,pinn_statistical,joint,pinn_statistical,observed_reconstruction,climode/pinn_statistical/vs_raw,whole_model_comparison,matched,latent_climode_transport_adaptation_v1,raw_climode_transport_adaptation_v1,1216918,248080,u10,m s**-1,66.0,True,2.4122522035826375,2.573781817699194,0.16152961411655653,0.06275963759078629,0.09198487804495226,
climode,43,raw,pinn_statistical,joint,pinn_statistical,observed_reconstruction,climode/pinn_statistical/vs_raw,whole_model_comparison,matched,latent_climode_transport_adaptation_v1,raw_climode_transport_adaptation_v1,1216918,248080,u10,m s**-1,72.0,True,2.4792870071317594,2.60652684151483,0.12723983438307052,0.048815854245768175,0.08377124137454295,
climode,43,raw,pinn_statistical,joint,pinn_statistical,observed_reconstruction,climode/pinn_statistical/vs_raw,whole_model_comparison,matched,latent_climode_transport_adaptation_v1,raw_climode_transport_adaptation_v1,1216918,248080,u10,m s**-1,78.0,True,2.5440323721941884,2.661707936919122,0.11767556472493368,0.044210547330426064,0.08862204303988086,
climode,43,raw,pinn_statistical,joint,pinn_statistical,observed_reconstruction,climode/pinn_statistical/vs_raw,whole_model_comparison,matched,latent_climode_transport_adaptation_v1,raw_climode_transport_adaptation_v1,1216918,248080,u10,m s**-1,84.0,True,2.6023729879052735,2.6953298777117416,0.0929568898064681,0.0344881309613152,0.08426042000571143,
climode,43,raw,pinn_statistical,joint,pinn_statistical,observed_reconstruction,climode/pinn_statistical/vs_raw,whole_model_comparison,matched,latent_climode_transport_adaptation_v1,raw_climode_transport_adaptation_v1,1216918,248080,u10,m s**-1,90.0,True,2.6548020612836343,2.730227562991469,0.07542550170783491,0.027626086092689017,0.08204223709564379,
climode,43,raw,pinn_statistical,joint,pinn_statistical,observed_reconstruction,climode/pinn_statistical/vs_raw,whole_model_comparison,matched,latent_climode_transport_adaptation_v1,raw_climode_transport_adaptation_v1,1216918,248080,u10,m s**-1,96.0,True,2.698274945368485,2.7450627505624334,0.04678780519394854,0.017044348142628896,0.07236859061069328,
climode,43,raw,pinn_statistical,joint,pinn_statistical,observed_reconstruction,climode/pinn_statistical/vs_raw,whole_model_comparison,matched,latent_climode_transport_adaptation_v1,raw_climode_transport_adaptation_v1,1216918,248080,u10,m s**-1,102.0,True,2.741405976339547,2.779097200613385,0.03769122427383831,0.01356239870470144,0.07462447456445892,
climode,43,raw,pinn_statistical,joint,pinn_statistical,observed_reconstruction,climode/pinn_statistical/vs_raw,whole_model_comparison,matched,latent_climode_transport_adaptation_v1,raw_climode_transport_adaptation_v1,1216918,248080,u10,m s**-1,108.0,True,2.7793132129700373,2.796993166065145,0.017679953095107503,0.006321056951304582,0.06845454902930115,
climode,43,raw,pinn_statistical,joint,pinn_statistical,observed_reconstruction,climode/pinn_statistical/vs_raw,whole_model_comparison,matched,latent_climode_transport_adaptation_v1,raw_climode_transport_adaptation_v1,1216918,248080,u10,m s**-1,114.0,True,2.813340928554643,2.818003000743577,0.004662072188933664,0.0016543886531360519,0.06482724168544163,
climode,43,raw,pinn_statistical,joint,pinn_statistical,observed_reconstruction,climode/pinn_statistical/vs_raw,whole_model_comparison,matched,latent_climode_transport_adaptation_v1,raw_climode_transport_adaptation_v1,1216918,248080,u10,m s**-1,120.0,True,2.8412303802410572,2.823129755407383,-0.01810062483367414,-0.006411545483874681,0.054146549254246,
climode,43,raw,pinn_statistical,joint,pinn_statistical,observed_reconstruction,climode/pinn_statistical/vs_raw,whole_model_comparison,matched,latent_climode_transport_adaptation_v1,raw_climode_transport_adaptation_v1,1216918,248080,v10,m s**-1,6.0,True,1.2689407278263225,1.0713397886715883,-0.1976009391547342,-0.1844428268642484,-0.028151884935585403,
climode,43,raw,pinn_statistical,joint,pinn_statistical,observed_reconstruction,climode/pinn_statistical/vs_raw,whole_model_comparison,matched,latent_climode_transport_adaptation_v1,raw_climode_transport_adaptation_v1,1216918,248080,v10,m s**-1,12.0,True,1.406698576286192,1.5243396534250866,0.11764107713889449,0.07717510784067261,0.018211323738977714,
climode,43,raw,pinn_statistical,joint,pinn_statistical,observed_reconstruction,climode/pinn_statistical/vs_raw,whole_model_comparison,matched,latent_climode_transport_adaptation_v1,raw_climode_transport_adaptation_v1,1216918,248080,v10,m s**-1,18.0,True,1.607815527391735,1.8473594251123333,0.23954389772059836,0.1296682683750252,0.04995388674476209,
climode,43,raw,pinn_statistical,joint,pinn_statistical,observed_reconstruction,climode/pinn_statistical/vs_raw,whole_model_comparison,matched,latent_climode_transport_adaptation_v1,raw_climode_transport_adaptation_v1,1216918,248080,v10,m s**-1,24.0,True,1.7757988539453566,2.0645270850136312,0.2887282310682746,0.13985199475664334,0.0718817329275866,
climode,43,raw,pinn_statistical,joint,pinn_statistical,observed_reconstruction,climode/pinn_statistical/vs_raw,whole_model_comparison,matched,latent_climode_transport_adaptation_v1,raw_climode_transport_adaptation_v1,1216918,248080,v10,m s**-1,30.0,True,1.942027002763422,2.278776860319402,0.33674985755597997,0.14777658287647344,0.10162496645175045,
climode,43,raw,pinn_statistical,joint,pinn_statistical,observed_reconstruction,climode/pinn_statistical/vs_raw,whole_model_comparison,matched,latent_climode_transport_adaptation_v1,raw_climode_transport_adaptation_v1,1216918,248080,v10,m s**-1,36.0,True,2.0888926759337108,2.4281593060656452,0.3392666301319345,0.13972173460136328,0.11953364075762063,
climode,43,raw,pinn_statistical,joint,pinn_statistical,observed_reconstruction,climode/pinn_statistical/vs_raw,whole_model_comparison,matched,latent_climode_transport_adaptation_v1,raw_climode_transport_adaptation_v1,1216918,248080,v10,m s**-1,42.0,True,2.2243832187686525,2.5494433434711916,0.3250601247025391,0.1275023920554963,0.1319751296742151,
climode,43,raw,pinn_statistical,joint,pinn_statistical,observed_reconstruction,climode/pinn_statistical/vs_raw,whole_model_comparison,matched,latent_climode_transport_adaptation_v1,raw_climode_transport_adaptation_v1,1216918,248080,v10,m s**-1,48.0,True,2.341325123487568,2.6328731120253037,0.29154798853773567,0.11073377870210621,0.13423141534005834,
climode,43,raw,pinn_statistical,joint,pinn_statistical,observed_reconstruction,climode/pinn_statistical/vs_raw,whole_model_comparison,matched,latent_climode_transport_adaptation_v1,raw_climode_transport_adaptation_v1,1216918,248080,v10,m s**-1,54.0,True,2.449850326376067,2.7179314755094017,0.2680811491333346,0.09863425606897991,0.14071922637464046,
climode,43,raw,pinn_statistical,joint,pinn_statistical,observed_reconstruction,climode/pinn_statistical/vs_raw,whole_model_comparison,matched,latent_climode_transport_adaptation_v1,raw_climode_transport_adaptation_v1,1216918,248080,v10,m s**-1,60.0,True,2.543006621878894,2.7760130269177803,0.23300640503888648,0.08393563098570711,0.13888706869654283,
climode,43,raw,pinn_statistical,joint,pinn_statistical,observed_reconstruction,climode/pinn_statistical/vs_raw,whole_model_comparison,matched,latent_climode_transport_adaptation_v1,raw_climode_transport_adaptation_v1,1216918,248080,v10,m s**-1,66.0,True,2.627208448412626,2.8257642290812397,0.19855578066861357,0.07026622342557265,0.1350368706624998,
climode,43,raw,pinn_statistical,joint,pinn_statistical,observed_reconstruction,climode/pinn_statistical/vs_raw,whole_model_comparison,matched,latent_climode_transport_adaptation_v1,raw_climode_transport_adaptation_v1,1216918,248080,v10,m s**-1,72.0,True,2.7013854190757014,2.8577457426437105,0.1563603235680091,0.054714567931911096,0.12427645409173976,
climode,43,raw,pinn_statistical,joint,pinn_statistical,observed_reconstruction,climode/pinn_statistical/vs_raw,whole_model_comparison,matched,latent_climode_transport_adaptation_v1,raw_climode_transport_adaptation_v1,1216918,248080,v10,m s**-1,78.0,True,2.766459642638065,2.895404594007032,0.1289449513689669,0.044534346472979935,0.12066121414849756,
climode,43,raw,pinn_statistical,joint,pinn_statistical,observed_reconstruction,climode/pinn_statistical/vs_raw,whole_model_comparison,matched,latent_climode_transport_adaptation_v1,raw_climode_transport_adaptation_v1,1216918,248080,v10,m s**-1,84.0,True,2.824171637276078,2.9200782775097,0.09590664023362194,0.032843859348665516,0.11175752299366326,
climode,43,raw,pinn_statistical,joint,pinn_statistical,observed_reconstruction,climode/pinn_statistical/vs_raw,whole_model_comparison,matched,latent_climode_transport_adaptation_v1,raw_climode_transport_adaptation_v1,1216918,248080,v10,m s**-1,90.0,True,2.874039976987362,2.9426651357756053,0.06862515878824338,0.02332075027971392,0.10391855995053106,
climode,43,raw,pinn_statistical,joint,pinn_statistical,observed_reconstruction,climode/pinn_statistical/vs_raw,whole_model_comparison,matched,latent_climode_transport_adaptation_v1,raw_climode_transport_adaptation_v1,1216918,248080,v10,m s**-1,96.0,True,2.9192368443850794,2.9554855869801684,0.036248742595089034,0.012264902510361053,0.09077944700298368,
climode,43,raw,pinn_statistical,joint,pinn_statistical,observed_reconstruction,climode/pinn_statistical/vs_raw,whole_model_comparison,matched,latent_climode_transport_adaptation_v1,raw_climode_transport_adaptation_v1,1216918,248080,v10,m s**-1,102.0,True,2.954116557800344,2.974109701925607,0.019993144125262763,0.006722396323282198,0.08609155951403485,
climode,43,raw,pinn_statistical,joint,pinn_statistical,observed_reconstruction,climode/pinn_statistical/vs_raw,whole_model_comparison,matched,latent_climode_transport_adaptation_v1,raw_climode_transport_adaptation_v1,1216918,248080,v10,m s**-1,108.0,True,2.985988431811771,2.984901844842366,-0.0010865869694050012,-0.000364027705394232,0.07677136710425625,
climode,43,raw,pinn_statistical,joint,pinn_statistical,observed_reconstruction,climode/pinn_statistical/vs_raw,whole_model_comparison,matched,latent_climode_transport_adaptation_v1,raw_climode_transport_adaptation_v1,1216918,248080,v10,m s**-1,114.0,True,3.0130562585825746,2.9954428958635058,-0.01761336271906888,-0.005880052910837152,0.06844958652677097,
climode,43,raw,pinn_statistical,joint,pinn_statistical,observed_reconstruction,climode/pinn_statistical/vs_raw,whole_model_comparison,matched,latent_climode_transport_adaptation_v1,raw_climode_transport_adaptation_v1,1216918,248080,v10,m s**-1,120.0,True,3.0385633212254257,2.9997654364853537,-0.038797884740072064,-0.01293363950000348,0.05565048005220885,
climode,43,raw,pinn_statistical:kl_entropy,joint,pinn_statistical,observed_reconstruction,climode/pinn_statistical:kl_entropy/vs_raw,whole_model_comparison,matched,latent_climode_transport_adaptation_v1,raw_climode_transport_adaptation_v1,1216918,248080,msl,Pa,6.0,True,233.67544737202215,203.2381364364457,-30.43731093557645,-0.14976180882811074,-0.014995138742598946,
climode,43,raw,pinn_statistical:kl_entropy,joint,pinn_statistical,observed_reconstruction,climode/pinn_statistical:kl_entropy/vs_raw,whole_model_comparison,matched,latent_climode_transport_adaptation_v1,raw_climode_transport_adaptation_v1,1216918,248080,msl,Pa,12.0,True,247.30665073329249,255.4648454810277,8.158194747735223,0.03193470605465787,0.005069921282986334,
climode,43,raw,pinn_statistical:kl_entropy,joint,pinn_statistical,observed_reconstruction,climode/pinn_statistical:kl_entropy/vs_raw,whole_model_comparison,matched,latent_climode_transport_adaptation_v1,raw_climode_transport_adaptation_v1,1216918,248080,msl,Pa,18.0,True,287.5085417951857,333.8553687865663,46.346826991380624,0.13882306928246568,0.035041362110343255,
climode,43,raw,pinn_statistical:kl_entropy,joint,pinn_statistical,observed_reconstruction,climode/pinn_statistical:kl_entropy/vs_raw,whole_model_comparison,matched,latent_climode_transport_adaptation_v1,raw_climode_transport_adaptation_v1,1216918,248080,msl,Pa,24.0,True,313.4707831568307,363.1325869333724,49.66180377654172,0.1367594249690779,0.04155303161167978,
climode,43,raw,pinn_statistical:kl_entropy,joint,pinn_statistical,observed_reconstruction,climode/pinn_statistical:kl_entropy/vs_raw,whole_model_comparison,matched,latent_climode_transport_adaptation_v1,raw_climode_transport_adaptation_v1,1216918,248080,msl,Pa,30.0,True,346.39046534290634,425.1239841157399,78.73351877283358,0.1852013100051264,0.07814373625729243,
climode,43,raw,pinn_statistical:kl_entropy,joint,pinn_statistical,observed_reconstruction,climode/pinn_statistical:kl_entropy/vs_raw,whole_model_comparison,matched,latent_climode_transport_adaptation_v1,raw_climode_transport_adaptation_v1,1216918,248080,msl,Pa,36.0,True,377.4877010653866,454.92049898050266,77.43279791511605,0.17021171410971025,0.08661335412087046,
climode,43,raw,pinn_statistical:kl_entropy,joint,pinn_statistical,observed_reconstruction,climode/pinn_statistical:kl_entropy/vs_raw,whole_model_comparison,matched,latent_climode_transport_adaptation_v1,raw_climode_transport_adaptation_v1,1216918,248080,msl,Pa,42.0,True,411.1408303346807,493.1904219173679,82.04959158268724,0.16636493317064927,0.1058398246363561,
climode,43,raw,pinn_statistical:kl_entropy,joint,pinn_statistical,observed_reconstruction,climode/pinn_statistical:kl_entropy/vs_raw,whole_model_comparison,matched,latent_climode_transport_adaptation_v1,raw_climode_transport_adaptation_v1,1216918,248080,msl,Pa,48.0,True,436.97439492297167,507.88711779935653,70.91272287638486,0.13962299966111624,0.10068810361962799,
climode,43,raw,pinn_statistical:kl_entropy,joint,pinn_statistical,observed_reconstruction,climode/pinn_statistical:kl_entropy/vs_raw,whole_model_comparison,matched,latent_climode_transport_adaptation_v1,raw_climode_transport_adaptation_v1,1216918,248080,msl,Pa,54.0,True,462.44957849639894,539.8518727580959,77.40229426169691,0.14337691164476218,0.12224340465059413,
climode,43,raw,pinn_statistical:kl_entropy,joint,pinn_statistical,observed_reconstruction,climode/pinn_statistical:kl_entropy/vs_raw,whole_model_comparison,matched,latent_climode_transport_adaptation_v1,raw_climode_transport_adaptation_v1,1216918,248080,msl,Pa,60.0,True,485.9876186273573,554.2050559487452,68.21743732138793,0.12309060805049188,0.11859320777025462,
climode,43,raw,pinn_statistical:kl_entropy,joint,pinn_statistical,observed_reconstruction,climode/pinn_statistical:kl_entropy/vs_raw,whole_model_comparison,matched,latent_climode_transport_adaptation_v1,raw_climode_transport_adaptation_v1,1216918,248080,msl,Pa,66.0,True,508.87464895166204,573.7021080052822,64.82745905362015,0.11299846758280219,0.12539513769123412,
climode,43,raw,pinn_statistical:kl_entropy,joint,pinn_statistical,observed_reconstruction,climode/pinn_statistical:kl_entropy/vs_raw,whole_model_comparison,matched,latent_climode_transport_adaptation_v1,raw_climode_transport_adaptation_v1,1216918,248080,msl,Pa,72.0,True,526.4535757666646,579.0439871669518,52.59041140028717,0.09082282618561088,0.1123833062708931,
climode,43,raw,pinn_statistical:kl_entropy,joint,pinn_statistical,observed_reconstruction,climode/pinn_statistical:kl_entropy/vs_raw,whole_model_comparison,matched,latent_climode_transport_adaptation_v1,raw_climode_transport_adaptation_v1,1216918,248080,msl,Pa,78.0,True,543.5364806818984,597.6245835843941,54.088102902495734,0.09050515053796748,0.12475576304702307,
climode,43,raw,pinn_statistical:kl_entropy,joint,pinn_statistical,observed_reconstruction,climode/pinn_statistical:kl_entropy/vs_raw,whole_model_comparison,matched,latent_climode_transport_adaptation_v1,raw_climode_transport_adaptation_v1,1216918,248080,msl,Pa,84.0,True,559.1443332684316,604.9631420229899,45.81880875455829,0.07573818233180407,0.11704648732535405,
climode,43,raw,pinn_statistical:kl_entropy,joint,pinn_statistical,observed_reconstruction,climode/pinn_statistical:kl_entropy/vs_raw,whole_model_comparison,matched,latent_climode_transport_adaptation_v1,raw_climode_transport_adaptation_v1,1216918,248080,msl,Pa,90.0,True,575.8759551027517,616.3238402083513,40.44788510559954,0.06562764973025537,0.11599226194741602,
climode,43,raw,pinn_statistical:kl_entropy,joint,pinn_statistical,observed_reconstruction,climode/pinn_statistical:kl_entropy/vs_raw,whole_model_comparison,matched,latent_climode_transport_adaptation_v1,raw_climode_transport_adaptation_v1,1216918,248080,msl,Pa,96.0,True,587.2038475933442,618.1046019843392,30.900754390994962,0.04999275897929312,0.10244884343590588,
climode,43,raw,pinn_statistical:kl_entropy,joint,pinn_statistical,observed_reconstruction,climode/pinn_statistical:kl_entropy/vs_raw,whole_model_comparison,matched,latent_climode_transport_adaptation_v1,raw_climode_transport_adaptation_v1,1216918,248080,msl,Pa,102.0,True,598.8810264680594,630.5932336220037,31.71220715394429,0.05028948213065276,0.11060144023848656,
climode,43,raw,pinn_statistical:kl_entropy,joint,pinn_statistical,observed_reconstruction,climode/pinn_statistical:kl_entropy/vs_raw,whole_model_comparison,matched,latent_climode_transport_adaptation_v1,raw_climode_transport_adaptation_v1,1216918,248080,msl,Pa,108.0,True,608.436202409121,634.7958301606383,26.359627751517223,0.04152457609062554,0.10363734264912378,
climode,43,raw,pinn_statistical:kl_entropy,joint,pinn_statistical,observed_reconstruction,climode/pinn_statistical:kl_entropy/vs_raw,whole_model_comparison,matched,latent_climode_transport_adaptation_v1,raw_climode_transport_adaptation_v1,1216918,248080,msl,Pa,114.0,True,619.5045906536835,641.9181260027739,22.413535349090353,0.034916501717531356,0.10092419240768363,
climode,43,raw,pinn_statistical:kl_entropy,joint,pinn_statistical,observed_reconstruction,climode/pinn_statistical:kl_entropy/vs_raw,whole_model_comparison,matched,latent_climode_transport_adaptation_v1,raw_climode_transport_adaptation_v1,1216918,248080,msl,Pa,120.0,True,626.5041269669483,641.9282063645885,15.424079397640185,0.02402773276624015,0.08756912320445748,
climode,43,raw,pinn_statistical:kl_entropy,joint,pinn_statistical,observed_reconstruction,climode/pinn_statistical:kl_entropy/vs_raw,whole_model_comparison,matched,latent_climode_transport_adaptation_v1,raw_climode_transport_adaptation_v1,1216918,248080,t2m,K,6.0,True,2.1700622075351403,2.389613900428215,0.21955169289307452,0.09187747562638937,0.013902795611973384,
climode,43,raw,pinn_statistical:kl_entropy,joint,pinn_statistical,observed_reconstruction,climode/pinn_statistical:kl_entropy/vs_raw,whole_model_comparison,matched,latent_climode_transport_adaptation_v1,raw_climode_transport_adaptation_v1,1216918,248080,t2m,K,12.0,True,2.529253163981725,3.2072632613125553,0.6780100973308305,0.2113983300059249,0.08778353145422024,
climode,43,raw,pinn_statistical:kl_entropy,joint,pinn_statistical,observed_reconstruction,climode/pinn_statistical:kl_entropy/vs_raw,whole_model_comparison,matched,latent_climode_transport_adaptation_v1,raw_climode_transport_adaptation_v1,1216918,248080,t2m,K,18.0,True,2.507071261288346,2.645980467050221,0.13890920576187504,0.05249819773489606,0.04015048062773663,
climode,43,raw,pinn_statistical:kl_entropy,joint,pinn_statistical,observed_reconstruction,climode/pinn_statistical:kl_entropy/vs_raw,whole_model_comparison,matched,latent_climode_transport_adaptation_v1,raw_climode_transport_adaptation_v1,1216918,248080,t2m,K,24.0,True,2.213008735349205,1.787008676824485,-0.4260000585247199,-0.23838723563543196,-0.022806612363810652,
climode,43,raw,pinn_statistical:kl_entropy,joint,pinn_statistical,observed_reconstruction,climode/pinn_statistical:kl_entropy/vs_raw,whole_model_comparison,matched,latent_climode_transport_adaptation_v1,raw_climode_transport_adaptation_v1,1216918,248080,t2m,K,30.0,True,2.233590570130044,2.746401437386087,0.512810867256043,0.18672101619059578,0.06408421392162578,
climode,43,raw,pinn_statistical:kl_entropy,joint,pinn_statistical,observed_reconstruction,climode/pinn_statistical:kl_entropy/vs_raw,whole_model_comparison,matched,latent_climode_transport_adaptation_v1,raw_climode_transport_adaptation_v1,1216918,248080,t2m,K,36.0,True,2.217988208567933,3.331166763513175,1.1131785549452418,0.33417076777364374,0.1399865516449682,
climode,43,raw,pinn_statistical:kl_entropy,joint,pinn_statistical,observed_reconstruction,climode/pinn_statistical:kl_entropy/vs_raw,whole_model_comparison,matched,latent_climode_transport_adaptation_v1,raw_climode_transport_adaptation_v1,1216918,248080,t2m,K,42.0,True,2.037433404252743,2.847955588199102,0.8105221839463592,0.2845979014928709,0.0966920539874494,
climode,43,raw,pinn_statistical:kl_entropy,joint,pinn_statistical,observed_reconstruction,climode/pinn_statistical:kl_entropy/vs_raw,whole_model_comparison,matched,latent_climode_transport_adaptation_v1,raw_climode_transport_adaptation_v1,1216918,248080,t2m,K,48.0,True,1.8806396191762194,2.095639681129038,0.2150000619528185,0.10259400215068748,0.02006170282081665,
climode,43,raw,pinn_statistical:kl_entropy,joint,pinn_statistical,observed_reconstruction,climode/pinn_statistical:kl_entropy/vs_raw,whole_model_comparison,matched,latent_climode_transport_adaptation_v1,raw_climode_transport_adaptation_v1,1216918,248080,t2m,K,54.0,True,2.10051033670766,2.8514967954660277,0.7509864587583679,0.26336570321680197,0.09274580746081595,
climode,43,raw,pinn_statistical:kl_entropy,joint,pinn_statistical,observed_reconstruction,climode/pinn_statistical:kl_entropy/vs_raw,whole_model_comparison,matched,latent_climode_transport_adaptation_v1,raw_climode_transport_adaptation_v1,1216918,248080,t2m,K,60.0,True,2.2717512472461827,3.396981450073442,1.1252302028272592,0.3312441411191491,0.15650676915394135,
climode,43,raw,pinn_statistical:kl_entropy,joint,pinn_statistical,observed_reconstruction,climode/pinn_statistical:kl_entropy/vs_raw,whole_model_comparison,matched,latent_climode_transport_adaptation_v1,raw_climode_transport_adaptation_v1,1216918,248080,t2m,K,66.0,True,2.2871036906190008,2.9885854083964953,0.7014817177774946,0.23472031811661342,0.10055836351793912,
climode,43,raw,pinn_statistical:kl_entropy,joint,pinn_statistical,observed_reconstruction,climode/pinn_statistical:kl_entropy/vs_raw,whole_model_comparison,matched,latent_climode_transport_adaptation_v1,raw_climode_transport_adaptation_v1,1216918,248080,t2m,K,72.0,True,2.1877177044883833,2.3043918458599775,0.11667414137159415,0.05063120735356208,0.02086256147455534,
climode,43,raw,pinn_statistical:kl_entropy,joint,pinn_statistical,observed_reconstruction,climode/pinn_statistical:kl_entropy/vs_raw,whole_model_comparison,matched,latent_climode_transport_adaptation_v1,raw_climode_transport_adaptation_v1,1216918,248080,t2m,K,78.0,True,2.3089974990327917,2.946627293122022,0.6376297940892304,0.21639309307206145,0.08982703595582364,
climode,43,raw,pinn_statistical:kl_entropy,joint,pinn_statistical,observed_reconstruction,climode/pinn_statistical:kl_entropy/vs_raw,whole_model_comparison,matched,latent_climode_transport_adaptation_v1,raw_climode_transport_adaptation_v1,1216918,248080,t2m,K,84.0,True,2.406838468182841,3.463988760099275,1.0571502919164342,0.3051829451912359,0.15687124077609793,
climode,43,raw,pinn_statistical:kl_entropy,joint,pinn_statistical,observed_reconstruction,climode/pinn_statistical:kl_entropy/vs_raw,whole_model_comparison,matched,latent_climode_transport_adaptation_v1,raw_climode_transport_adaptation_v1,1216918,248080,t2m,K,90.0,True,2.351551470773631,3.1057465864738796,0.7541951157002487,0.2428385879855467,0.11107562713854036,
climode,43,raw,pinn_statistical:kl_entropy,joint,pinn_statistical,observed_reconstruction,climode/pinn_statistical:kl_entropy/vs_raw,whole_model_comparison,matched,latent_climode_transport_adaptation_v1,raw_climode_transport_adaptation_v1,1216918,248080,t2m,K,96.0,True,2.2441137207096125,2.4685004711303056,0.22438675042069312,0.09090002333195757,0.0317317861410682,
climode,43,raw,pinn_statistical:kl_entropy,joint,pinn_statistical,observed_reconstruction,climode/pinn_statistical:kl_entropy/vs_raw,whole_model_comparison,matched,latent_climode_transport_adaptation_v1,raw_climode_transport_adaptation_v1,1216918,248080,t2m,K,102.0,True,2.3794772746409136,3.0332001763995695,0.6537229017586559,0.21552250551911467,0.09525015571492634,
climode,43,raw,pinn_statistical:kl_entropy,joint,pinn_statistical,observed_reconstruction,climode/pinn_statistical:kl_entropy/vs_raw,whole_model_comparison,matched,latent_climode_transport_adaptation_v1,raw_climode_transport_adaptation_v1,1216918,248080,t2m,K,108.0,True,2.49384541822194,3.5284424668374497,1.0345970486155096,0.2932163577383823,0.1606695096340286,
climode,43,raw,pinn_statistical:kl_entropy,joint,pinn_statistical,observed_reconstruction,climode/pinn_statistical:kl_entropy/vs_raw,whole_model_comparison,matched,latent_climode_transport_adaptation_v1,raw_climode_transport_adaptation_v1,1216918,248080,t2m,K,114.0,True,2.4563217272138727,3.2080322851637932,0.7517105579499206,0.2343213818097658,0.11647434980618554,
climode,43,raw,pinn_statistical:kl_entropy,joint,pinn_statistical,observed_reconstruction,climode/pinn_statistical:kl_entropy/vs_raw,whole_model_comparison,matched,latent_climode_transport_adaptation_v1,raw_climode_transport_adaptation_v1,1216918,248080,t2m,K,120.0,True,2.358006669968039,2.6093494763840765,0.2513428064160377,0.09632393387348703,0.035746405117795366,
climode,43,raw,pinn_statistical:kl_entropy,joint,pinn_statistical,observed_reconstruction,climode/pinn_statistical:kl_entropy/vs_raw,whole_model_comparison,matched,latent_climode_transport_adaptation_v1,raw_climode_transport_adaptation_v1,1216918,248080,u10,m s**-1,6.0,True,1.1418467478698884,0.9341439482746868,-0.20770279959520155,-0.22234560313623764,-0.02588268187634124,
climode,43,raw,pinn_statistical:kl_entropy,joint,pinn_statistical,observed_reconstruction,climode/pinn_statistical:kl_entropy/vs_raw,whole_model_comparison,matched,latent_climode_transport_adaptation_v1,raw_climode_transport_adaptation_v1,1216918,248080,u10,m s**-1,12.0,True,1.2733698010781904,1.304283813841937,0.030914012763746612,0.023701906314918864,0.004410803652094453,
climode,43,raw,pinn_statistical:kl_entropy,joint,pinn_statistical,observed_reconstruction,climode/pinn_statistical:kl_entropy/vs_raw,whole_model_comparison,matched,latent_climode_transport_adaptation_v1,raw_climode_transport_adaptation_v1,1216918,248080,u10,m s**-1,18.0,True,1.456033837455054,1.5980073474726584,0.14197351001760428,0.08884409088740652,0.02786032774536762,
climode,43,raw,pinn_statistical:kl_entropy,joint,pinn_statistical,observed_reconstruction,climode/pinn_statistical:kl_entropy/vs_raw,whole_model_comparison,matched,latent_climode_transport_adaptation_v1,raw_climode_transport_adaptation_v1,1216918,248080,u10,m s**-1,24.0,True,1.6168884048171555,1.782665969509621,0.16577756469246552,0.09299418260509451,0.037991027221441764,
climode,43,raw,pinn_statistical:kl_entropy,joint,pinn_statistical,observed_reconstruction,climode/pinn_statistical:kl_entropy/vs_raw,whole_model_comparison,matched,latent_climode_transport_adaptation_v1,raw_climode_transport_adaptation_v1,1216918,248080,u10,m s**-1,30.0,True,1.7774106309588718,2.0037707246481933,0.22636009368932153,0.1129670630002163,0.06244745649336736,
climode,43,raw,pinn_statistical:kl_entropy,joint,pinn_statistical,observed_reconstruction,climode/pinn_statistical:kl_entropy/vs_raw,whole_model_comparison,matched,latent_climode_transport_adaptation_v1,raw_climode_transport_adaptation_v1,1216918,248080,u10,m s**-1,36.0,True,1.917523151530018,2.149198571225493,0.2316754196954749,0.10779619100685123,0.07348026224681226,
climode,43,raw,pinn_statistical:kl_entropy,joint,pinn_statistical,observed_reconstruction,climode/pinn_statistical:kl_entropy/vs_raw,whole_model_comparison,matched,latent_climode_transport_adaptation_v1,raw_climode_transport_adaptation_v1,1216918,248080,u10,m s**-1,42.0,True,2.040912397672864,2.2719573426812545,0.23104494500839046,0.10169422667756711,0.08265528846554082,
climode,43,raw,pinn_statistical:kl_entropy,joint,pinn_statistical,observed_reconstruction,climode/pinn_statistical:kl_entropy/vs_raw,whole_model_comparison,matched,latent_climode_transport_adaptation_v1,raw_climode_transport_adaptation_v1,1216918,248080,u10,m s**-1,48.0,True,2.147533700547773,2.347249373659338,0.19971567311156502,0.08508498302428358,0.07946799476481525,
climode,43,raw,pinn_statistical:kl_entropy,joint,pinn_statistical,observed_reconstruction,climode/pinn_statistical:kl_entropy/vs_raw,whole_model_comparison,matched,latent_climode_transport_adaptation_v1,raw_climode_transport_adaptation_v1,1216918,248080,u10,m s**-1,54.0,True,2.247584736729043,2.4476387004676514,0.2000539637386085,0.081733453430192,0.08976160241318942,
climode,43,raw,pinn_statistical:kl_entropy,joint,pinn_statistical,observed_reconstruction,climode/pinn_statistical:kl_entropy/vs_raw,whole_model_comparison,matched,latent_climode_transport_adaptation_v1,raw_climode_transport_adaptation_v1,1216918,248080,u10,m s**-1,60.0,True,2.3391358301008283,2.5130633171826204,0.17392748708179218,0.06920935333884914,0.08820926829141018,
climode,43,raw,pinn_statistical:kl_entropy,joint,pinn_statistical,observed_reconstruction,climode/pinn_statistical:kl_entropy/vs_raw,whole_model_comparison,matched,latent_climode_transport_adaptation_v1,raw_climode_transport_adaptation_v1,1216918,248080,u10,m s**-1,66.0,True,2.418764962206205,2.573781817699194,0.15501685549298916,0.06022921384671409,0.08826347338711671,
climode,43,raw,pinn_statistical:kl_entropy,joint,pinn_statistical,observed_reconstruction,climode/pinn_statistical:kl_entropy/vs_raw,whole_model_comparison,matched,latent_climode_transport_adaptation_v1,raw_climode_transport_adaptation_v1,1216918,248080,u10,m s**-1,72.0,True,2.4892007518589514,2.60652684151483,0.11732608965587854,0.04501242334711286,0.07859841417176205,
climode,43,raw,pinn_statistical:kl_entropy,joint,pinn_statistical,observed_reconstruction,climode/pinn_statistical:kl_entropy/vs_raw,whole_model_comparison,matched,latent_climode_transport_adaptation_v1,raw_climode_transport_adaptation_v1,1216918,248080,u10,m s**-1,78.0,True,2.552039996243962,2.661707936919122,0.10966794067515995,0.04120209402166741,0.08393731893681722,
climode,43,raw,pinn_statistical:kl_entropy,joint,pinn_statistical,observed_reconstruction,climode/pinn_statistical:kl_entropy/vs_raw,whole_model_comparison,matched,latent_climode_transport_adaptation_v1,raw_climode_transport_adaptation_v1,1216918,248080,u10,m s**-1,84.0,True,2.6104505465292935,2.6953298777117416,0.08487933118244806,0.03149125896771798,0.07983058241250651,
climode,43,raw,pinn_statistical:kl_entropy,joint,pinn_statistical,observed_reconstruction,climode/pinn_statistical:kl_entropy/vs_raw,whole_model_comparison,matched,latent_climode_transport_adaptation_v1,raw_climode_transport_adaptation_v1,1216918,248080,u10,m s**-1,90.0,True,2.6612125523950687,2.730227562991469,0.06901501059640047,0.02527811656870893,0.07823048165453644,
climode,43,raw,pinn_statistical:kl_entropy,joint,pinn_statistical,observed_reconstruction,climode/pinn_statistical:kl_entropy/vs_raw,whole_model_comparison,matched,latent_climode_transport_adaptation_v1,raw_climode_transport_adaptation_v1,1216918,248080,u10,m s**-1,96.0,True,2.7049934087422236,2.7450627505624334,0.040069341820209825,0.014596876451002827,0.06852048838828673,
climode,43,raw,pinn_statistical:kl_entropy,joint,pinn_statistical,observed_reconstruction,climode/pinn_statistical:kl_entropy/vs_raw,whole_model_comparison,matched,latent_climode_transport_adaptation_v1,raw_climode_transport_adaptation_v1,1216918,248080,u10,m s**-1,102.0,True,2.7431642559687357,2.779097200613385,0.03593294464464947,0.012929718556342173,0.07254380578914982,
climode,43,raw,pinn_statistical:kl_entropy,joint,pinn_statistical,observed_reconstruction,climode/pinn_statistical:kl_entropy/vs_raw,whole_model_comparison,matched,latent_climode_transport_adaptation_v1,raw_climode_transport_adaptation_v1,1216918,248080,u10,m s**-1,108.0,True,2.777356821162711,2.796993166065145,0.019636344902433933,0.007020519442333395,0.0684275906804766,
climode,43,raw,pinn_statistical:kl_entropy,joint,pinn_statistical,observed_reconstruction,climode/pinn_statistical:kl_entropy/vs_raw,whole_model_comparison,matched,latent_climode_transport_adaptation_v1,raw_climode_transport_adaptation_v1,1216918,248080,u10,m s**-1,114.0,True,2.80829463130819,2.818003000743577,0.009708369435386999,0.003445123881282375,0.06605482240442967,
climode,43,raw,pinn_statistical:kl_entropy,joint,pinn_statistical,observed_reconstruction,climode/pinn_statistical:kl_entropy/vs_raw,whole_model_comparison,matched,latent_climode_transport_adaptation_v1,raw_climode_transport_adaptation_v1,1216918,248080,u10,m s**-1,120.0,True,2.8355569242424257,2.823129755407383,-0.012427168835042579,-0.004401912030872701,0.05544545934681583,
climode,43,raw,pinn_statistical:kl_entropy,joint,pinn_statistical,observed_reconstruction,climode/pinn_statistical:kl_entropy/vs_raw,whole_model_comparison,matched,latent_climode_transport_adaptation_v1,raw_climode_transport_adaptation_v1,1216918,248080,v10,m s**-1,6.0,True,1.2662992193062774,1.0713397886715883,-0.19495943063468912,-0.18197721460194227,-0.027961843263189512,
climode,43,raw,pinn_statistical:kl_entropy,joint,pinn_statistical,observed_reconstruction,climode/pinn_statistical:kl_entropy/vs_raw,whole_model_comparison,matched,latent_climode_transport_adaptation_v1,raw_climode_transport_adaptation_v1,1216918,248080,v10,m s**-1,12.0,True,1.4060887645383708,1.5243396534250866,0.11825088888671575,0.07757515762383671,0.01815870722426527,
climode,43,raw,pinn_statistical:kl_entropy,joint,pinn_statistical,observed_reconstruction,climode/pinn_statistical:kl_entropy/vs_raw,whole_model_comparison,matched,latent_climode_transport_adaptation_v1,raw_climode_transport_adaptation_v1,1216918,248080,v10,m s**-1,18.0,True,1.60235474976589,1.8473594251123333,0.2450046753464432,0.13262425926213306,0.05120628043053954,
climode,43,raw,pinn_statistical:kl_entropy,joint,pinn_statistical,observed_reconstruction,climode/pinn_statistical:kl_entropy/vs_raw,whole_model_comparison,matched,latent_climode_transport_adaptation_v1,raw_climode_transport_adaptation_v1,1216918,248080,v10,m s**-1,24.0,True,1.7683340148523146,2.0645270850136312,0.2961930701613167,0.143467757004196,0.07375784077207792,
climode,43,raw,pinn_statistical:kl_entropy,joint,pinn_statistical,observed_reconstruction,climode/pinn_statistical:kl_entropy/vs_raw,whole_model_comparison,matched,latent_climode_transport_adaptation_v1,raw_climode_transport_adaptation_v1,1216918,248080,v10,m s**-1,30.0,True,1.93263718154811,2.278776860319402,0.34613967877129204,0.15189713604638577,0.10371925665145065,
climode,43,raw,pinn_statistical:kl_entropy,joint,pinn_statistical,observed_reconstruction,climode/pinn_statistical:kl_entropy/vs_raw,whole_model_comparison,matched,latent_climode_transport_adaptation_v1,raw_climode_transport_adaptation_v1,1216918,248080,v10,m s**-1,36.0,True,2.078161160882068,2.4281593060656452,0.3499981451835774,0.1441413437369069,0.12166811626906493,
climode,43,raw,pinn_statistical:kl_entropy,joint,pinn_statistical,observed_reconstruction,climode/pinn_statistical:kl_entropy/vs_raw,whole_model_comparison,matched,latent_climode_transport_adaptation_v1,raw_climode_transport_adaptation_v1,1216918,248080,v10,m s**-1,42.0,True,2.2118979442486615,2.5494433434711916,0.33754539922253013,0.1323996471962956,0.13431711090029086,
climode,43,raw,pinn_statistical:kl_entropy,joint,pinn_statistical,observed_reconstruction,climode/pinn_statistical:kl_entropy/vs_raw,whole_model_comparison,matched,latent_climode_transport_adaptation_v1,raw_climode_transport_adaptation_v1,1216918,248080,v10,m s**-1,48.0,True,2.32909386673392,2.6328731120253037,0.30377924529138367,0.11537937164685674,0.1364957141102474,
climode,43,raw,pinn_statistical:kl_entropy,joint,pinn_statistical,observed_reconstruction,climode/pinn_statistical:kl_entropy/vs_raw,whole_model_comparison,matched,latent_climode_transport_adaptation_v1,raw_climode_transport_adaptation_v1,1216918,248080,v10,m s**-1,54.0,True,2.4390558924539634,2.7179314755094017,0.27887558305543836,0.10260581827331416,0.1426808704113684,
climode,43,raw,pinn_statistical:kl_entropy,joint,pinn_statistical,observed_reconstruction,climode/pinn_statistical:kl_entropy/vs_raw,whole_model_comparison,matched,latent_climode_transport_adaptation_v1,raw_climode_transport_adaptation_v1,1216918,248080,v10,m s**-1,60.0,True,2.536170563556044,2.7760130269177803,0.23984246336173642,0.08639817646246228,0.13980657409291825,
climode,43,raw,pinn_statistical:kl_entropy,joint,pinn_statistical,observed_reconstruction,climode/pinn_statistical:kl_entropy/vs_raw,whole_model_comparison,matched,latent_climode_transport_adaptation_v1,raw_climode_transport_adaptation_v1,1216918,248080,v10,m s**-1,66.0,True,2.6233910084117995,2.8257642290812397,0.2023732206694402,0.07161716415924735,0.13494856947760725,
climode,43,raw,pinn_statistical:kl_entropy,joint,pinn_statistical,observed_reconstruction,climode/pinn_statistical:kl_entropy/vs_raw,whole_model_comparison,matched,latent_climode_transport_adaptation_v1,raw_climode_transport_adaptation_v1,1216918,248080,v10,m s**-1,72.0,True,2.6993672402130136,2.8577457426437105,0.15837850243069695,0.05542078151577634,0.12326393439873001,
climode,43,raw,pinn_statistical:kl_entropy,joint,pinn_statistical,observed_reconstruction,climode/pinn_statistical:kl_entropy/vs_raw,whole_model_comparison,matched,latent_climode_transport_adaptation_v1,raw_climode_transport_adaptation_v1,1216918,248080,v10,m s**-1,78.0,True,2.7660393250275606,2.895404594007032,0.12936526897947154,0.0446795136152075,0.1188636190712683,
climode,43,raw,pinn_statistical:kl_entropy,joint,pinn_statistical,observed_reconstruction,climode/pinn_statistical:kl_entropy/vs_raw,whole_model_comparison,matched,latent_climode_transport_adaptation_v1,raw_climode_transport_adaptation_v1,1216918,248080,v10,m s**-1,84.0,True,2.826107546028797,2.9200782775097,0.09397073148090263,0.03218089467144103,0.1087720185976353,
climode,43,raw,pinn_statistical:kl_entropy,joint,pinn_statistical,observed_reconstruction,climode/pinn_statistical:kl_entropy/vs_raw,whole_model_comparison,matched,latent_climode_transport_adaptation_v1,raw_climode_transport_adaptation_v1,1216918,248080,v10,m s**-1,90.0,True,2.8775577079806185,2.9426651357756053,0.0651074277949868,0.022125326801014422,0.10000228948262013,
climode,43,raw,pinn_statistical:kl_entropy,joint,pinn_statistical,observed_reconstruction,climode/pinn_statistical:kl_entropy/vs_raw,whole_model_comparison,matched,latent_climode_transport_adaptation_v1,raw_climode_transport_adaptation_v1,1216918,248080,v10,m s**-1,96.0,True,2.922664366001095,2.9554855869801684,0.03282122097907347,0.011105187290934904,0.08647661294117565,
climode,43,raw,pinn_statistical:kl_entropy,joint,pinn_statistical,observed_reconstruction,climode/pinn_statistical:kl_entropy/vs_raw,whole_model_comparison,matched,latent_climode_transport_adaptation_v1,raw_climode_transport_adaptation_v1,1216918,248080,v10,m s**-1,102.0,True,2.959358815661097,2.974109701925607,0.014750886264510044,0.004959765355985191,0.08153644297922169,
climode,43,raw,pinn_statistical:kl_entropy,joint,pinn_statistical,observed_reconstruction,climode/pinn_statistical:kl_entropy/vs_raw,whole_model_comparison,matched,latent_climode_transport_adaptation_v1,raw_climode_transport_adaptation_v1,1216918,248080,v10,m s**-1,108.0,True,2.9939714545150533,2.984901844842366,-0.009069609672687218,-0.003038495114457085,0.07118600791608487,
climode,43,raw,pinn_statistical:kl_entropy,joint,pinn_statistical,observed_reconstruction,climode/pinn_statistical:kl_entropy/vs_raw,whole_model_comparison,matched,latent_climode_transport_adaptation_v1,raw_climode_transport_adaptation_v1,1216918,248080,v10,m s**-1,114.0,True,3.0221279870536977,2.9954428958635058,-0.026685091190191912,-0.008908562812878884,0.06249822956894718,
climode,43,raw,pinn_statistical:kl_entropy,joint,pinn_statistical,observed_reconstruction,climode/pinn_statistical:kl_entropy/vs_raw,whole_model_comparison,matched,latent_climode_transport_adaptation_v1,raw_climode_transport_adaptation_v1,1216918,248080,v10,m s**-1,120.0,True,3.0467621526541624,2.9997654364853537,-0.04699671616880874,-0.015666797009259437,0.04973635979364838,
convlstm,43,raw,pinn_statistical,joint,pinn_statistical,observed_reconstruction,convlstm/pinn_statistical/vs_raw,whole_model_comparison,matched,convlstm_time_conditioned_adaptation_v1,convlstm_time_conditioned_adaptation_v1,1604278,855940,msl,Pa,6.0,True,226.9079649017036,175.99358564618024,-50.91437925552336,-0.2892967892470939,-0.02231500504174,
convlstm,43,raw,pinn_statistical,joint,pinn_statistical,observed_reconstruction,convlstm/pinn_statistical/vs_raw,whole_model_comparison,matched,convlstm_time_conditioned_adaptation_v1,convlstm_time_conditioned_adaptation_v1,1604278,855940,msl,Pa,12.0,True,244.03865483900907,219.102011545705,-24.93664329330406,-0.11381293634587308,-0.013673743949107031,
convlstm,43,raw,pinn_statistical,joint,pinn_statistical,observed_reconstruction,convlstm/pinn_statistical/vs_raw,whole_model_comparison,matched,convlstm_time_conditioned_adaptation_v1,convlstm_time_conditioned_adaptation_v1,1604278,855940,msl,Pa,18.0,True,296.0263408843875,287.14991534878203,-8.87642553560545,-0.03091216490460691,-0.008036881040714872,
convlstm,43,raw,pinn_statistical,joint,pinn_statistical,observed_reconstruction,convlstm/pinn_statistical/vs_raw,whole_model_comparison,matched,convlstm_time_conditioned_adaptation_v1,convlstm_time_conditioned_adaptation_v1,1604278,855940,msl,Pa,24.0,True,327.22331476505786,312.3688385884465,-14.854476176611342,-0.04755428308321896,-0.013253389906237367,
convlstm,43,raw,pinn_statistical,joint,pinn_statistical,observed_reconstruction,convlstm/pinn_statistical/vs_raw,whole_model_comparison,matched,convlstm_time_conditioned_adaptation_v1,convlstm_time_conditioned_adaptation_v1,1604278,855940,msl,Pa,30.0,True,370.5325655685271,356.87950076102675,-13.653064807500357,-0.03825679193785558,-0.014809599596239065,
convlstm,43,raw,pinn_statistical,joint,pinn_statistical,observed_reconstruction,convlstm/pinn_statistical/vs_raw,whole_model_comparison,matched,convlstm_time_conditioned_adaptation_v1,convlstm_time_conditioned_adaptation_v1,1604278,855940,msl,Pa,36.0,True,403.1904898503255,382.7890825314791,-20.401407318846395,-0.05329673245623101,-0.023226893289693185,
convlstm,43,raw,pinn_statistical,joint,pinn_statistical,observed_reconstruction,convlstm/pinn_statistical/vs_raw,whole_model_comparison,matched,convlstm_time_conditioned_adaptation_v1,convlstm_time_conditioned_adaptation_v1,1604278,855940,msl,Pa,42.0,True,431.3926712610413,417.24359721754536,-14.149074043495943,-0.03391082364798703,-0.021153186199479368,
convlstm,43,raw,pinn_statistical,joint,pinn_statistical,observed_reconstruction,convlstm/pinn_statistical/vs_raw,whole_model_comparison,matched,convlstm_time_conditioned_adaptation_v1,convlstm_time_conditioned_adaptation_v1,1604278,855940,msl,Pa,48.0,True,455.91701461716764,434.159892471173,-21.75712214599463,-0.050113155368074924,-0.031125221291671057,
convlstm,43,raw,pinn_statistical,joint,pinn_statistical,observed_reconstruction,convlstm/pinn_statistical/vs_raw,whole_model_comparison,matched,convlstm_time_conditioned_adaptation_v1,convlstm_time_conditioned_adaptation_v1,1604278,855940,msl,Pa,54.0,True,479.8242212783742,458.99713869080455,-20.827082587569635,-0.045375190457558556,-0.03300759979390577,
convlstm,43,raw,pinn_statistical,joint,pinn_statistical,observed_reconstruction,convlstm/pinn_statistical/vs_raw,whole_model_comparison,matched,convlstm_time_conditioned_adaptation_v1,convlstm_time_conditioned_adaptation_v1,1604278,855940,msl,Pa,60.0,True,498.44970982988804,474.8231376631505,-23.62657216673756,-0.04975867916423815,-0.03844754739249623,
convlstm,43,raw,pinn_statistical,joint,pinn_statistical,observed_reconstruction,convlstm/pinn_statistical/vs_raw,whole_model_comparison,matched,convlstm_time_conditioned_adaptation_v1,convlstm_time_conditioned_adaptation_v1,1604278,855940,msl,Pa,66.0,True,516.0620122636712,495.97139588833267,-20.090616375338584,-0.040507611007192024,-0.03721554188478049,
convlstm,43,raw,pinn_statistical,joint,pinn_statistical,observed_reconstruction,convlstm/pinn_statistical/vs_raw,whole_model_comparison,matched,convlstm_time_conditioned_adaptation_v1,convlstm_time_conditioned_adaptation_v1,1604278,855940,msl,Pa,72.0,True,529.9808593982369,506.89483590454597,-23.08602349369096,-0.04554401003611397,-0.04176938869745539,
convlstm,43,raw,pinn_statistical,joint,pinn_statistical,observed_reconstruction,convlstm/pinn_statistical/vs_raw,whole_model_comparison,matched,convlstm_time_conditioned_adaptation_v1,convlstm_time_conditioned_adaptation_v1,1604278,855940,msl,Pa,78.0,True,545.1720306853825,522.4580775320816,-22.713953153300963,-0.04347516887975811,-0.04378117155073613,
convlstm,43,raw,pinn_statistical,joint,pinn_statistical,observed_reconstruction,convlstm/pinn_statistical/vs_raw,whole_model_comparison,matched,convlstm_time_conditioned_adaptation_v1,convlstm_time_conditioned_adaptation_v1,1604278,855940,msl,Pa,84.0,True,556.3606228673714,532.0540866336794,-24.306536233691986,-0.04568433331182575,-0.04620973662699224,
convlstm,43,raw,pinn_statistical,joint,pinn_statistical,observed_reconstruction,convlstm/pinn_statistical/vs_raw,whole_model_comparison,matched,convlstm_time_conditioned_adaptation_v1,convlstm_time_conditioned_adaptation_v1,1604278,855940,msl,Pa,90.0,True,567.2417820260433,546.2861586367112,-20.955623389332118,-0.03836015805640791,-0.04377203463318746,
convlstm,43,raw,pinn_statistical,joint,pinn_statistical,observed_reconstruction,convlstm/pinn_statistical/vs_raw,whole_model_comparison,matched,convlstm_time_conditioned_adaptation_v1,convlstm_time_conditioned_adaptation_v1,1604278,855940,msl,Pa,96.0,True,576.1001058258572,552.8512464259898,-23.248859399867456,-0.0420526489723303,-0.045719396910530175,
convlstm,43,raw,pinn_statistical,joint,pinn_statistical,observed_reconstruction,convlstm/pinn_statistical/vs_raw,whole_model_comparison,matched,convlstm_time_conditioned_adaptation_v1,convlstm_time_conditioned_adaptation_v1,1604278,855940,msl,Pa,102.0,True,584.9603092328216,563.3887841744004,-21.57152505842123,-0.03828887912639667,-0.04456448095108678,
convlstm,43,raw,pinn_statistical,joint,pinn_statistical,observed_reconstruction,convlstm/pinn_statistical/vs_raw,whole_model_comparison,matched,convlstm_time_conditioned_adaptation_v1,convlstm_time_conditioned_adaptation_v1,1604278,855940,msl,Pa,108.0,True,592.5918826426896,569.4837347809636,-23.108147861726025,-0.04057736235542175,-0.0460801165219108,
convlstm,43,raw,pinn_statistical,joint,pinn_statistical,observed_reconstruction,convlstm/pinn_statistical/vs_raw,whole_model_comparison,matched,convlstm_time_conditioned_adaptation_v1,convlstm_time_conditioned_adaptation_v1,1604278,855940,msl,Pa,114.0,True,599.4387158449389,579.4351785848522,-20.00353726008666,-0.034522476369041044,-0.04202507047773496,
convlstm,43,raw,pinn_statistical,joint,pinn_statistical,observed_reconstruction,convlstm/pinn_statistical/vs_raw,whole_model_comparison,matched,convlstm_time_conditioned_adaptation_v1,convlstm_time_conditioned_adaptation_v1,1604278,855940,msl,Pa,120.0,True,605.3395120684169,583.7998560676234,-21.539656000793457,-0.03689561718271217,-0.042765178159256956,
convlstm,43,raw,pinn_statistical,joint,pinn_statistical,observed_reconstruction,convlstm/pinn_statistical/vs_raw,whole_model_comparison,matched,convlstm_time_conditioned_adaptation_v1,convlstm_time_conditioned_adaptation_v1,1604278,855940,t2m,K,6.0,True,2.1181613116904887,1.7206358037857434,-0.3975255079047453,-0.23103407881558047,-0.03588560933727192,
convlstm,43,raw,pinn_statistical,joint,pinn_statistical,observed_reconstruction,convlstm/pinn_statistical/vs_raw,whole_model_comparison,matched,convlstm_time_conditioned_adaptation_v1,convlstm_time_conditioned_adaptation_v1,1604278,855940,t2m,K,12.0,True,2.4553092247899393,2.249301935474566,-0.2060072893153735,-0.09158721026570826,-0.02669050442577492,
convlstm,43,raw,pinn_statistical,joint,pinn_statistical,observed_reconstruction,convlstm/pinn_statistical/vs_raw,whole_model_comparison,matched,convlstm_time_conditioned_adaptation_v1,convlstm_time_conditioned_adaptation_v1,1604278,855940,t2m,K,18.0,True,2.237286619842203,1.9467226759888512,-0.2905639438533518,-0.14925800548645585,-0.020686318940641657,
convlstm,43,raw,pinn_statistical,joint,pinn_statistical,observed_reconstruction,convlstm/pinn_statistical/vs_raw,whole_model_comparison,matched,convlstm_time_conditioned_adaptation_v1,convlstm_time_conditioned_adaptation_v1,1604278,855940,t2m,K,24.0,True,1.6877543547235958,1.2504025421308231,-0.43735181259277267,-0.34976881272768146,-0.023757371470066513,
convlstm,43,raw,pinn_statistical,joint,pinn_statistical,observed_reconstruction,convlstm/pinn_statistical/vs_raw,whole_model_comparison,matched,convlstm_time_conditioned_adaptation_v1,convlstm_time_conditioned_adaptation_v1,1604278,855940,t2m,K,30.0,True,2.0423100320515633,1.7499864254988344,-0.2923236065527288,-0.16704335661883873,-0.02635390738474319,
convlstm,43,raw,pinn_statistical,joint,pinn_statistical,observed_reconstruction,convlstm/pinn_statistical/vs_raw,whole_model_comparison,matched,convlstm_time_conditioned_adaptation_v1,convlstm_time_conditioned_adaptation_v1,1604278,855940,t2m,K,36.0,True,2.220217683402061,2.080012596795445,-0.14020508660661601,-0.06740588341754372,-0.01963157639603952,
convlstm,43,raw,pinn_statistical,joint,pinn_statistical,observed_reconstruction,convlstm/pinn_statistical/vs_raw,whole_model_comparison,matched,convlstm_time_conditioned_adaptation_v1,convlstm_time_conditioned_adaptation_v1,1604278,855940,t2m,K,42.0,True,2.1416911803535763,2.071432370299475,-0.0702588100541015,-0.0339179840295456,-0.0031785563219397517,
convlstm,43,raw,pinn_statistical,joint,pinn_statistical,observed_reconstruction,convlstm/pinn_statistical/vs_raw,whole_model_comparison,matched,convlstm_time_conditioned_adaptation_v1,convlstm_time_conditioned_adaptation_v1,1604278,855940,t2m,K,48.0,True,1.9370056090672918,1.624167871596576,-0.31283773747071586,-0.1926141644232826,-0.01902530587479989,
convlstm,43,raw,pinn_statistical,joint,pinn_statistical,observed_reconstruction,convlstm/pinn_statistical/vs_raw,whole_model_comparison,matched,convlstm_time_conditioned_adaptation_v1,convlstm_time_conditioned_adaptation_v1,1604278,855940,t2m,K,54.0,True,2.1669245507720456,1.8865691631981123,-0.2803553875739333,-0.14860594196222032,-0.02661540829750486,
convlstm,43,raw,pinn_statistical,joint,pinn_statistical,observed_reconstruction,convlstm/pinn_statistical/vs_raw,whole_model_comparison,matched,convlstm_time_conditioned_adaptation_v1,convlstm_time_conditioned_adaptation_v1,1604278,855940,t2m,K,60.0,True,2.259520020405346,2.0504090574045746,-0.20911096300077148,-0.10198499769868641,-0.027867769700336997,
convlstm,43,raw,pinn_statistical,joint,pinn_statistical,observed_reconstruction,convlstm/pinn_statistical/vs_raw,whole_model_comparison,matched,convlstm_time_conditioned_adaptation_v1,convlstm_time_conditioned_adaptation_v1,1604278,855940,t2m,K,66.0,True,2.1858042529462995,2.1164381275091744,-0.06936612543712517,-0.03277493659536446,-0.005952593101541281,
convlstm,43,raw,pinn_statistical,joint,pinn_statistical,observed_reconstruction,convlstm/pinn_statistical/vs_raw,whole_model_comparison,matched,convlstm_time_conditioned_adaptation_v1,convlstm_time_conditioned_adaptation_v1,1604278,855940,t2m,K,72.0,True,2.090352023849247,1.837068362297946,-0.2532836615513008,-0.13787383569900147,-0.017356024198202813,
convlstm,43,raw,pinn_statistical,joint,pinn_statistical,observed_reconstruction,convlstm/pinn_statistical/vs_raw,whole_model_comparison,matched,convlstm_time_conditioned_adaptation_v1,convlstm_time_conditioned_adaptation_v1,1604278,855940,t2m,K,78.0,True,2.253007685556546,1.995296038648198,-0.257711646908348,-0.1291596043477068,-0.025580355095248808,
convlstm,43,raw,pinn_statistical,joint,pinn_statistical,observed_reconstruction,convlstm/pinn_statistical/vs_raw,whole_model_comparison,matched,convlstm_time_conditioned_adaptation_v1,convlstm_time_conditioned_adaptation_v1,1604278,855940,t2m,K,84.0,True,2.332164675797248,2.0906802661291746,-0.2414844096680735,-0.11550518440353086,-0.033043868064961956,
convlstm,43,raw,pinn_statistical,joint,pinn_statistical,observed_reconstruction,convlstm/pinn_statistical/vs_raw,whole_model_comparison,matched,convlstm_time_conditioned_adaptation_v1,convlstm_time_conditioned_adaptation_v1,1604278,855940,t2m,K,90.0,True,2.2647707268619253,2.138804633835922,-0.12596609302600337,-0.058895558310103624,-0.013135931949359692,
convlstm,43,raw,pinn_statistical,joint,pinn_statistical,observed_reconstruction,convlstm/pinn_statistical/vs_raw,whole_model_comparison,matched,convlstm_time_conditioned_adaptation_v1,convlstm_time_conditioned_adaptation_v1,1604278,855940,t2m,K,96.0,True,2.198567134681583,1.977227135092381,-0.22133999958920203,-0.11194464999028075,-0.016371980455672897,
convlstm,43,raw,pinn_statistical,joint,pinn_statistical,observed_reconstruction,convlstm/pinn_statistical/vs_raw,whole_model_comparison,matched,convlstm_time_conditioned_adaptation_v1,convlstm_time_conditioned_adaptation_v1,1604278,855940,t2m,K,102.0,True,2.321201837822253,2.0797077640600907,-0.24149407376216248,-0.11611923460376361,-0.0251248621515634,
convlstm,43,raw,pinn_statistical,joint,pinn_statistical,observed_reconstruction,convlstm/pinn_statistical/vs_raw,whole_model_comparison,matched,convlstm_time_conditioned_adaptation_v1,convlstm_time_conditioned_adaptation_v1,1604278,855940,t2m,K,108.0,True,2.3882336297751556,2.1409205972456506,-0.24731303252950498,-0.11551714381545941,-0.03541736649995808,
convlstm,43,raw,pinn_statistical,joint,pinn_statistical,observed_reconstruction,convlstm/pinn_statistical/vs_raw,whole_model_comparison,matched,convlstm_time_conditioned_adaptation_v1,convlstm_time_conditioned_adaptation_v1,1604278,855940,t2m,K,114.0,True,2.3342624402766883,2.166896252179793,-0.1673661880968953,-0.0772377486594169,-0.01878580695601262,
convlstm,43,raw,pinn_statistical,joint,pinn_statistical,observed_reconstruction,convlstm/pinn_statistical/vs_raw,whole_model_comparison,matched,convlstm_time_conditioned_adaptation_v1,convlstm_time_conditioned_adaptation_v1,1604278,855940,t2m,K,120.0,True,2.2779640701548485,2.0740544716781684,-0.2039095984766801,-0.09831448559385803,-0.015676384114032382,
convlstm,43,raw,pinn_statistical,joint,pinn_statistical,observed_reconstruction,convlstm/pinn_statistical/vs_raw,whole_model_comparison,matched,convlstm_time_conditioned_adaptation_v1,convlstm_time_conditioned_adaptation_v1,1604278,855940,u10,m s**-1,6.0,True,1.2170609834622264,0.8698976442285424,-0.3471633392336839,-0.3990852734652033,-0.043410632478789735,
convlstm,43,raw,pinn_statistical,joint,pinn_statistical,observed_reconstruction,convlstm/pinn_statistical/vs_raw,whole_model_comparison,matched,convlstm_time_conditioned_adaptation_v1,convlstm_time_conditioned_adaptation_v1,1604278,855940,u10,m s**-1,12.0,True,1.3616377065830518,1.170807814844429,-0.19082989173862286,-0.16298993679332363,-0.029737342217542984,
convlstm,43,raw,pinn_statistical,joint,pinn_statistical,observed_reconstruction,convlstm/pinn_statistical/vs_raw,whole_model_comparison,matched,convlstm_time_conditioned_adaptation_v1,convlstm_time_conditioned_adaptation_v1,1604278,855940,u10,m s**-1,18.0,True,1.5527160704640768,1.3880205388562992,-0.1646955316077776,-0.11865496726978075,-0.031124887754333086,
convlstm,43,raw,pinn_statistical,joint,pinn_statistical,observed_reconstruction,convlstm/pinn_statistical/vs_raw,whole_model_comparison,matched,convlstm_time_conditioned_adaptation_v1,convlstm_time_conditioned_adaptation_v1,1604278,855940,u10,m s**-1,24.0,True,1.7067573388315453,1.5372425265022944,-0.16951481232925092,-0.11027200289270556,-0.03733513271531441,
convlstm,43,raw,pinn_statistical,joint,pinn_statistical,observed_reconstruction,convlstm/pinn_statistical/vs_raw,whole_model_comparison,matched,convlstm_time_conditioned_adaptation_v1,convlstm_time_conditioned_adaptation_v1,1604278,855940,u10,m s**-1,30.0,True,1.863385814611468,1.6936930181991532,-0.16969279641231472,-0.10019099954296529,-0.043246186642251994,
convlstm,43,raw,pinn_statistical,joint,pinn_statistical,observed_reconstruction,convlstm/pinn_statistical/vs_raw,whole_model_comparison,matched,convlstm_time_conditioned_adaptation_v1,convlstm_time_conditioned_adaptation_v1,1604278,855940,u10,m s**-1,36.0,True,1.9911333885736473,1.824759239096576,-0.1663741494770714,-0.09117594579734356,-0.04825727095955579,
convlstm,43,raw,pinn_statistical,joint,pinn_statistical,observed_reconstruction,convlstm/pinn_statistical/vs_raw,whole_model_comparison,matched,convlstm_time_conditioned_adaptation_v1,convlstm_time_conditioned_adaptation_v1,1604278,855940,u10,m s**-1,42.0,True,2.102400277676875,1.942567557991603,-0.15983271968527202,-0.08227910480010348,-0.051517059779464636,
convlstm,43,raw,pinn_statistical,joint,pinn_statistical,observed_reconstruction,convlstm/pinn_statistical/vs_raw,whole_model_comparison,matched,convlstm_time_conditioned_adaptation_v1,convlstm_time_conditioned_adaptation_v1,1604278,855940,u10,m s**-1,48.0,True,2.1959040070731364,2.042105652570831,-0.1537983545023054,-0.07531361284304117,-0.054439744896485176,
convlstm,43,raw,pinn_statistical,joint,pinn_statistical,observed_reconstruction,convlstm/pinn_statistical/vs_raw,whole_model_comparison,matched,convlstm_time_conditioned_adaptation_v1,convlstm_time_conditioned_adaptation_v1,1604278,855940,u10,m s**-1,54.0,True,2.2808043663724056,2.1302653176434325,-0.15053904872897306,-0.07066680731370312,-0.058167794080491886,
convlstm,43,raw,pinn_statistical,joint,pinn_statistical,observed_reconstruction,convlstm/pinn_statistical/vs_raw,whole_model_comparison,matched,convlstm_time_conditioned_adaptation_v1,convlstm_time_conditioned_adaptation_v1,1604278,855940,u10,m s**-1,60.0,True,2.3530726976747416,2.2127875423039063,-0.1402851553708353,-0.0633974806387303,-0.05931071578263236,
convlstm,43,raw,pinn_statistical,joint,pinn_statistical,observed_reconstruction,convlstm/pinn_statistical/vs_raw,whole_model_comparison,matched,convlstm_time_conditioned_adaptation_v1,convlstm_time_conditioned_adaptation_v1,1604278,855940,u10,m s**-1,66.0,True,2.4194024860303145,2.2859555433278653,-0.13344694270244917,-0.05837687574106476,-0.06019690141638623,
convlstm,43,raw,pinn_statistical,joint,pinn_statistical,observed_reconstruction,convlstm/pinn_statistical/vs_raw,whole_model_comparison,matched,convlstm_time_conditioned_adaptation_v1,convlstm_time_conditioned_adaptation_v1,1604278,855940,u10,m s**-1,72.0,True,2.4760966940008995,2.3515525417310297,-0.12454415226986981,-0.05296252159358095,-0.05941794719547533,
convlstm,43,raw,pinn_statistical,joint,pinn_statistical,observed_reconstruction,convlstm/pinn_statistical/vs_raw,whole_model_comparison,matched,convlstm_time_conditioned_adaptation_v1,convlstm_time_conditioned_adaptation_v1,1604278,855940,u10,m s**-1,78.0,True,2.525646820880906,2.405002698553736,-0.12064412232717014,-0.05016381994070951,-0.06048472839408048,
convlstm,43,raw,pinn_statistical,joint,pinn_statistical,observed_reconstruction,convlstm/pinn_statistical/vs_raw,whole_model_comparison,matched,convlstm_time_conditioned_adaptation_v1,convlstm_time_conditioned_adaptation_v1,1604278,855940,u10,m s**-1,84.0,True,2.568507928906824,2.4530446269689112,-0.11546330193791254,-0.047069384987334706,-0.060539271793587535,
convlstm,43,raw,pinn_statistical,joint,pinn_statistical,observed_reconstruction,convlstm/pinn_statistical/vs_raw,whole_model_comparison,matched,convlstm_time_conditioned_adaptation_v1,convlstm_time_conditioned_adaptation_v1,1604278,855940,u10,m s**-1,90.0,True,2.6066573284523997,2.4965570362057385,-0.11010029224666118,-0.04410085195329305,-0.05980597057883896,
convlstm,43,raw,pinn_statistical,joint,pinn_statistical,observed_reconstruction,convlstm/pinn_statistical/vs_raw,whole_model_comparison,matched,convlstm_time_conditioned_adaptation_v1,convlstm_time_conditioned_adaptation_v1,1604278,855940,u10,m s**-1,96.0,True,2.641924741516302,2.535823894831333,-0.10610084668496889,-0.04184077881008608,-0.05809089636153303,
convlstm,43,raw,pinn_statistical,joint,pinn_statistical,observed_reconstruction,convlstm/pinn_statistical/vs_raw,whole_model_comparison,matched,convlstm_time_conditioned_adaptation_v1,convlstm_time_conditioned_adaptation_v1,1604278,855940,u10,m s**-1,102.0,True,2.6691881535160915,2.567728202066659,-0.10145995144943232,-0.039513509010716596,-0.056786689971293436,
convlstm,43,raw,pinn_statistical,joint,pinn_statistical,observed_reconstruction,convlstm/pinn_statistical/vs_raw,whole_model_comparison,matched,convlstm_time_conditioned_adaptation_v1,convlstm_time_conditioned_adaptation_v1,1604278,855940,u10,m s**-1,108.0,True,2.6955618223877393,2.5980430369296212,-0.0975187854581181,-0.037535477308092036,-0.055127782299095374,
convlstm,43,raw,pinn_statistical,joint,pinn_statistical,observed_reconstruction,convlstm/pinn_statistical/vs_raw,whole_model_comparison,matched,convlstm_time_conditioned_adaptation_v1,convlstm_time_conditioned_adaptation_v1,1604278,855940,u10,m s**-1,114.0,True,2.7185016582228303,2.627491643810857,-0.0910100144119732,-0.03463760374894065,-0.05233049978461862,
convlstm,43,raw,pinn_statistical,joint,pinn_statistical,observed_reconstruction,convlstm/pinn_statistical/vs_raw,whole_model_comparison,matched,convlstm_time_conditioned_adaptation_v1,convlstm_time_conditioned_adaptation_v1,1604278,855940,u10,m s**-1,120.0,True,2.741629758916751,2.6536172937157896,-0.08801246520096129,-0.03316697754773812,-0.04946374255582897,
convlstm,43,raw,pinn_statistical,joint,pinn_statistical,observed_reconstruction,convlstm/pinn_statistical/vs_raw,whole_model_comparison,matched,convlstm_time_conditioned_adaptation_v1,convlstm_time_conditioned_adaptation_v1,1604278,855940,v10,m s**-1,6.0,True,1.345294600757496,1.01278729040095,-0.3325073103565459,-0.3283091262183102,-0.044578918699708314,
convlstm,43,raw,pinn_statistical,joint,pinn_statistical,observed_reconstruction,convlstm/pinn_statistical/vs_raw,whole_model_comparison,matched,convlstm_time_conditioned_adaptation_v1,convlstm_time_conditioned_adaptation_v1,1604278,855940,v10,m s**-1,12.0,True,1.5074876110161444,1.3676226120344928,-0.1398649989816516,-0.10226870903632301,-0.02308581560345091,
convlstm,43,raw,pinn_statistical,joint,pinn_statistical,observed_reconstruction,convlstm/pinn_statistical/vs_raw,whole_model_comparison,matched,convlstm_time_conditioned_adaptation_v1,convlstm_time_conditioned_adaptation_v1,1604278,855940,v10,m s**-1,18.0,True,1.7029070173739553,1.583429144904757,-0.11947787246919828,-0.075455142943188,-0.023687661684327344,
convlstm,43,raw,pinn_statistical,joint,pinn_statistical,observed_reconstruction,convlstm/pinn_statistical/vs_raw,whole_model_comparison,matched,convlstm_time_conditioned_adaptation_v1,convlstm_time_conditioned_adaptation_v1,1604278,855940,v10,m s**-1,24.0,True,1.8673733576265432,1.73523797894834,-0.13213537867820313,-0.0761482749232385,-0.030699734330277617,
convlstm,43,raw,pinn_statistical,joint,pinn_statistical,observed_reconstruction,convlstm/pinn_statistical/vs_raw,whole_model_comparison,matched,convlstm_time_conditioned_adaptation_v1,convlstm_time_conditioned_adaptation_v1,1604278,855940,v10,m s**-1,30.0,True,2.0316873664517416,1.8990847345876511,-0.1326026318640905,-0.06982449463629781,-0.03591541473665916,
convlstm,43,raw,pinn_statistical,joint,pinn_statistical,observed_reconstruction,convlstm/pinn_statistical/vs_raw,whole_model_comparison,matched,convlstm_time_conditioned_adaptation_v1,convlstm_time_conditioned_adaptation_v1,1604278,855940,v10,m s**-1,36.0,True,2.165837178983672,2.0358788063628435,-0.12995837262082865,-0.06383404169966433,-0.03972853413817834,
convlstm,43,raw,pinn_statistical,joint,pinn_statistical,observed_reconstruction,convlstm/pinn_statistical/vs_raw,whole_model_comparison,matched,convlstm_time_conditioned_adaptation_v1,convlstm_time_conditioned_adaptation_v1,1604278,855940,v10,m s**-1,42.0,True,2.282726318750926,2.1607660487568503,-0.12196026999407561,-0.05644307030103635,-0.04170385637032015,
convlstm,43,raw,pinn_statistical,joint,pinn_statistical,observed_reconstruction,convlstm/pinn_statistical/vs_raw,whole_model_comparison,matched,convlstm_time_conditioned_adaptation_v1,convlstm_time_conditioned_adaptation_v1,1604278,855940,v10,m s**-1,48.0,True,2.383281767481938,2.264627786226498,-0.11865398125544013,-0.052394473819095344,-0.0447907834574931,
convlstm,43,raw,pinn_statistical,joint,pinn_statistical,observed_reconstruction,convlstm/pinn_statistical/vs_raw,whole_model_comparison,matched,convlstm_time_conditioned_adaptation_v1,convlstm_time_conditioned_adaptation_v1,1604278,855940,v10,m s**-1,54.0,True,2.4757237537307852,2.3584938368109922,-0.11722991691979301,-0.04970541584213084,-0.04865658543208995,
convlstm,43,raw,pinn_statistical,joint,pinn_statistical,observed_reconstruction,convlstm/pinn_statistical/vs_raw,whole_model_comparison,matched,convlstm_time_conditioned_adaptation_v1,convlstm_time_conditioned_adaptation_v1,1604278,855940,v10,m s**-1,60.0,True,2.5550188664430356,2.438480086262773,-0.11653878018026242,-0.04779156526099437,-0.052258362386932156,
convlstm,43,raw,pinn_statistical,joint,pinn_statistical,observed_reconstruction,convlstm/pinn_statistical/vs_raw,whole_model_comparison,matched,convlstm_time_conditioned_adaptation_v1,convlstm_time_conditioned_adaptation_v1,1604278,855940,v10,m s**-1,66.0,True,2.623829813462121,2.511292970857988,-0.1125368426041331,-0.044812311391006165,-0.053786681735899844,
convlstm,43,raw,pinn_statistical,joint,pinn_statistical,observed_reconstruction,convlstm/pinn_statistical/vs_raw,whole_model_comparison,matched,convlstm_time_conditioned_adaptation_v1,convlstm_time_conditioned_adaptation_v1,1604278,855940,v10,m s**-1,72.0,True,2.683580825483229,2.5745560448095643,-0.10902478067366461,-0.0423470216907742,-0.055008049206401344,
convlstm,43,raw,pinn_statistical,joint,pinn_statistical,observed_reconstruction,convlstm/pinn_statistical/vs_raw,whole_model_comparison,matched,convlstm_time_conditioned_adaptation_v1,convlstm_time_conditioned_adaptation_v1,1604278,855940,v10,m s**-1,78.0,True,2.732857235509314,2.626610352859451,-0.10624688264986304,-0.04045018802815492,-0.056022257752533056,
convlstm,43,raw,pinn_statistical,joint,pinn_statistical,observed_reconstruction,convlstm/pinn_statistical/vs_raw,whole_model_comparison,matched,convlstm_time_conditioned_adaptation_v1,convlstm_time_conditioned_adaptation_v1,1604278,855940,v10,m s**-1,84.0,True,2.7772705242294795,2.6710953268718667,-0.10617519735761283,-0.03974968481636143,-0.05786989196099179,
convlstm,43,raw,pinn_statistical,joint,pinn_statistical,observed_reconstruction,convlstm/pinn_statistical/vs_raw,whole_model_comparison,matched,convlstm_time_conditioned_adaptation_v1,convlstm_time_conditioned_adaptation_v1,1604278,855940,v10,m s**-1,90.0,True,2.8135361247978237,2.709548399685706,-0.10398772511211751,-0.038378249720204094,-0.057464735087933594,
convlstm,43,raw,pinn_statistical,joint,pinn_statistical,observed_reconstruction,convlstm/pinn_statistical/vs_raw,whole_model_comparison,matched,convlstm_time_conditioned_adaptation_v1,convlstm_time_conditioned_adaptation_v1,1604278,855940,v10,m s**-1,96.0,True,2.846247101820271,2.7438751000973602,-0.10237200172291061,-0.037309279026322306,-0.05729094047544475,
convlstm,43,raw,pinn_statistical,joint,pinn_statistical,observed_reconstruction,convlstm/pinn_statistical/vs_raw,whole_model_comparison,matched,convlstm_time_conditioned_adaptation_v1,convlstm_time_conditioned_adaptation_v1,1604278,855940,v10,m s**-1,102.0,True,2.871927744071726,2.7717845735140165,-0.10014317055770938,-0.03612949271549981,-0.05633244578615609,
convlstm,43,raw,pinn_statistical,joint,pinn_statistical,observed_reconstruction,convlstm/pinn_statistical/vs_raw,whole_model_comparison,matched,convlstm_time_conditioned_adaptation_v1,convlstm_time_conditioned_adaptation_v1,1604278,855940,v10,m s**-1,108.0,True,2.896545845040752,2.7974299041422652,-0.09911594089848696,-0.035431072196562274,-0.05617531846370455,
convlstm,43,raw,pinn_statistical,joint,pinn_statistical,observed_reconstruction,convlstm/pinn_statistical/vs_raw,whole_model_comparison,matched,convlstm_time_conditioned_adaptation_v1,convlstm_time_conditioned_adaptation_v1,1604278,855940,v10,m s**-1,114.0,True,2.9171445054746323,2.819815613830062,-0.09732889164457026,-0.034516048200886384,-0.054841040338978575,
convlstm,43,raw,pinn_statistical,joint,pinn_statistical,observed_reconstruction,convlstm/pinn_statistical/vs_raw,whole_model_comparison,matched,convlstm_time_conditioned_adaptation_v1,convlstm_time_conditioned_adaptation_v1,1604278,855940,v10,m s**-1,120.0,True,2.9356241097880855,2.8420228869377127,-0.09360122285037287,-0.032934718182804135,-0.0526370119987547,
convlstm,43,raw,pinn_statistical:kl_entropy,joint,pinn_statistical,observed_reconstruction,convlstm/pinn_statistical:kl_entropy/vs_raw,whole_model_comparison,matched,convlstm_time_conditioned_adaptation_v1,convlstm_time_conditioned_adaptation_v1,1604278,855940,msl,Pa,6.0,True,237.31321111590609,175.99358564618024,-61.31962546972585,-0.34841966111767064,-0.02482685287171993,
convlstm,43,raw,pinn_statistical:kl_entropy,joint,pinn_statistical,observed_reconstruction,convlstm/pinn_statistical:kl_entropy/vs_raw,whole_model_comparison,matched,convlstm_time_conditioned_adaptation_v1,convlstm_time_conditioned_adaptation_v1,1604278,855940,msl,Pa,12.0,True,259.40560142127697,219.102011545705,-40.30358987557196,-0.18394897240441166,-0.01855126249426675,
convlstm,43,raw,pinn_statistical:kl_entropy,joint,pinn_statistical,observed_reconstruction,convlstm/pinn_statistical:kl_entropy/vs_raw,whole_model_comparison,matched,convlstm_time_conditioned_adaptation_v1,convlstm_time_conditioned_adaptation_v1,1604278,855940,msl,Pa,18.0,True,302.8674190934218,287.14991534878203,-15.717503744639771,-0.0547362297688605,-0.01017023979741638,
convlstm,43,raw,pinn_statistical:kl_entropy,joint,pinn_statistical,observed_reconstruction,convlstm/pinn_statistical:kl_entropy/vs_raw,whole_model_comparison,matched,convlstm_time_conditioned_adaptation_v1,convlstm_time_conditioned_adaptation_v1,1604278,855940,msl,Pa,24.0,True,334.78511190118985,312.3688385884465,-22.41627331274333,-0.07176219437905362,-0.017410117697914673,
convlstm,43,raw,pinn_statistical:kl_entropy,joint,pinn_statistical,observed_reconstruction,convlstm/pinn_statistical:kl_entropy/vs_raw,whole_model_comparison,matched,convlstm_time_conditioned_adaptation_v1,convlstm_time_conditioned_adaptation_v1,1604278,855940,msl,Pa,30.0,True,373.2526403837458,356.87950076102675,-16.373139622719066,-0.045878621741523906,-0.015749214504884645,
convlstm,43,raw,pinn_statistical:kl_entropy,joint,pinn_statistical,observed_reconstruction,convlstm/pinn_statistical:kl_entropy/vs_raw,whole_model_comparison,matched,convlstm_time_conditioned_adaptation_v1,convlstm_time_conditioned_adaptation_v1,1604278,855940,msl,Pa,36.0,True,406.1874371576061,382.7890825314791,-23.398354626127002,-0.06112597170062406,-0.024523824621978108,
convlstm,43,raw,pinn_statistical:kl_entropy,joint,pinn_statistical,observed_reconstruction,convlstm/pinn_statistical:kl_entropy/vs_raw,whole_model_comparison,matched,convlstm_time_conditioned_adaptation_v1,convlstm_time_conditioned_adaptation_v1,1604278,855940,msl,Pa,42.0,True,434.2888956040593,417.24359721754536,-17.045298386513934,-0.04085215087824756,-0.02312146428709827,
convlstm,43,raw,pinn_statistical:kl_entropy,joint,pinn_statistical,observed_reconstruction,convlstm/pinn_statistical:kl_entropy/vs_raw,whole_model_comparison,matched,convlstm_time_conditioned_adaptation_v1,convlstm_time_conditioned_adaptation_v1,1604278,855940,msl,Pa,48.0,True,458.2228403433325,434.159892471173,-24.062947872159498,-0.055424161212121126,-0.03232427969964369,
convlstm,43,raw,pinn_statistical:kl_entropy,joint,pinn_statistical,observed_reconstruction,convlstm/pinn_statistical:kl_entropy/vs_raw,whole_model_comparison,matched,convlstm_time_conditioned_adaptation_v1,convlstm_time_conditioned_adaptation_v1,1604278,855940,msl,Pa,54.0,True,480.5030483367863,458.99713869080455,-21.505909645981774,-0.04685412573011449,-0.03232998578127522,
convlstm,43,raw,pinn_statistical:kl_entropy,joint,pinn_statistical,observed_reconstruction,convlstm/pinn_statistical:kl_entropy/vs_raw,whole_model_comparison,matched,convlstm_time_conditioned_adaptation_v1,convlstm_time_conditioned_adaptation_v1,1604278,855940,msl,Pa,60.0,True,499.6252108376089,474.8231376631505,-24.802073174458428,-0.05223433991974824,-0.038560406078630316,
convlstm,43,raw,pinn_statistical:kl_entropy,joint,pinn_statistical,observed_reconstruction,convlstm/pinn_statistical:kl_entropy/vs_raw,whole_model_comparison,matched,convlstm_time_conditioned_adaptation_v1,convlstm_time_conditioned_adaptation_v1,1604278,855940,msl,Pa,66.0,True,517.9171885108808,495.97139588833267,-21.94579262254814,-0.04424810141165714,-0.038825304542289274,
convlstm,43,raw,pinn_statistical:kl_entropy,joint,pinn_statistical,observed_reconstruction,convlstm/pinn_statistical:kl_entropy/vs_raw,whole_model_comparison,matched,convlstm_time_conditioned_adaptation_v1,convlstm_time_conditioned_adaptation_v1,1604278,855940,msl,Pa,72.0,True,531.2899081846448,506.89483590454597,-24.395072280098816,-0.04812649597537555,-0.04266503453148829,
convlstm,43,raw,pinn_statistical:kl_entropy,joint,pinn_statistical,observed_reconstruction,convlstm/pinn_statistical:kl_entropy/vs_raw,whole_model_comparison,matched,convlstm_time_conditioned_adaptation_v1,convlstm_time_conditioned_adaptation_v1,1604278,855940,msl,Pa,78.0,True,545.5840514873645,522.4580775320816,-23.125973955282916,-0.04426378871300507,-0.04335291044793177,
convlstm,43,raw,pinn_statistical:kl_entropy,joint,pinn_statistical,observed_reconstruction,convlstm/pinn_statistical:kl_entropy/vs_raw,whole_model_comparison,matched,convlstm_time_conditioned_adaptation_v1,convlstm_time_conditioned_adaptation_v1,1604278,855940,msl,Pa,84.0,True,556.7333669633524,532.0540866336794,-24.67928032967302,-0.04638490888364277,-0.046596144924940464,
convlstm,43,raw,pinn_statistical:kl_entropy,joint,pinn_statistical,observed_reconstruction,convlstm/pinn_statistical:kl_entropy/vs_raw,whole_model_comparison,matched,convlstm_time_conditioned_adaptation_v1,convlstm_time_conditioned_adaptation_v1,1604278,855940,msl,Pa,90.0,True,568.5725396148587,546.2861586367112,-22.286380978147463,-0.040796166305520964,-0.046354722566103956,
convlstm,43,raw,pinn_statistical:kl_entropy,joint,pinn_statistical,observed_reconstruction,convlstm/pinn_statistical:kl_entropy/vs_raw,whole_model_comparison,matched,convlstm_time_conditioned_adaptation_v1,convlstm_time_conditioned_adaptation_v1,1604278,855940,msl,Pa,96.0,True,576.8892761206728,552.8512464259898,-24.03802969468302,-0.04348010400642366,-0.04812343870646629,
convlstm,43,raw,pinn_statistical:kl_entropy,joint,pinn_statistical,observed_reconstruction,convlstm/pinn_statistical:kl_entropy/vs_raw,whole_model_comparison,matched,convlstm_time_conditioned_adaptation_v1,convlstm_time_conditioned_adaptation_v1,1604278,855940,msl,Pa,102.0,True,585.8695222433851,563.3887841744004,-22.480738068984692,-0.03990270786438943,-0.04723094593709287,
convlstm,43,raw,pinn_statistical:kl_entropy,joint,pinn_statistical,observed_reconstruction,convlstm/pinn_statistical:kl_entropy/vs_raw,whole_model_comparison,matched,convlstm_time_conditioned_adaptation_v1,convlstm_time_conditioned_adaptation_v1,1604278,855940,msl,Pa,108.0,True,593.3893860418983,569.4837347809636,-23.905651260934746,-0.04197775950550975,-0.04953252938941566,
convlstm,43,raw,pinn_statistical:kl_entropy,joint,pinn_statistical,observed_reconstruction,convlstm/pinn_statistical:kl_entropy/vs_raw,whole_model_comparison,matched,convlstm_time_conditioned_adaptation_v1,convlstm_time_conditioned_adaptation_v1,1604278,855940,msl,Pa,114.0,True,601.1128293372839,579.4351785848522,-21.677650752431646,-0.037411692547516306,-0.047823765707602495,
convlstm,43,raw,pinn_statistical:kl_entropy,joint,pinn_statistical,observed_reconstruction,convlstm/pinn_statistical:kl_entropy/vs_raw,whole_model_comparison,matched,convlstm_time_conditioned_adaptation_v1,convlstm_time_conditioned_adaptation_v1,1604278,855940,msl,Pa,120.0,True,606.6691463190682,583.7998560676234,-22.869290251444795,-0.0391731687045771,-0.04868498258031739,
convlstm,43,raw,pinn_statistical:kl_entropy,joint,pinn_statistical,observed_reconstruction,convlstm/pinn_statistical:kl_entropy/vs_raw,whole_model_comparison,matched,convlstm_time_conditioned_adaptation_v1,convlstm_time_conditioned_adaptation_v1,1604278,855940,t2m,K,6.0,True,2.0145270839963274,1.7206358037857434,-0.29389128021058397,-0.17080388514755085,-0.020275568651988318,
convlstm,43,raw,pinn_statistical:kl_entropy,joint,pinn_statistical,observed_reconstruction,convlstm/pinn_statistical:kl_entropy/vs_raw,whole_model_comparison,matched,convlstm_time_conditioned_adaptation_v1,convlstm_time_conditioned_adaptation_v1,1604278,855940,t2m,K,12.0,True,2.4915856410835255,2.249301935474566,-0.24228370560895973,-0.1077150656333925,-0.020099204015582184,
convlstm,43,raw,pinn_statistical:kl_entropy,joint,pinn_statistical,observed_reconstruction,convlstm/pinn_statistical:kl_entropy/vs_raw,whole_model_comparison,matched,convlstm_time_conditioned_adaptation_v1,convlstm_time_conditioned_adaptation_v1,1604278,855940,t2m,K,18.0,True,2.074741498911016,1.9467226759888512,-0.12801882292216482,-0.06576120189134627,-0.0069444221523669025,
convlstm,43,raw,pinn_statistical:kl_entropy,joint,pinn_statistical,observed_reconstruction,convlstm/pinn_statistical:kl_entropy/vs_raw,whole_model_comparison,matched,convlstm_time_conditioned_adaptation_v1,convlstm_time_conditioned_adaptation_v1,1604278,855940,t2m,K,24.0,True,1.8107158486491342,1.2504025421308231,-0.560313306518311,-0.44810633986993964,-0.028523176484889556,
convlstm,43,raw,pinn_statistical:kl_entropy,joint,pinn_statistical,observed_reconstruction,convlstm/pinn_statistical:kl_entropy/vs_raw,whole_model_comparison,matched,convlstm_time_conditioned_adaptation_v1,convlstm_time_conditioned_adaptation_v1,1604278,855940,t2m,K,30.0,True,2.0719916305071187,1.7499864254988344,-0.3220052050082842,-0.1840044015864275,-0.0216025757371332,
convlstm,43,raw,pinn_statistical:kl_entropy,joint,pinn_statistical,observed_reconstruction,convlstm/pinn_statistical:kl_entropy/vs_raw,whole_model_comparison,matched,convlstm_time_conditioned_adaptation_v1,convlstm_time_conditioned_adaptation_v1,1604278,855940,t2m,K,36.0,True,2.275752359488597,2.080012596795445,-0.19573976269315185,-0.09410508522627059,-0.0252487512874493,
convlstm,43,raw,pinn_statistical:kl_entropy,joint,pinn_statistical,observed_reconstruction,convlstm/pinn_statistical:kl_entropy/vs_raw,whole_model_comparison,matched,convlstm_time_conditioned_adaptation_v1,convlstm_time_conditioned_adaptation_v1,1604278,855940,t2m,K,42.0,True,2.1142817679851693,2.071432370299475,-0.04284939768569451,-0.020685878187516993,-0.0027329110563426573,
convlstm,43,raw,pinn_statistical:kl_entropy,joint,pinn_statistical,observed_reconstruction,convlstm/pinn_statistical:kl_entropy/vs_raw,whole_model_comparison,matched,convlstm_time_conditioned_adaptation_v1,convlstm_time_conditioned_adaptation_v1,1604278,855940,t2m,K,48.0,True,1.94997098302348,1.624167871596576,-0.325803111426904,-0.2005969439025017,-0.01741914674770373,
convlstm,43,raw,pinn_statistical:kl_entropy,joint,pinn_statistical,observed_reconstruction,convlstm/pinn_statistical:kl_entropy/vs_raw,whole_model_comparison,matched,convlstm_time_conditioned_adaptation_v1,convlstm_time_conditioned_adaptation_v1,1604278,855940,t2m,K,54.0,True,2.133184863233177,1.8865691631981123,-0.2466157000350646,-0.1307217910935221,-0.01739834568012999,
convlstm,43,raw,pinn_statistical:kl_entropy,joint,pinn_statistical,observed_reconstruction,convlstm/pinn_statistical:kl_entropy/vs_raw,whole_model_comparison,matched,convlstm_time_conditioned_adaptation_v1,convlstm_time_conditioned_adaptation_v1,1604278,855940,t2m,K,60.0,True,2.283189196233762,2.0504090574045746,-0.23278013882918724,-0.11352863370777455,-0.02897649321890372,
convlstm,43,raw,pinn_statistical:kl_entropy,joint,pinn_statistical,observed_reconstruction,convlstm/pinn_statistical:kl_entropy/vs_raw,whole_model_comparison,matched,convlstm_time_conditioned_adaptation_v1,convlstm_time_conditioned_adaptation_v1,1604278,855940,t2m,K,66.0,True,2.200093808488207,2.1164381275091744,-0.08365568097903253,-0.039526636707063245,-0.007260837139110077,
convlstm,43,raw,pinn_statistical:kl_entropy,joint,pinn_statistical,observed_reconstruction,convlstm/pinn_statistical:kl_entropy/vs_raw,whole_model_comparison,matched,convlstm_time_conditioned_adaptation_v1,convlstm_time_conditioned_adaptation_v1,1604278,855940,t2m,K,72.0,True,2.1054110724263047,1.837068362297946,-0.26834271012835864,-0.14607116187701097,-0.015042609915326466,
convlstm,43,raw,pinn_statistical:kl_entropy,joint,pinn_statistical,observed_reconstruction,convlstm/pinn_statistical:kl_entropy/vs_raw,whole_model_comparison,matched,convlstm_time_conditioned_adaptation_v1,convlstm_time_conditioned_adaptation_v1,1604278,855940,t2m,K,78.0,True,2.2249997376321207,1.995296038648198,-0.22970369898392273,-0.11512261565935145,-0.018534998488794474,
convlstm,43,raw,pinn_statistical:kl_entropy,joint,pinn_statistical,observed_reconstruction,convlstm/pinn_statistical:kl_entropy/vs_raw,whole_model_comparison,matched,convlstm_time_conditioned_adaptation_v1,convlstm_time_conditioned_adaptation_v1,1604278,855940,t2m,K,84.0,True,2.3480053763862516,2.0906802661291746,-0.25732511025707705,-0.12308200083291831,-0.033710688293768665,
convlstm,43,raw,pinn_statistical:kl_entropy,joint,pinn_statistical,observed_reconstruction,convlstm/pinn_statistical:kl_entropy/vs_raw,whole_model_comparison,matched,convlstm_time_conditioned_adaptation_v1,convlstm_time_conditioned_adaptation_v1,1604278,855940,t2m,K,90.0,True,2.2862874086119467,2.138804633835922,-0.14748277477602478,-0.06895570191070521,-0.015613949892553158,
convlstm,43,raw,pinn_statistical:kl_entropy,joint,pinn_statistical,observed_reconstruction,convlstm/pinn_statistical:kl_entropy/vs_raw,whole_model_comparison,matched,convlstm_time_conditioned_adaptation_v1,convlstm_time_conditioned_adaptation_v1,1604278,855940,t2m,K,96.0,True,2.206661120981836,1.977227135092381,-0.22943398588945518,-0.1160382546938572,-0.014737823864528377,
convlstm,43,raw,pinn_statistical:kl_entropy,joint,pinn_statistical,observed_reconstruction,convlstm/pinn_statistical:kl_entropy/vs_raw,whole_model_comparison,matched,convlstm_time_conditioned_adaptation_v1,convlstm_time_conditioned_adaptation_v1,1604278,855940,t2m,K,102.0,True,2.2950211260076006,2.0797077640600907,-0.21531336194750983,-0.10353058524297976,-0.020643809687198034,
convlstm,43,raw,pinn_statistical:kl_entropy,joint,pinn_statistical,observed_reconstruction,convlstm/pinn_statistical:kl_entropy/vs_raw,whole_model_comparison,matched,convlstm_time_conditioned_adaptation_v1,convlstm_time_conditioned_adaptation_v1,1604278,855940,t2m,K,108.0,True,2.402855803002781,2.1409205972456506,-0.26193520575713025,-0.12234699693866125,-0.037538527673148914,
convlstm,43,raw,pinn_statistical:kl_entropy,joint,pinn_statistical,observed_reconstruction,convlstm/pinn_statistical:kl_entropy/vs_raw,whole_model_comparison,matched,convlstm_time_conditioned_adaptation_v1,convlstm_time_conditioned_adaptation_v1,1604278,855940,t2m,K,114.0,True,2.355758833488575,2.166896252179793,-0.18886258130878186,-0.08715810972435589,-0.022606675018353117,
convlstm,43,raw,pinn_statistical:kl_entropy,joint,pinn_statistical,observed_reconstruction,convlstm/pinn_statistical:kl_entropy/vs_raw,whole_model_comparison,matched,convlstm_time_conditioned_adaptation_v1,convlstm_time_conditioned_adaptation_v1,1604278,855940,t2m,K,120.0,True,2.275014817890316,2.0740544716781684,-0.20096034621214764,-0.09689251124130105,-0.015082994066723532,
convlstm,43,raw,pinn_statistical:kl_entropy,joint,pinn_statistical,observed_reconstruction,convlstm/pinn_statistical:kl_entropy/vs_raw,whole_model_comparison,matched,convlstm_time_conditioned_adaptation_v1,convlstm_time_conditioned_adaptation_v1,1604278,855940,u10,m s**-1,6.0,True,1.2172890815165938,0.8698976442285424,-0.34739143728805133,-0.3993474859862749,-0.04337660168354196,
convlstm,43,raw,pinn_statistical:kl_entropy,joint,pinn_statistical,observed_reconstruction,convlstm/pinn_statistical:kl_entropy/vs_raw,whole_model_comparison,matched,convlstm_time_conditioned_adaptation_v1,convlstm_time_conditioned_adaptation_v1,1604278,855940,u10,m s**-1,12.0,True,1.3683461465037654,1.170807814844429,-0.19753833165933643,-0.1687196900761927,-0.03059491116028834,
convlstm,43,raw,pinn_statistical:kl_entropy,joint,pinn_statistical,observed_reconstruction,convlstm/pinn_statistical:kl_entropy/vs_raw,whole_model_comparison,matched,convlstm_time_conditioned_adaptation_v1,convlstm_time_conditioned_adaptation_v1,1604278,855940,u10,m s**-1,18.0,True,1.557894020924702,1.3880205388562992,-0.16987348206840291,-0.12238542392778662,-0.031577119290424505,
convlstm,43,raw,pinn_statistical:kl_entropy,joint,pinn_statistical,observed_reconstruction,convlstm/pinn_statistical:kl_entropy/vs_raw,whole_model_comparison,matched,convlstm_time_conditioned_adaptation_v1,convlstm_time_conditioned_adaptation_v1,1604278,855940,u10,m s**-1,24.0,True,1.715872599924756,1.5372425265022944,-0.1786300734224615,-0.1162016209822796,-0.03820029059323393,
convlstm,43,raw,pinn_statistical:kl_entropy,joint,pinn_statistical,observed_reconstruction,convlstm/pinn_statistical:kl_entropy/vs_raw,whole_model_comparison,matched,convlstm_time_conditioned_adaptation_v1,convlstm_time_conditioned_adaptation_v1,1604278,855940,u10,m s**-1,30.0,True,1.8704492097685226,1.6936930181991532,-0.1767561915693694,-0.10436141004897581,-0.04374681566702854,
convlstm,43,raw,pinn_statistical:kl_entropy,joint,pinn_statistical,observed_reconstruction,convlstm/pinn_statistical:kl_entropy/vs_raw,whole_model_comparison,matched,convlstm_time_conditioned_adaptation_v1,convlstm_time_conditioned_adaptation_v1,1604278,855940,u10,m s**-1,36.0,True,1.9999361179650668,1.824759239096576,-0.17517687886849087,-0.09599999556939887,-0.049015282051231956,
convlstm,43,raw,pinn_statistical:kl_entropy,joint,pinn_statistical,observed_reconstruction,convlstm/pinn_statistical:kl_entropy/vs_raw,whole_model_comparison,matched,convlstm_time_conditioned_adaptation_v1,convlstm_time_conditioned_adaptation_v1,1604278,855940,u10,m s**-1,42.0,True,2.1111072700165465,1.942567557991603,-0.16853971202494344,-0.08676131305270762,-0.052101802367836014,
convlstm,43,raw,pinn_statistical:kl_entropy,joint,pinn_statistical,observed_reconstruction,convlstm/pinn_statistical:kl_entropy/vs_raw,whole_model_comparison,matched,convlstm_time_conditioned_adaptation_v1,convlstm_time_conditioned_adaptation_v1,1604278,855940,u10,m s**-1,48.0,True,2.2045901702376582,2.042105652570831,-0.16248451766682726,-0.07956714554032684,-0.054234169406204846,
convlstm,43,raw,pinn_statistical:kl_entropy,joint,pinn_statistical,observed_reconstruction,convlstm/pinn_statistical:kl_entropy/vs_raw,whole_model_comparison,matched,convlstm_time_conditioned_adaptation_v1,convlstm_time_conditioned_adaptation_v1,1604278,855940,u10,m s**-1,54.0,True,2.288542341813782,2.1302653176434325,-0.15827702417034928,-0.07429920717361171,-0.05747190783090561,
convlstm,43,raw,pinn_statistical:kl_entropy,joint,pinn_statistical,observed_reconstruction,convlstm/pinn_statistical:kl_entropy/vs_raw,whole_model_comparison,matched,convlstm_time_conditioned_adaptation_v1,convlstm_time_conditioned_adaptation_v1,1604278,855940,u10,m s**-1,60.0,True,2.360415308717366,2.2127875423039063,-0.14762776641345976,-0.06671574364511867,-0.05849893079582236,
convlstm,43,raw,pinn_statistical:kl_entropy,joint,pinn_statistical,observed_reconstruction,convlstm/pinn_statistical:kl_entropy/vs_raw,whole_model_comparison,matched,convlstm_time_conditioned_adaptation_v1,convlstm_time_conditioned_adaptation_v1,1604278,855940,u10,m s**-1,66.0,True,2.4268801922202647,2.2859555433278653,-0.14092464889239942,-0.06164802692848648,-0.059416763030098796,
convlstm,43,raw,pinn_statistical:kl_entropy,joint,pinn_statistical,observed_reconstruction,convlstm/pinn_statistical:kl_entropy/vs_raw,whole_model_comparison,matched,convlstm_time_conditioned_adaptation_v1,convlstm_time_conditioned_adaptation_v1,1604278,855940,u10,m s**-1,72.0,True,2.4795970388307387,2.3515525417310297,-0.128044497099709,-0.05445104662873179,-0.05662171013819872,
convlstm,43,raw,pinn_statistical:kl_entropy,joint,pinn_statistical,observed_reconstruction,convlstm/pinn_statistical:kl_entropy/vs_raw,whole_model_comparison,matched,convlstm_time_conditioned_adaptation_v1,convlstm_time_conditioned_adaptation_v1,1604278,855940,u10,m s**-1,78.0,True,2.5290599338096382,2.405002698553736,-0.1240572352559024,-0.051582992123254234,-0.05794918377055247,
convlstm,43,raw,pinn_statistical:kl_entropy,joint,pinn_statistical,observed_reconstruction,convlstm/pinn_statistical:kl_entropy/vs_raw,whole_model_comparison,matched,convlstm_time_conditioned_adaptation_v1,convlstm_time_conditioned_adaptation_v1,1604278,855940,u10,m s**-1,84.0,True,2.57037072788521,2.4530446269689112,-0.11732610091629869,-0.0478287674127118,-0.05784215903069723,
convlstm,43,raw,pinn_statistical:kl_entropy,joint,pinn_statistical,observed_reconstruction,convlstm/pinn_statistical:kl_entropy/vs_raw,whole_model_comparison,matched,convlstm_time_conditioned_adaptation_v1,convlstm_time_conditioned_adaptation_v1,1604278,855940,u10,m s**-1,90.0,True,2.6111106159575534,2.4965570362057385,-0.1145535797518149,-0.04588462353975031,-0.058336678931673824,
convlstm,43,raw,pinn_statistical:kl_entropy,joint,pinn_statistical,observed_reconstruction,convlstm/pinn_statistical:kl_entropy/vs_raw,whole_model_comparison,matched,convlstm_time_conditioned_adaptation_v1,convlstm_time_conditioned_adaptation_v1,1604278,855940,u10,m s**-1,96.0,True,2.642507209680274,2.535823894831333,-0.106683314848941,-0.04207047463603031,-0.055050536149324314,
convlstm,43,raw,pinn_statistical:kl_entropy,joint,pinn_statistical,observed_reconstruction,convlstm/pinn_statistical:kl_entropy/vs_raw,whole_model_comparison,matched,convlstm_time_conditioned_adaptation_v1,convlstm_time_conditioned_adaptation_v1,1604278,855940,u10,m s**-1,102.0,True,2.6723589442524203,2.567728202066659,-0.10463074218576107,-0.0407483713040766,-0.055580968611918746,
convlstm,43,raw,pinn_statistical:kl_entropy,joint,pinn_statistical,observed_reconstruction,convlstm/pinn_statistical:kl_entropy/vs_raw,whole_model_comparison,matched,convlstm_time_conditioned_adaptation_v1,convlstm_time_conditioned_adaptation_v1,1604278,855940,u10,m s**-1,108.0,True,2.6972509329587955,2.5980430369296212,-0.09920789602917424,-0.038185624571646315,-0.05394477271743653,
convlstm,43,raw,pinn_statistical:kl_entropy,joint,pinn_statistical,observed_reconstruction,convlstm/pinn_statistical:kl_entropy/vs_raw,whole_model_comparison,matched,convlstm_time_conditioned_adaptation_v1,convlstm_time_conditioned_adaptation_v1,1604278,855940,u10,m s**-1,114.0,True,2.7228648096169987,2.627491643810857,-0.09537316580614164,-0.03629818044551958,-0.052364687392264686,
convlstm,43,raw,pinn_statistical:kl_entropy,joint,pinn_statistical,observed_reconstruction,convlstm/pinn_statistical:kl_entropy/vs_raw,whole_model_comparison,matched,convlstm_time_conditioned_adaptation_v1,convlstm_time_conditioned_adaptation_v1,1604278,855940,u10,m s**-1,120.0,True,2.742566874532842,2.6536172937157896,-0.08894958081705262,-0.03352012403133653,-0.04825054801125167,
convlstm,43,raw,pinn_statistical:kl_entropy,joint,pinn_statistical,observed_reconstruction,convlstm/pinn_statistical:kl_entropy/vs_raw,whole_model_comparison,matched,convlstm_time_conditioned_adaptation_v1,convlstm_time_conditioned_adaptation_v1,1604278,855940,v10,m s**-1,6.0,True,1.349574288338861,1.01278729040095,-0.336786997937911,-0.33253477914852314,-0.04504540128459111,
convlstm,43,raw,pinn_statistical:kl_entropy,joint,pinn_statistical,observed_reconstruction,convlstm/pinn_statistical:kl_entropy/vs_raw,whole_model_comparison,matched,convlstm_time_conditioned_adaptation_v1,convlstm_time_conditioned_adaptation_v1,1604278,855940,v10,m s**-1,12.0,True,1.5227491199646221,1.3676226120344928,-0.1551265079301294,-0.11342786128650006,-0.025539970729268835,
convlstm,43,raw,pinn_statistical:kl_entropy,joint,pinn_statistical,observed_reconstruction,convlstm/pinn_statistical:kl_entropy/vs_raw,whole_model_comparison,matched,convlstm_time_conditioned_adaptation_v1,convlstm_time_conditioned_adaptation_v1,1604278,855940,v10,m s**-1,18.0,True,1.7157659944861536,1.583429144904757,-0.13233684958139658,-0.08357611075130023,-0.025736677380702733,
convlstm,43,raw,pinn_statistical:kl_entropy,joint,pinn_statistical,observed_reconstruction,convlstm/pinn_statistical:kl_entropy/vs_raw,whole_model_comparison,matched,convlstm_time_conditioned_adaptation_v1,convlstm_time_conditioned_adaptation_v1,1604278,855940,v10,m s**-1,24.0,True,1.8774383586180696,1.73523797894834,-0.14220037966972954,-0.08194863263418872,-0.03209618046328644,
convlstm,43,raw,pinn_statistical:kl_entropy,joint,pinn_statistical,observed_reconstruction,convlstm/pinn_statistical:kl_entropy/vs_raw,whole_model_comparison,matched,convlstm_time_conditioned_adaptation_v1,convlstm_time_conditioned_adaptation_v1,1604278,855940,v10,m s**-1,30.0,True,2.0406040175407765,1.8990847345876511,-0.14151928295312532,-0.07451973067639517,-0.0370129300699219,
convlstm,43,raw,pinn_statistical:kl_entropy,joint,pinn_statistical,observed_reconstruction,convlstm/pinn_statistical:kl_entropy/vs_raw,whole_model_comparison,matched,convlstm_time_conditioned_adaptation_v1,convlstm_time_conditioned_adaptation_v1,1604278,855940,v10,m s**-1,36.0,True,2.1795640574485833,2.0358788063628435,-0.14368525108573982,-0.07057652480917453,-0.0422891169035402,
convlstm,43,raw,pinn_statistical:kl_entropy,joint,pinn_statistical,observed_reconstruction,convlstm/pinn_statistical:kl_entropy/vs_raw,whole_model_comparison,matched,convlstm_time_conditioned_adaptation_v1,convlstm_time_conditioned_adaptation_v1,1604278,855940,v10,m s**-1,42.0,True,2.2940511518310123,2.1607660487568503,-0.13328510307416197,-0.06168418980428014,-0.04408124371943778,
convlstm,43,raw,pinn_statistical:kl_entropy,joint,pinn_statistical,observed_reconstruction,convlstm/pinn_statistical:kl_entropy/vs_raw,whole_model_comparison,matched,convlstm_time_conditioned_adaptation_v1,convlstm_time_conditioned_adaptation_v1,1604278,855940,v10,m s**-1,48.0,True,2.3939176233888353,2.264627786226498,-0.12928983716233722,-0.057090987732588916,-0.04697177538708497,
convlstm,43,raw,pinn_statistical:kl_entropy,joint,pinn_statistical,observed_reconstruction,convlstm/pinn_statistical:kl_entropy/vs_raw,whole_model_comparison,matched,convlstm_time_conditioned_adaptation_v1,convlstm_time_conditioned_adaptation_v1,1604278,855940,v10,m s**-1,54.0,True,2.487518168185586,2.3584938368109922,-0.1290243313745938,-0.05470624063578322,-0.051561650813808924,
convlstm,43,raw,pinn_statistical:kl_entropy,joint,pinn_statistical,observed_reconstruction,convlstm/pinn_statistical:kl_entropy/vs_raw,whole_model_comparison,matched,convlstm_time_conditioned_adaptation_v1,convlstm_time_conditioned_adaptation_v1,1604278,855940,v10,m s**-1,60.0,True,2.5688068017050667,2.438480086262773,-0.13032671544229357,-0.053445880561621806,-0.0563774773985668,
convlstm,43,raw,pinn_statistical:kl_entropy,joint,pinn_statistical,observed_reconstruction,convlstm/pinn_statistical:kl_entropy/vs_raw,whole_model_comparison,matched,convlstm_time_conditioned_adaptation_v1,convlstm_time_conditioned_adaptation_v1,1604278,855940,v10,m s**-1,66.0,True,2.634000606801768,2.511292970857988,-0.12270763594377998,-0.048862334011892106,-0.057369049711048614,
convlstm,43,raw,pinn_statistical:kl_entropy,joint,pinn_statistical,observed_reconstruction,convlstm/pinn_statistical:kl_entropy/vs_raw,whole_model_comparison,matched,convlstm_time_conditioned_adaptation_v1,convlstm_time_conditioned_adaptation_v1,1604278,855940,v10,m s**-1,72.0,True,2.6905790851613074,2.5745560448095643,-0.11602304035174305,-0.04506526109060682,-0.05775402717107947,
convlstm,43,raw,pinn_statistical:kl_entropy,joint,pinn_statistical,observed_reconstruction,convlstm/pinn_statistical:kl_entropy/vs_raw,whole_model_comparison,matched,convlstm_time_conditioned_adaptation_v1,convlstm_time_conditioned_adaptation_v1,1604278,855940,v10,m s**-1,78.0,True,2.7415603157595307,2.626610352859451,-0.11494996290007986,-0.04376361449079802,-0.06014506602646119,
convlstm,43,raw,pinn_statistical:kl_entropy,joint,pinn_statistical,observed_reconstruction,convlstm/pinn_statistical:kl_entropy/vs_raw,whole_model_comparison,matched,convlstm_time_conditioned_adaptation_v1,convlstm_time_conditioned_adaptation_v1,1604278,855940,v10,m s**-1,84.0,True,2.787742902118046,2.6710953268718667,-0.11664757524617952,-0.04367031534692023,-0.06349557127254318,
convlstm,43,raw,pinn_statistical:kl_entropy,joint,pinn_statistical,observed_reconstruction,convlstm/pinn_statistical:kl_entropy/vs_raw,whole_model_comparison,matched,convlstm_time_conditioned_adaptation_v1,convlstm_time_conditioned_adaptation_v1,1604278,855940,v10,m s**-1,90.0,True,2.8227032734556285,2.709548399685706,-0.11315487376992239,-0.041761525198460214,-0.06367724730019231,
convlstm,43,raw,pinn_statistical:kl_entropy,joint,pinn_statistical,observed_reconstruction,convlstm/pinn_statistical:kl_entropy/vs_raw,whole_model_comparison,matched,convlstm_time_conditioned_adaptation_v1,convlstm_time_conditioned_adaptation_v1,1604278,855940,v10,m s**-1,96.0,True,2.8545977704455243,2.7438751000973602,-0.11072267034816408,-0.0403526641370211,-0.06380309987019928,
convlstm,43,raw,pinn_statistical:kl_entropy,joint,pinn_statistical,observed_reconstruction,convlstm/pinn_statistical:kl_entropy/vs_raw,whole_model_comparison,matched,convlstm_time_conditioned_adaptation_v1,convlstm_time_conditioned_adaptation_v1,1604278,855940,v10,m s**-1,102.0,True,2.8821888805893967,2.7717845735140165,-0.11040430707538018,-0.0398314891172844,-0.06441970024656712,
convlstm,43,raw,pinn_statistical:kl_entropy,joint,pinn_statistical,observed_reconstruction,convlstm/pinn_statistical:kl_entropy/vs_raw,whole_model_comparison,matched,convlstm_time_conditioned_adaptation_v1,convlstm_time_conditioned_adaptation_v1,1604278,855940,v10,m s**-1,108.0,True,2.907829041602999,2.7974299041422652,-0.1103991374607336,-0.039464487491629896,-0.06523990569589233,
convlstm,43,raw,pinn_statistical:kl_entropy,joint,pinn_statistical,observed_reconstruction,convlstm/pinn_statistical:kl_entropy/vs_raw,whole_model_comparison,matched,convlstm_time_conditioned_adaptation_v1,convlstm_time_conditioned_adaptation_v1,1604278,855940,v10,m s**-1,114.0,True,2.9255921175343476,2.819815613830062,-0.10577650370428548,-0.03751185119533851,-0.06344340038138752,
convlstm,43,raw,pinn_statistical:kl_entropy,joint,pinn_statistical,observed_reconstruction,convlstm/pinn_statistical:kl_entropy/vs_raw,whole_model_comparison,matched,convlstm_time_conditioned_adaptation_v1,convlstm_time_conditioned_adaptation_v1,1604278,855940,v10,m s**-1,120.0,True,2.942686913191363,2.8420228869377127,-0.10066402625365045,-0.03541985066915365,-0.06109403941653474,
simvp,43,raw,pinn_statistical,joint,pinn_statistical,observed_reconstruction,simvp/pinn_statistical/vs_raw,whole_model_comparison,matched,simvp_gsta_lead_conditioned_adaptation_v1,simvp_gsta_lead_conditioned_adaptation_v1,1914876,1229706,msl,Pa,6.0,True,285.09790671104474,228.40629899941777,-56.69160771162697,-0.24820509749501918,-0.038263238222905116,
simvp,43,raw,pinn_statistical,joint,pinn_statistical,observed_reconstruction,simvp/pinn_statistical/vs_raw,whole_model_comparison,matched,simvp_gsta_lead_conditioned_adaptation_v1,simvp_gsta_lead_conditioned_adaptation_v1,1914876,1229706,msl,Pa,12.0,True,290.0293927620679,251.2954080912142,-38.733984670853715,-0.15413725608863582,-0.028128050743730038,
simvp,43,raw,pinn_statistical,joint,pinn_statistical,observed_reconstruction,simvp/pinn_statistical/vs_raw,whole_model_comparison,matched,simvp_gsta_lead_conditioned_adaptation_v1,simvp_gsta_lead_conditioned_adaptation_v1,1914876,1229706,msl,Pa,18.0,True,329.49123263023387,301.579445421914,-27.91178720831988,-0.09255202114080041,-0.02406892007014405,
simvp,43,raw,pinn_statistical,joint,pinn_statistical,observed_reconstruction,simvp/pinn_statistical/vs_raw,whole_model_comparison,matched,simvp_gsta_lead_conditioned_adaptation_v1,simvp_gsta_lead_conditioned_adaptation_v1,1914876,1229706,msl,Pa,24.0,True,362.33718439791386,338.8140932361632,-23.523091161750642,-0.06942772343697756,-0.021232841087017396,
simvp,43,raw,pinn_statistical,joint,pinn_statistical,observed_reconstruction,simvp/pinn_statistical/vs_raw,whole_model_comparison,matched,simvp_gsta_lead_conditioned_adaptation_v1,simvp_gsta_lead_conditioned_adaptation_v1,1914876,1229706,msl,Pa,30.0,True,403.73242933834473,381.67806190308715,-22.054367435257575,-0.05778264363765673,-0.02288517995343642,
simvp,43,raw,pinn_statistical,joint,pinn_statistical,observed_reconstruction,simvp/pinn_statistical/vs_raw,whole_model_comparison,matched,simvp_gsta_lead_conditioned_adaptation_v1,simvp_gsta_lead_conditioned_adaptation_v1,1914876,1229706,msl,Pa,36.0,True,433.8689495143048,416.36753809102953,-17.50141142327527,-0.042033563671932894,-0.020874425920357598,
simvp,43,raw,pinn_statistical,joint,pinn_statistical,observed_reconstruction,simvp/pinn_statistical/vs_raw,whole_model_comparison,matched,simvp_gsta_lead_conditioned_adaptation_v1,simvp_gsta_lead_conditioned_adaptation_v1,1914876,1229706,msl,Pa,42.0,True,465.70073041595333,450.6267877777008,-15.073942638252504,-0.033451057609315216,-0.02178646816887342,
simvp,43,raw,pinn_statistical,joint,pinn_statistical,observed_reconstruction,simvp/pinn_statistical/vs_raw,whole_model_comparison,matched,simvp_gsta_lead_conditioned_adaptation_v1,simvp_gsta_lead_conditioned_adaptation_v1,1914876,1229706,msl,Pa,48.0,True,488.6014567256639,476.5654495461249,-12.036007179539013,-0.025255727604680533,-0.020748903176609157,
simvp,43,raw,pinn_statistical,joint,pinn_statistical,observed_reconstruction,simvp/pinn_statistical/vs_raw,whole_model_comparison,matched,simvp_gsta_lead_conditioned_adaptation_v1,simvp_gsta_lead_conditioned_adaptation_v1,1914876,1229706,msl,Pa,54.0,True,511.277314400604,501.8862250912177,-9.391089309386302,-0.018711590077371554,-0.020470421624090296,
simvp,43,raw,pinn_statistical,joint,pinn_statistical,observed_reconstruction,simvp/pinn_statistical/vs_raw,whole_model_comparison,matched,simvp_gsta_lead_conditioned_adaptation_v1,simvp_gsta_lead_conditioned_adaptation_v1,1914876,1229706,msl,Pa,60.0,True,528.4951583908423,522.5779366310462,-5.917221759796121,-0.01132313736386048,-0.018390310058112425,
simvp,43,raw,pinn_statistical,joint,pinn_statistical,observed_reconstruction,simvp/pinn_statistical/vs_raw,whole_model_comparison,matched,simvp_gsta_lead_conditioned_adaptation_v1,simvp_gsta_lead_conditioned_adaptation_v1,1914876,1229706,msl,Pa,66.0,True,545.1230821390737,541.8370323038777,-3.2860498351960814,-0.0060646460822801895,-0.017254258417533364,
simvp,43,raw,pinn_statistical,joint,pinn_statistical,observed_reconstruction,simvp/pinn_statistical/vs_raw,whole_model_comparison,matched,simvp_gsta_lead_conditioned_adaptation_v1,simvp_gsta_lead_conditioned_adaptation_v1,1914876,1229706,msl,Pa,72.0,True,556.1814336895702,555.7105410244333,-0.47089266513694383,-0.0008473704030678153,-0.015025069251943135,
simvp,43,raw,pinn_statistical,joint,pinn_statistical,observed_reconstruction,simvp/pinn_statistical/vs_raw,whole_model_comparison,matched,simvp_gsta_lead_conditioned_adaptation_v1,simvp_gsta_lead_conditioned_adaptation_v1,1914876,1229706,msl,Pa,78.0,True,567.293355733733,568.8849736394682,1.59161790573512,0.0027977851050496882,-0.013203709810184261,
simvp,43,raw,pinn_statistical,joint,pinn_statistical,observed_reconstruction,simvp/pinn_statistical/vs_raw,whole_model_comparison,matched,simvp_gsta_lead_conditioned_adaptation_v1,simvp_gsta_lead_conditioned_adaptation_v1,1914876,1229706,msl,Pa,84.0,True,576.5754759656539,580.4387949958691,3.863319030215166,0.0066558594351755485,-0.010271998545098526,
simvp,43,raw,pinn_statistical,joint,pinn_statistical,observed_reconstruction,simvp/pinn_statistical/vs_raw,whole_model_comparison,matched,simvp_gsta_lead_conditioned_adaptation_v1,simvp_gsta_lead_conditioned_adaptation_v1,1914876,1229706,msl,Pa,90.0,True,585.4840612364562,591.3942369108015,5.9101756743452825,0.009993630822676902,-0.007379256246995092,
simvp,43,raw,pinn_statistical,joint,pinn_statistical,observed_reconstruction,simvp/pinn_statistical/vs_raw,whole_model_comparison,matched,simvp_gsta_lead_conditioned_adaptation_v1,simvp_gsta_lead_conditioned_adaptation_v1,1914876,1229706,msl,Pa,96.0,True,591.5720440213872,599.358466595828,7.786422574440735,0.012991261504430307,-0.004822796672244389,
simvp,43,raw,pinn_statistical,joint,pinn_statistical,observed_reconstruction,simvp/pinn_statistical/vs_raw,whole_model_comparison,matched,simvp_gsta_lead_conditioned_adaptation_v1,simvp_gsta_lead_conditioned_adaptation_v1,1914876,1229706,msl,Pa,102.0,True,598.3006233156373,607.3483340625864,9.047710746949178,0.014897070164708537,-0.0030727134999524175,
simvp,43,raw,pinn_statistical,joint,pinn_statistical,observed_reconstruction,simvp/pinn_statistical/vs_raw,whole_model_comparison,matched,simvp_gsta_lead_conditioned_adaptation_v1,simvp_gsta_lead_conditioned_adaptation_v1,1914876,1229706,msl,Pa,108.0,True,604.8537919091663,615.2679313807461,10.414139471579801,0.016926186040948088,-2.0251625701239728e-05,
simvp,43,raw,pinn_statistical,joint,pinn_statistical,observed_reconstruction,simvp/pinn_statistical/vs_raw,whole_model_comparison,matched,simvp_gsta_lead_conditioned_adaptation_v1,simvp_gsta_lead_conditioned_adaptation_v1,1914876,1229706,msl,Pa,114.0,True,610.471621298661,622.6856063365632,12.213985037902148,0.0196150110322294,0.004162409674529244,
simvp,43,raw,pinn_statistical,joint,pinn_statistical,observed_reconstruction,simvp/pinn_statistical/vs_raw,whole_model_comparison,matched,simvp_gsta_lead_conditioned_adaptation_v1,simvp_gsta_lead_conditioned_adaptation_v1,1914876,1229706,msl,Pa,120.0,True,614.6186949495967,627.8451594168951,13.226464467298342,0.021066443324309958,0.0064110433154073165,
simvp,43,raw,pinn_statistical,joint,pinn_statistical,observed_reconstruction,simvp/pinn_statistical/vs_raw,whole_model_comparison,matched,simvp_gsta_lead_conditioned_adaptation_v1,simvp_gsta_lead_conditioned_adaptation_v1,1914876,1229706,t2m,K,6.0,True,2.184051446606069,2.0337696468302053,-0.15028179977586387,-0.07389322581841573,-0.015523525180427211,
simvp,43,raw,pinn_statistical,joint,pinn_statistical,observed_reconstruction,simvp/pinn_statistical/vs_raw,whole_model_comparison,matched,simvp_gsta_lead_conditioned_adaptation_v1,simvp_gsta_lead_conditioned_adaptation_v1,1914876,1229706,t2m,K,12.0,True,2.2892795850426473,2.2212783223294164,-0.06800126271323093,-0.03061357148703414,-0.010823186066708512,
simvp,43,raw,pinn_statistical,joint,pinn_statistical,observed_reconstruction,simvp/pinn_statistical/vs_raw,whole_model_comparison,matched,simvp_gsta_lead_conditioned_adaptation_v1,simvp_gsta_lead_conditioned_adaptation_v1,1914876,1229706,t2m,K,18.0,True,2.134660692855652,2.085429054638447,-0.04923163821720511,-0.02360743853055247,-0.01199986001203368,
simvp,43,raw,pinn_statistical,joint,pinn_statistical,observed_reconstruction,simvp/pinn_statistical/vs_raw,whole_model_comparison,matched,simvp_gsta_lead_conditioned_adaptation_v1,simvp_gsta_lead_conditioned_adaptation_v1,1914876,1229706,t2m,K,24.0,True,1.9524388889970865,1.8141593694195393,-0.13827951957754725,-0.07622236607679689,-0.016690268487532856,
simvp,43,raw,pinn_statistical,joint,pinn_statistical,observed_reconstruction,simvp/pinn_statistical/vs_raw,whole_model_comparison,matched,simvp_gsta_lead_conditioned_adaptation_v1,simvp_gsta_lead_conditioned_adaptation_v1,1914876,1229706,t2m,K,30.0,True,2.210831462366873,1.9665436036855242,-0.24428785868134884,-0.12422193854411656,-0.025282528367939427,
simvp,43,raw,pinn_statistical,joint,pinn_statistical,observed_reconstruction,simvp/pinn_statistical/vs_raw,whole_model_comparison,matched,simvp_gsta_lead_conditioned_adaptation_v1,simvp_gsta_lead_conditioned_adaptation_v1,1914876,1229706,t2m,K,36.0,True,2.332810629294065,2.211143311957549,-0.12166731733651615,-0.05502461856658347,-0.01668360009540837,
simvp,43,raw,pinn_statistical,joint,pinn_statistical,observed_reconstruction,simvp/pinn_statistical/vs_raw,whole_model_comparison,matched,simvp_gsta_lead_conditioned_adaptation_v1,simvp_gsta_lead_conditioned_adaptation_v1,1914876,1229706,t2m,K,42.0,True,2.25490898970979,2.207700939026926,-0.047208050682864044,-0.021383353989816944,-0.00976862757212682,
simvp,43,raw,pinn_statistical,joint,pinn_statistical,observed_reconstruction,simvp/pinn_statistical/vs_raw,whole_model_comparison,matched,simvp_gsta_lead_conditioned_adaptation_v1,simvp_gsta_lead_conditioned_adaptation_v1,1914876,1229706,t2m,K,48.0,True,2.1255318615686116,2.04772009734475,-0.0778117642238616,-0.037999218899477105,-0.01234802321676276,
simvp,43,raw,pinn_statistical,joint,pinn_statistical,observed_reconstruction,simvp/pinn_statistical/vs_raw,whole_model_comparison,matched,simvp_gsta_lead_conditioned_adaptation_v1,simvp_gsta_lead_conditioned_adaptation_v1,1914876,1229706,t2m,K,54.0,True,2.3378300583340956,2.161763432453668,-0.17606662588042754,-0.08144583409877848,-0.02081652338359552,
simvp,43,raw,pinn_statistical,joint,pinn_statistical,observed_reconstruction,simvp/pinn_statistical/vs_raw,whole_model_comparison,matched,simvp_gsta_lead_conditioned_adaptation_v1,simvp_gsta_lead_conditioned_adaptation_v1,1914876,1229706,t2m,K,60.0,True,2.4292623760241714,2.359944789553863,-0.06931758647030817,-0.029372545822740292,-0.010699551713926336,
simvp,43,raw,pinn_statistical,joint,pinn_statistical,observed_reconstruction,simvp/pinn_statistical/vs_raw,whole_model_comparison,matched,simvp_gsta_lead_conditioned_adaptation_v1,simvp_gsta_lead_conditioned_adaptation_v1,1914876,1229706,t2m,K,66.0,True,2.3652951109649134,2.383408360432473,0.018113249467559545,0.00759972557294919,-0.004912240020307657,
simvp,43,raw,pinn_statistical,joint,pinn_statistical,observed_reconstruction,simvp/pinn_statistical/vs_raw,whole_model_comparison,matched,simvp_gsta_lead_conditioned_adaptation_v1,simvp_gsta_lead_conditioned_adaptation_v1,1914876,1229706,t2m,K,72.0,True,2.252139168186656,2.260097431820626,0.00795826363397012,0.003521203786139182,-0.008072921831000723,
simvp,43,raw,pinn_statistical,joint,pinn_statistical,observed_reconstruction,simvp/pinn_statistical/vs_raw,whole_model_comparison,matched,simvp_gsta_lead_conditioned_adaptation_v1,simvp_gsta_lead_conditioned_adaptation_v1,1914876,1229706,t2m,K,78.0,True,2.4435087182300768,2.340949429694641,-0.10255928853543583,-0.04381097995304151,-0.015171914823505883,
simvp,43,raw,pinn_statistical,joint,pinn_statistical,observed_reconstruction,simvp/pinn_statistical/vs_raw,whole_model_comparison,matched,simvp_gsta_lead_conditioned_adaptation_v1,simvp_gsta_lead_conditioned_adaptation_v1,1914876,1229706,t2m,K,84.0,True,2.5208579935199995,2.502634268858898,-0.01822372466110167,-0.007281816958980114,-0.004884990582153748,
simvp,43,raw,pinn_statistical,joint,pinn_statistical,observed_reconstruction,simvp/pinn_statistical/vs_raw,whole_model_comparison,matched,simvp_gsta_lead_conditioned_adaptation_v1,simvp_gsta_lead_conditioned_adaptation_v1,1914876,1229706,t2m,K,90.0,True,2.4666076351020205,2.5360107898920017,0.06940315478998116,0.027367058163398683,-0.0008959620578765648,
simvp,43,raw,pinn_statistical,joint,pinn_statistical,observed_reconstruction,simvp/pinn_statistical/vs_raw,whole_model_comparison,matched,simvp_gsta_lead_conditioned_adaptation_v1,simvp_gsta_lead_conditioned_adaptation_v1,1914876,1229706,t2m,K,96.0,True,2.3625240136082657,2.4089830905747243,0.04645907696645857,0.019285763004411316,-0.0065311056790525734,
simvp,43,raw,pinn_statistical,joint,pinn_statistical,observed_reconstruction,simvp/pinn_statistical/vs_raw,whole_model_comparison,matched,simvp_gsta_lead_conditioned_adaptation_v1,simvp_gsta_lead_conditioned_adaptation_v1,1914876,1229706,t2m,K,102.0,True,2.5298147829880255,2.4788069056116817,-0.051007877376343824,-0.020577592091126196,-0.011153437813446687,
simvp,43,raw,pinn_statistical,joint,pinn_statistical,observed_reconstruction,simvp/pinn_statistical/vs_raw,whole_model_comparison,matched,simvp_gsta_lead_conditioned_adaptation_v1,simvp_gsta_lead_conditioned_adaptation_v1,1914876,1229706,t2m,K,108.0,True,2.597196774976344,2.6421412283373344,0.04494445336099062,0.017010617327701927,0.0007027436727014003,
simvp,43,raw,pinn_statistical,joint,pinn_statistical,observed_reconstruction,simvp/pinn_statistical/vs_raw,whole_model_comparison,matched,simvp_gsta_lead_conditioned_adaptation_v1,simvp_gsta_lead_conditioned_adaptation_v1,1914876,1229706,t2m,K,114.0,True,2.554587016630514,2.6806607226374384,0.12607370600692436,0.047030832713094495,0.0027276026223488348,
simvp,43,raw,pinn_statistical,joint,pinn_statistical,observed_reconstruction,simvp/pinn_statistical/vs_raw,whole_model_comparison,matched,simvp_gsta_lead_conditioned_adaptation_v1,simvp_gsta_lead_conditioned_adaptation_v1,1914876,1229706,t2m,K,120.0,True,2.459900059562652,2.523456721604612,0.06355666204196009,0.025186349144734166,-0.007086055773702582,
simvp,43,raw,pinn_statistical,joint,pinn_statistical,observed_reconstruction,simvp/pinn_statistical/vs_raw,whole_model_comparison,matched,simvp_gsta_lead_conditioned_adaptation_v1,simvp_gsta_lead_conditioned_adaptation_v1,1914876,1229706,u10,m s**-1,6.0,True,1.5916283853123143,1.3295802807741197,-0.2620481045381946,-0.19709084763623497,-0.08435080624924984,
simvp,43,raw,pinn_statistical,joint,pinn_statistical,observed_reconstruction,simvp/pinn_statistical/vs_raw,whole_model_comparison,matched,simvp_gsta_lead_conditioned_adaptation_v1,simvp_gsta_lead_conditioned_adaptation_v1,1914876,1229706,u10,m s**-1,12.0,True,1.6137141799200496,1.4977141086962422,-0.1160000712238074,-0.07745141115401877,-0.06028908494133467,
simvp,43,raw,pinn_statistical,joint,pinn_statistical,observed_reconstruction,simvp/pinn_statistical/vs_raw,whole_model_comparison,matched,simvp_gsta_lead_conditioned_adaptation_v1,simvp_gsta_lead_conditioned_adaptation_v1,1914876,1229706,u10,m s**-1,18.0,True,1.7270073199903178,1.7008298871238212,-0.02617743286649654,-0.015390976525444078,-0.04251360696071915,
simvp,43,raw,pinn_statistical,joint,pinn_statistical,observed_reconstruction,simvp/pinn_statistical/vs_raw,whole_model_comparison,matched,simvp_gsta_lead_conditioned_adaptation_v1,simvp_gsta_lead_conditioned_adaptation_v1,1914876,1229706,u10,m s**-1,24.0,True,1.8592217569948137,1.8470589820076533,-0.012162774987160452,-0.006584941307039571,-0.034936517548102786,
simvp,43,raw,pinn_statistical,joint,pinn_statistical,observed_reconstruction,simvp/pinn_statistical/vs_raw,whole_model_comparison,matched,simvp_gsta_lead_conditioned_adaptation_v1,simvp_gsta_lead_conditioned_adaptation_v1,1914876,1229706,u10,m s**-1,30.0,True,2.002438211623773,2.008990235675177,0.006552024051404093,0.0032613518647600648,-0.029302467514750075,
simvp,43,raw,pinn_statistical,joint,pinn_statistical,observed_reconstruction,simvp/pinn_statistical/vs_raw,whole_model_comparison,matched,simvp_gsta_lead_conditioned_adaptation_v1,simvp_gsta_lead_conditioned_adaptation_v1,1914876,1229706,u10,m s**-1,36.0,True,2.122688664792664,2.1369520297322007,0.014263364939536505,0.006674630380600566,-0.02602188068653355,
simvp,43,raw,pinn_statistical,joint,pinn_statistical,observed_reconstruction,simvp/pinn_statistical/vs_raw,whole_model_comparison,matched,simvp_gsta_lead_conditioned_adaptation_v1,simvp_gsta_lead_conditioned_adaptation_v1,1914876,1229706,u10,m s**-1,42.0,True,2.2300606054222953,2.248424306940675,0.018363701518379738,0.008167364790396814,-0.024513972579496945,
simvp,43,raw,pinn_statistical,joint,pinn_statistical,observed_reconstruction,simvp/pinn_statistical/vs_raw,whole_model_comparison,matched,simvp_gsta_lead_conditioned_adaptation_v1,simvp_gsta_lead_conditioned_adaptation_v1,1914876,1229706,u10,m s**-1,48.0,True,2.316257417711098,2.329251204519192,0.012993786808094043,0.005578525314437366,-0.02407411428693207,
simvp,43,raw,pinn_statistical,joint,pinn_statistical,observed_reconstruction,simvp/pinn_statistical/vs_raw,whole_model_comparison,matched,simvp_gsta_lead_conditioned_adaptation_v1,simvp_gsta_lead_conditioned_adaptation_v1,1914876,1229706,u10,m s**-1,54.0,True,2.3906030979132153,2.416979949050042,0.02637685113682675,0.010913144375564121,-0.02018590086067784,
simvp,43,raw,pinn_statistical,joint,pinn_statistical,observed_reconstruction,simvp/pinn_statistical/vs_raw,whole_model_comparison,matched,simvp_gsta_lead_conditioned_adaptation_v1,simvp_gsta_lead_conditioned_adaptation_v1,1914876,1229706,u10,m s**-1,60.0,True,2.451236027893621,2.4890890287007275,0.03785300080710652,0.015207572075823017,-0.016230312396144808,
simvp,43,raw,pinn_statistical,joint,pinn_statistical,observed_reconstruction,simvp/pinn_statistical/vs_raw,whole_model_comparison,matched,simvp_gsta_lead_conditioned_adaptation_v1,simvp_gsta_lead_conditioned_adaptation_v1,1914876,1229706,u10,m s**-1,66.0,True,2.503601759562529,2.55105649487702,0.04745473531449074,0.018601993099638725,-0.01225446295578092,
simvp,43,raw,pinn_statistical,joint,pinn_statistical,observed_reconstruction,simvp/pinn_statistical/vs_raw,whole_model_comparison,matched,simvp_gsta_lead_conditioned_adaptation_v1,simvp_gsta_lead_conditioned_adaptation_v1,1914876,1229706,u10,m s**-1,72.0,True,2.543470230888019,2.5943797434704923,0.050909512582473226,0.019622999566891397,-0.00911918020555047,
simvp,43,raw,pinn_statistical,joint,pinn_statistical,observed_reconstruction,simvp/pinn_statistical/vs_raw,whole_model_comparison,matched,simvp_gsta_lead_conditioned_adaptation_v1,simvp_gsta_lead_conditioned_adaptation_v1,1914876,1229706,u10,m s**-1,78.0,True,2.578342314378456,2.6434562752791004,0.06511396090064459,0.024632130861998003,-0.0037205675426620344,
simvp,43,raw,pinn_statistical,joint,pinn_statistical,observed_reconstruction,simvp/pinn_statistical/vs_raw,whole_model_comparison,matched,simvp_gsta_lead_conditioned_adaptation_v1,simvp_gsta_lead_conditioned_adaptation_v1,1914876,1229706,u10,m s**-1,84.0,True,2.608793819053152,2.68318553562166,0.07439171656850796,0.027725148179614134,0.0008799896483356884,
simvp,43,raw,pinn_statistical,joint,pinn_statistical,observed_reconstruction,simvp/pinn_statistical/vs_raw,whole_model_comparison,matched,simvp_gsta_lead_conditioned_adaptation_v1,simvp_gsta_lead_conditioned_adaptation_v1,1914876,1229706,u10,m s**-1,90.0,True,2.6367544777173095,2.7157317673626244,0.07897728964531492,0.029081402881704133,0.004669287765781516,
simvp,43,raw,pinn_statistical,joint,pinn_statistical,observed_reconstruction,simvp/pinn_statistical/vs_raw,whole_model_comparison,matched,simvp_gsta_lead_conditioned_adaptation_v1,simvp_gsta_lead_conditioned_adaptation_v1,1914876,1229706,u10,m s**-1,96.0,True,2.6585496314453954,2.7375895838379507,0.07903995239255535,0.02887209713946448,0.007024973625622266,
simvp,43,raw,pinn_statistical,joint,pinn_statistical,observed_reconstruction,simvp/pinn_statistical/vs_raw,whole_model_comparison,matched,simvp_gsta_lead_conditioned_adaptation_v1,simvp_gsta_lead_conditioned_adaptation_v1,1914876,1229706,u10,m s**-1,102.0,True,2.6792411685815676,2.7682968652037463,0.08905569662217871,0.0321698506188296,0.011477169769390116,
simvp,43,raw,pinn_statistical,joint,pinn_statistical,observed_reconstruction,simvp/pinn_statistical/vs_raw,whole_model_comparison,matched,simvp_gsta_lead_conditioned_adaptation_v1,simvp_gsta_lead_conditioned_adaptation_v1,1914876,1229706,u10,m s**-1,108.0,True,2.6995596006525853,2.7942429695892095,0.09468336893662421,0.03388515958243388,0.015251464336531018,
simvp,43,raw,pinn_statistical,joint,pinn_statistical,observed_reconstruction,simvp/pinn_statistical/vs_raw,whole_model_comparison,matched,simvp_gsta_lead_conditioned_adaptation_v1,simvp_gsta_lead_conditioned_adaptation_v1,1914876,1229706,u10,m s**-1,114.0,True,2.7182312072867116,2.8143029042770698,0.09607169699035811,0.03413694270234813,0.018196168439772675,
simvp,43,raw,pinn_statistical,joint,pinn_statistical,observed_reconstruction,simvp/pinn_statistical/vs_raw,whole_model_comparison,matched,simvp_gsta_lead_conditioned_adaptation_v1,simvp_gsta_lead_conditioned_adaptation_v1,1914876,1229706,u10,m s**-1,120.0,True,2.733866026185283,2.8263695237521516,0.09250349756686838,0.03272873443811597,0.019142511646632276,
simvp,43,raw,pinn_statistical,joint,pinn_statistical,observed_reconstruction,simvp/pinn_statistical/vs_raw,whole_model_comparison,matched,simvp_gsta_lead_conditioned_adaptation_v1,simvp_gsta_lead_conditioned_adaptation_v1,1914876,1229706,v10,m s**-1,6.0,True,1.7470567641375705,1.1612798055124682,-0.5857769586251023,-0.5044236159489583,-0.10520955467480064,
simvp,43,raw,pinn_statistical,joint,pinn_statistical,observed_reconstruction,simvp/pinn_statistical/vs_raw,whole_model_comparison,matched,simvp_gsta_lead_conditioned_adaptation_v1,simvp_gsta_lead_conditioned_adaptation_v1,1914876,1229706,v10,m s**-1,12.0,True,1.7662338760198382,1.3951673849870656,-0.37106649103277256,-0.2659655716050249,-0.07499517020024671,
simvp,43,raw,pinn_statistical,joint,pinn_statistical,observed_reconstruction,simvp/pinn_statistical/vs_raw,whole_model_comparison,matched,simvp_gsta_lead_conditioned_adaptation_v1,simvp_gsta_lead_conditioned_adaptation_v1,1914876,1229706,v10,m s**-1,18.0,True,1.9034362263642521,1.6858347733954293,-0.21760145296882283,-0.12907638186306536,-0.05365989487236189,
simvp,43,raw,pinn_statistical,joint,pinn_statistical,observed_reconstruction,simvp/pinn_statistical/vs_raw,whole_model_comparison,matched,simvp_gsta_lead_conditioned_adaptation_v1,simvp_gsta_lead_conditioned_adaptation_v1,1914876,1229706,v10,m s**-1,24.0,True,2.069103888305791,1.8953030216403726,-0.17380086666541827,-0.09170083341870838,-0.049454288760833354,
simvp,43,raw,pinn_statistical,joint,pinn_statistical,observed_reconstruction,simvp/pinn_statistical/vs_raw,whole_model_comparison,matched,simvp_gsta_lead_conditioned_adaptation_v1,simvp_gsta_lead_conditioned_adaptation_v1,1914876,1229706,v10,m s**-1,30.0,True,2.2260439988559035,2.0850987088057926,-0.14094529005011092,-0.06759645932102432,-0.04638750381436674,
simvp,43,raw,pinn_statistical,joint,pinn_statistical,observed_reconstruction,simvp/pinn_statistical/vs_raw,whole_model_comparison,matched,simvp_gsta_lead_conditioned_adaptation_v1,simvp_gsta_lead_conditioned_adaptation_v1,1914876,1229706,v10,m s**-1,36.0,True,2.3646846625551414,2.2396770343520562,-0.1250076282030852,-0.05581502434758412,-0.04729416471420789,
simvp,43,raw,pinn_statistical,joint,pinn_statistical,observed_reconstruction,simvp/pinn_statistical/vs_raw,whole_model_comparison,matched,simvp_gsta_lead_conditioned_adaptation_v1,simvp_gsta_lead_conditioned_adaptation_v1,1914876,1229706,v10,m s**-1,42.0,True,2.475745539045959,2.3793845579801975,-0.0963609810657613,-0.040498279583506935,-0.0439517091482885,
simvp,43,raw,pinn_statistical,joint,pinn_statistical,observed_reconstruction,simvp/pinn_statistical/vs_raw,whole_model_comparison,matched,simvp_gsta_lead_conditioned_adaptation_v1,simvp_gsta_lead_conditioned_adaptation_v1,1914876,1229706,v10,m s**-1,48.0,True,2.5703987786683733,2.489576581736664,-0.08082219693170911,-0.032464234088886545,-0.044199657132889314,
simvp,43,raw,pinn_statistical,joint,pinn_statistical,observed_reconstruction,simvp/pinn_statistical/vs_raw,whole_model_comparison,matched,simvp_gsta_lead_conditioned_adaptation_v1,simvp_gsta_lead_conditioned_adaptation_v1,1914876,1229706,v10,m s**-1,54.0,True,2.6439248432492373,2.5889930587008645,-0.054931784548372775,-0.021217432145583803,-0.04031973975100811,
simvp,43,raw,pinn_statistical,joint,pinn_statistical,observed_reconstruction,simvp/pinn_statistical/vs_raw,whole_model_comparison,matched,simvp_gsta_lead_conditioned_adaptation_v1,simvp_gsta_lead_conditioned_adaptation_v1,1914876,1229706,v10,m s**-1,60.0,True,2.704687528887116,2.6677839399990346,-0.03690358888808154,-0.01383305009628888,-0.03723742963270443,
simvp,43,raw,pinn_statistical,joint,pinn_statistical,observed_reconstruction,simvp/pinn_statistical/vs_raw,whole_model_comparison,matched,simvp_gsta_lead_conditioned_adaptation_v1,simvp_gsta_lead_conditioned_adaptation_v1,1914876,1229706,v10,m s**-1,66.0,True,2.747820377619883,2.7366647488671907,-0.01115562875269216,-0.004076359282703557,-0.029111584934765178,
simvp,43,raw,pinn_statistical,joint,pinn_statistical,observed_reconstruction,simvp/pinn_statistical/vs_raw,whole_model_comparison,matched,simvp_gsta_lead_conditioned_adaptation_v1,simvp_gsta_lead_conditioned_adaptation_v1,1914876,1229706,v10,m s**-1,72.0,True,2.7838630209029964,2.786693652903423,0.0028306320004265473,0.00101576719689922,-0.024133986323615908,
simvp,43,raw,pinn_statistical,joint,pinn_statistical,observed_reconstruction,simvp/pinn_statistical/vs_raw,whole_model_comparison,matched,simvp_gsta_lead_conditioned_adaptation_v1,simvp_gsta_lead_conditioned_adaptation_v1,1914876,1229706,v10,m s**-1,78.0,True,2.8116319185729206,2.8333992682129825,0.021767349640061884,0.0076824152120962275,-0.01726960586079629,
simvp,43,raw,pinn_statistical,joint,pinn_statistical,observed_reconstruction,simvp/pinn_statistical/vs_raw,whole_model_comparison,matched,simvp_gsta_lead_conditioned_adaptation_v1,simvp_gsta_lead_conditioned_adaptation_v1,1914876,1229706,v10,m s**-1,84.0,True,2.838104603790091,2.86894132448694,0.03083672069684873,0.01074846684163655,-0.01283633690127245,
simvp,43,raw,pinn_statistical,joint,pinn_statistical,observed_reconstruction,simvp/pinn_statistical/vs_raw,whole_model_comparison,matched,simvp_gsta_lead_conditioned_adaptation_v1,simvp_gsta_lead_conditioned_adaptation_v1,1914876,1229706,v10,m s**-1,90.0,True,2.857906581816108,2.9011400436128194,0.04323346179671139,0.01490223193185547,-0.006318549891447367,
simvp,43,raw,pinn_statistical,joint,pinn_statistical,observed_reconstruction,simvp/pinn_statistical/vs_raw,whole_model_comparison,matched,simvp_gsta_lead_conditioned_adaptation_v1,simvp_gsta_lead_conditioned_adaptation_v1,1914876,1229706,v10,m s**-1,96.0,True,2.8778652831458142,2.9256520598068834,0.04778677666106912,0.016333718324735957,-0.003540944187600481,
simvp,43,raw,pinn_statistical,joint,pinn_statistical,observed_reconstruction,simvp/pinn_statistical/vs_raw,whole_model_comparison,matched,simvp_gsta_lead_conditioned_adaptation_v1,simvp_gsta_lead_conditioned_adaptation_v1,1914876,1229706,v10,m s**-1,102.0,True,2.894790768030022,2.952480827276187,0.05769005924616488,0.019539520363079488,0.0004384902589291695,
simvp,43,raw,pinn_statistical,joint,pinn_statistical,observed_reconstruction,simvp/pinn_statistical/vs_raw,whole_model_comparison,matched,simvp_gsta_lead_conditioned_adaptation_v1,simvp_gsta_lead_conditioned_adaptation_v1,1914876,1229706,v10,m s**-1,108.0,True,2.9135640236379428,2.973491352160133,0.059927328522190404,0.0201538600334773,0.0022991331641905033,
simvp,43,raw,pinn_statistical,joint,pinn_statistical,observed_reconstruction,simvp/pinn_statistical/vs_raw,whole_model_comparison,matched,simvp_gsta_lead_conditioned_adaptation_v1,simvp_gsta_lead_conditioned_adaptation_v1,1914876,1229706,v10,m s**-1,114.0,True,2.926577566856751,2.9933766165731703,0.06679904971641948,0.022315618204063914,0.006395105112078525,
simvp,43,raw,pinn_statistical,joint,pinn_statistical,observed_reconstruction,simvp/pinn_statistical/vs_raw,whole_model_comparison,matched,simvp_gsta_lead_conditioned_adaptation_v1,simvp_gsta_lead_conditioned_adaptation_v1,1914876,1229706,v10,m s**-1,120.0,True,2.9405619871321833,3.00957196835843,0.0690099812262468,0.022930164804760733,0.007608778455369336,
simvp,43,raw,pinn_statistical:kl_entropy,joint,pinn_statistical,observed_reconstruction,simvp/pinn_statistical:kl_entropy/vs_raw,whole_model_comparison,matched,simvp_gsta_lead_conditioned_adaptation_v1,simvp_gsta_lead_conditioned_adaptation_v1,1914876,1229706,msl,Pa,6.0,True,298.0434548836493,228.40629899941777,-69.63715588423153,-0.30488281710833665,-0.04271019195675185,
simvp,43,raw,pinn_statistical:kl_entropy,joint,pinn_statistical,observed_reconstruction,simvp/pinn_statistical:kl_entropy/vs_raw,whole_model_comparison,matched,simvp_gsta_lead_conditioned_adaptation_v1,simvp_gsta_lead_conditioned_adaptation_v1,1914876,1229706,msl,Pa,12.0,True,306.35044248495427,251.2954080912142,-55.05503439374007,-0.21908492006251223,-0.034687981661201905,
simvp,43,raw,pinn_statistical:kl_entropy,joint,pinn_statistical,observed_reconstruction,simvp/pinn_statistical:kl_entropy/vs_raw,whole_model_comparison,matched,simvp_gsta_lead_conditioned_adaptation_v1,simvp_gsta_lead_conditioned_adaptation_v1,1914876,1229706,msl,Pa,18.0,True,342.7774849425241,301.579445421914,-41.19803952061011,-0.13660758432317377,-0.029646685233951198,
simvp,43,raw,pinn_statistical:kl_entropy,joint,pinn_statistical,observed_reconstruction,simvp/pinn_statistical:kl_entropy/vs_raw,whole_model_comparison,matched,simvp_gsta_lead_conditioned_adaptation_v1,simvp_gsta_lead_conditioned_adaptation_v1,1914876,1229706,msl,Pa,24.0,True,372.78798500446715,338.8140932361632,-33.97389176830393,-0.10027295926153568,-0.026589925590546293,
simvp,43,raw,pinn_statistical:kl_entropy,joint,pinn_statistical,observed_reconstruction,simvp/pinn_statistical:kl_entropy/vs_raw,whole_model_comparison,matched,simvp_gsta_lead_conditioned_adaptation_v1,simvp_gsta_lead_conditioned_adaptation_v1,1914876,1229706,msl,Pa,30.0,True,410.57003128717173,381.67806190308715,-28.891969384084575,-0.07569722304715687,-0.027024036129820295,
simvp,43,raw,pinn_statistical:kl_entropy,joint,pinn_statistical,observed_reconstruction,simvp/pinn_statistical:kl_entropy/vs_raw,whole_model_comparison,matched,simvp_gsta_lead_conditioned_adaptation_v1,simvp_gsta_lead_conditioned_adaptation_v1,1914876,1229706,msl,Pa,36.0,True,441.3012393731299,416.36753809102953,-24.933701282100344,-0.05988387422424157,-0.027712280851511117,
simvp,43,raw,pinn_statistical:kl_entropy,joint,pinn_statistical,observed_reconstruction,simvp/pinn_statistical:kl_entropy/vs_raw,whole_model_comparison,matched,simvp_gsta_lead_conditioned_adaptation_v1,simvp_gsta_lead_conditioned_adaptation_v1,1914876,1229706,msl,Pa,42.0,True,473.13318248614775,450.6267877777008,-22.50639470844692,-0.04994464447939029,-0.02978670592618582,
simvp,43,raw,pinn_statistical:kl_entropy,joint,pinn_statistical,observed_reconstruction,simvp/pinn_statistical:kl_entropy/vs_raw,whole_model_comparison,matched,simvp_gsta_lead_conditioned_adaptation_v1,simvp_gsta_lead_conditioned_adaptation_v1,1914876,1229706,msl,Pa,48.0,True,496.82699424946713,476.5654495461249,-20.261544703342224,-0.04251576509090005,-0.03100203950299385,
simvp,43,raw,pinn_statistical:kl_entropy,joint,pinn_statistical,observed_reconstruction,simvp/pinn_statistical:kl_entropy/vs_raw,whole_model_comparison,matched,simvp_gsta_lead_conditioned_adaptation_v1,simvp_gsta_lead_conditioned_adaptation_v1,1914876,1229706,msl,Pa,54.0,True,518.9696987910597,501.8862250912177,-17.083473699842045,-0.03403853870812479,-0.031873784199083266,
simvp,43,raw,pinn_statistical:kl_entropy,joint,pinn_statistical,observed_reconstruction,simvp/pinn_statistical:kl_entropy/vs_raw,whole_model_comparison,matched,simvp_gsta_lead_conditioned_adaptation_v1,simvp_gsta_lead_conditioned_adaptation_v1,1914876,1229706,msl,Pa,60.0,True,537.4991644172428,522.5779366310462,-14.921227786196596,-0.028553114741871166,-0.03261754489272617,
simvp,43,raw,pinn_statistical:kl_entropy,joint,pinn_statistical,observed_reconstruction,simvp/pinn_statistical:kl_entropy/vs_raw,whole_model_comparison,matched,simvp_gsta_lead_conditioned_adaptation_v1,simvp_gsta_lead_conditioned_adaptation_v1,1914876,1229706,msl,Pa,66.0,True,553.6659952107008,541.8370323038777,-11.828962906823108,-0.021831218985765233,-0.030781965444524162,
simvp,43,raw,pinn_statistical:kl_entropy,joint,pinn_statistical,observed_reconstruction,simvp/pinn_statistical:kl_entropy/vs_raw,whole_model_comparison,matched,simvp_gsta_lead_conditioned_adaptation_v1,simvp_gsta_lead_conditioned_adaptation_v1,1914876,1229706,msl,Pa,72.0,True,564.9614650783708,555.7105410244333,-9.250924053937524,-0.016647019214146574,-0.02849537400267088,
simvp,43,raw,pinn_statistical:kl_entropy,joint,pinn_statistical,observed_reconstruction,simvp/pinn_statistical:kl_entropy/vs_raw,whole_model_comparison,matched,simvp_gsta_lead_conditioned_adaptation_v1,simvp_gsta_lead_conditioned_adaptation_v1,1914876,1229706,msl,Pa,78.0,True,574.8740973635979,568.8849736394682,-5.98912372412974,-0.010527829001729438,-0.024879292131934405,
simvp,43,raw,pinn_statistical:kl_entropy,joint,pinn_statistical,observed_reconstruction,simvp/pinn_statistical:kl_entropy/vs_raw,whole_model_comparison,matched,simvp_gsta_lead_conditioned_adaptation_v1,simvp_gsta_lead_conditioned_adaptation_v1,1914876,1229706,msl,Pa,84.0,True,583.9987712886439,580.4387949958691,-3.5599762927747634,-0.006133250091941322,-0.020977102113264312,
simvp,43,raw,pinn_statistical:kl_entropy,joint,pinn_statistical,observed_reconstruction,simvp/pinn_statistical:kl_entropy/vs_raw,whole_model_comparison,matched,simvp_gsta_lead_conditioned_adaptation_v1,simvp_gsta_lead_conditioned_adaptation_v1,1914876,1229706,msl,Pa,90.0,True,591.7884971725533,591.3942369108015,-0.3942602617518105,-0.0006666623330846555,-0.015441241345259704,
simvp,43,raw,pinn_statistical:kl_entropy,joint,pinn_statistical,observed_reconstruction,simvp/pinn_statistical:kl_entropy/vs_raw,whole_model_comparison,matched,simvp_gsta_lead_conditioned_adaptation_v1,simvp_gsta_lead_conditioned_adaptation_v1,1914876,1229706,msl,Pa,96.0,True,597.8958318288918,599.358466595828,1.4626347669361621,0.0024403338710529132,-0.01213648437600856,
simvp,43,raw,pinn_statistical:kl_entropy,joint,pinn_statistical,observed_reconstruction,simvp/pinn_statistical:kl_entropy/vs_raw,whole_model_comparison,matched,simvp_gsta_lead_conditioned_adaptation_v1,simvp_gsta_lead_conditioned_adaptation_v1,1914876,1229706,msl,Pa,102.0,True,603.0050207719391,607.3483340625864,4.343313290647302,0.007151272255238816,-0.0072756392932912806,
simvp,43,raw,pinn_statistical:kl_entropy,joint,pinn_statistical,observed_reconstruction,simvp/pinn_statistical:kl_entropy/vs_raw,whole_model_comparison,matched,simvp_gsta_lead_conditioned_adaptation_v1,simvp_gsta_lead_conditioned_adaptation_v1,1914876,1229706,msl,Pa,108.0,True,609.1731071116673,615.2679313807461,6.094824269078799,0.009905967722714237,-0.0028719987080157994,
simvp,43,raw,pinn_statistical:kl_entropy,joint,pinn_statistical,observed_reconstruction,simvp/pinn_statistical:kl_entropy/vs_raw,whole_model_comparison,matched,simvp_gsta_lead_conditioned_adaptation_v1,simvp_gsta_lead_conditioned_adaptation_v1,1914876,1229706,msl,Pa,114.0,True,614.4372390531901,622.6856063365632,8.248367283373113,0.013246439614849281,0.002413470408715479,
simvp,43,raw,pinn_statistical:kl_entropy,joint,pinn_statistical,observed_reconstruction,simvp/pinn_statistical:kl_entropy/vs_raw,whole_model_comparison,matched,simvp_gsta_lead_conditioned_adaptation_v1,simvp_gsta_lead_conditioned_adaptation_v1,1914876,1229706,msl,Pa,120.0,True,618.9960742639067,627.8451594168951,8.849085152988323,0.014094375054522712,0.0037000798576695137,
simvp,43,raw,pinn_statistical:kl_entropy,joint,pinn_statistical,observed_reconstruction,simvp/pinn_statistical:kl_entropy/vs_raw,whole_model_comparison,matched,simvp_gsta_lead_conditioned_adaptation_v1,simvp_gsta_lead_conditioned_adaptation_v1,1914876,1229706,t2m,K,6.0,True,2.1776774436567923,2.0337696468302053,-0.14390779682658694,-0.07075914278240836,-0.019540805790236426,
simvp,43,raw,pinn_statistical:kl_entropy,joint,pinn_statistical,observed_reconstruction,simvp/pinn_statistical:kl_entropy/vs_raw,whole_model_comparison,matched,simvp_gsta_lead_conditioned_adaptation_v1,simvp_gsta_lead_conditioned_adaptation_v1,1914876,1229706,t2m,K,12.0,True,2.272152188613065,2.2212783223294164,-0.05087386628364854,-0.022902967976700106,-0.013242866513204055,
simvp,43,raw,pinn_statistical:kl_entropy,joint,pinn_statistical,observed_reconstruction,simvp/pinn_statistical:kl_entropy/vs_raw,whole_model_comparison,matched,simvp_gsta_lead_conditioned_adaptation_v1,simvp_gsta_lead_conditioned_adaptation_v1,1914876,1229706,t2m,K,18.0,True,2.0989173702903963,2.085429054638447,-0.01348831565194919,-0.006467885168257359,-0.012254080774659948,
simvp,43,raw,pinn_statistical:kl_entropy,joint,pinn_statistical,observed_reconstruction,simvp/pinn_statistical:kl_entropy/vs_raw,whole_model_comparison,matched,simvp_gsta_lead_conditioned_adaptation_v1,simvp_gsta_lead_conditioned_adaptation_v1,1914876,1229706,t2m,K,24.0,True,1.9408281278272852,1.8141593694195393,-0.12666875840774594,-0.06982228824156445,-0.01878196395586207,
simvp,43,raw,pinn_statistical:kl_entropy,joint,pinn_statistical,observed_reconstruction,simvp/pinn_statistical:kl_entropy/vs_raw,whole_model_comparison,matched,simvp_gsta_lead_conditioned_adaptation_v1,simvp_gsta_lead_conditioned_adaptation_v1,1914876,1229706,t2m,K,30.0,True,2.1768271813227726,1.9665436036855242,-0.21028357763724848,-0.10693054415023062,-0.026799056992028447,
simvp,43,raw,pinn_statistical:kl_entropy,joint,pinn_statistical,observed_reconstruction,simvp/pinn_statistical:kl_entropy/vs_raw,whole_model_comparison,matched,simvp_gsta_lead_conditioned_adaptation_v1,simvp_gsta_lead_conditioned_adaptation_v1,1914876,1229706,t2m,K,36.0,True,2.3062035892815334,2.211143311957549,-0.09506027732398437,-0.042991459128818965,-0.018501734012799864,
simvp,43,raw,pinn_statistical:kl_entropy,joint,pinn_statistical,observed_reconstruction,simvp/pinn_statistical:kl_entropy/vs_raw,whole_model_comparison,matched,simvp_gsta_lead_conditioned_adaptation_v1,simvp_gsta_lead_conditioned_adaptation_v1,1914876,1229706,t2m,K,42.0,True,2.2038360800960515,2.207700939026926,0.003864858930874515,0.001750626120844978,-0.008438680802547283,
simvp,43,raw,pinn_statistical:kl_entropy,joint,pinn_statistical,observed_reconstruction,simvp/pinn_statistical:kl_entropy/vs_raw,whole_model_comparison,matched,simvp_gsta_lead_conditioned_adaptation_v1,simvp_gsta_lead_conditioned_adaptation_v1,1914876,1229706,t2m,K,48.0,True,2.0783227062114693,2.04772009734475,-0.030602608866719283,-0.01494472262415214,-0.010055415608415719,
simvp,43,raw,pinn_statistical:kl_entropy,joint,pinn_statistical,observed_reconstruction,simvp/pinn_statistical:kl_entropy/vs_raw,whole_model_comparison,matched,simvp_gsta_lead_conditioned_adaptation_v1,simvp_gsta_lead_conditioned_adaptation_v1,1914876,1229706,t2m,K,54.0,True,2.2743238660725726,2.161763432453668,-0.11256043361890455,-0.052068802686307425,-0.017693483346414074,
simvp,43,raw,pinn_statistical:kl_entropy,joint,pinn_statistical,observed_reconstruction,simvp/pinn_statistical:kl_entropy/vs_raw,whole_model_comparison,matched,simvp_gsta_lead_conditioned_adaptation_v1,simvp_gsta_lead_conditioned_adaptation_v1,1914876,1229706,t2m,K,60.0,True,2.3846272437980804,2.359944789553863,-0.024682454244217222,-0.010458911731101805,-0.010265563525598598,
simvp,43,raw,pinn_statistical:kl_entropy,joint,pinn_statistical,observed_reconstruction,simvp/pinn_statistical:kl_entropy/vs_raw,whole_model_comparison,matched,simvp_gsta_lead_conditioned_adaptation_v1,simvp_gsta_lead_conditioned_adaptation_v1,1914876,1229706,t2m,K,66.0,True,2.3019691148006376,2.383408360432473,0.08143924563183536,0.03416923720828857,-0.0021745031957332017,
simvp,43,raw,pinn_statistical:kl_entropy,joint,pinn_statistical,observed_reconstruction,simvp/pinn_statistical:kl_entropy/vs_raw,whole_model_comparison,matched,simvp_gsta_lead_conditioned_adaptation_v1,simvp_gsta_lead_conditioned_adaptation_v1,1914876,1229706,t2m,K,72.0,True,2.196268113369065,2.260097431820626,0.06382931845156081,0.02824184371562377,-0.004445405611255393,
simvp,43,raw,pinn_statistical:kl_entropy,joint,pinn_statistical,observed_reconstruction,simvp/pinn_statistical:kl_entropy/vs_raw,whole_model_comparison,matched,simvp_gsta_lead_conditioned_adaptation_v1,simvp_gsta_lead_conditioned_adaptation_v1,1914876,1229706,t2m,K,78.0,True,2.3712309225150956,2.340949429694641,-0.03028149282045467,-0.012935560433872562,-0.010913022670098527,
simvp,43,raw,pinn_statistical:kl_entropy,joint,pinn_statistical,observed_reconstruction,simvp/pinn_statistical:kl_entropy/vs_raw,whole_model_comparison,matched,simvp_gsta_lead_conditioned_adaptation_v1,simvp_gsta_lead_conditioned_adaptation_v1,1914876,1229706,t2m,K,84.0,True,2.457000414649269,2.502634268858898,0.045633854209628844,0.01823432803484948,-0.003108243687250045,
simvp,43,raw,pinn_statistical:kl_entropy,joint,pinn_statistical,observed_reconstruction,simvp/pinn_statistical:kl_entropy/vs_raw,whole_model_comparison,matched,simvp_gsta_lead_conditioned_adaptation_v1,simvp_gsta_lead_conditioned_adaptation_v1,1914876,1229706,t2m,K,90.0,True,2.3879173965504443,2.5360107898920017,0.14809339334155736,0.05839620002084611,0.00266982531684834,
simvp,43,raw,pinn_statistical:kl_entropy,joint,pinn_statistical,observed_reconstruction,simvp/pinn_statistical:kl_entropy/vs_raw,whole_model_comparison,matched,simvp_gsta_lead_conditioned_adaptation_v1,simvp_gsta_lead_conditioned_adaptation_v1,1914876,1229706,t2m,K,96.0,True,2.3149674929966495,2.4089830905747243,0.09401559757807476,0.039027089042640406,-0.0033778583732578804,
simvp,43,raw,pinn_statistical:kl_entropy,joint,pinn_statistical,observed_reconstruction,simvp/pinn_statistical:kl_entropy/vs_raw,whole_model_comparison,matched,simvp_gsta_lead_conditioned_adaptation_v1,simvp_gsta_lead_conditioned_adaptation_v1,1914876,1229706,t2m,K,102.0,True,2.4640058634148168,2.4788069056116817,0.014801042196864955,0.0059710347600522296,-0.007442397235575715,
simvp,43,raw,pinn_statistical:kl_entropy,joint,pinn_statistical,observed_reconstruction,simvp/pinn_statistical:kl_entropy/vs_raw,whole_model_comparison,matched,simvp_gsta_lead_conditioned_adaptation_v1,simvp_gsta_lead_conditioned_adaptation_v1,1914876,1229706,t2m,K,108.0,True,2.5249386608039655,2.6421412283373344,0.117202567533369,0.044358933684677804,0.0031751136020172765,
simvp,43,raw,pinn_statistical:kl_entropy,joint,pinn_statistical,observed_reconstruction,simvp/pinn_statistical:kl_entropy/vs_raw,whole_model_comparison,matched,simvp_gsta_lead_conditioned_adaptation_v1,simvp_gsta_lead_conditioned_adaptation_v1,1914876,1229706,t2m,K,114.0,True,2.4781396697115725,2.6806607226374384,0.20252105292586586,0.0755489313569716,0.005675725471372295,
simvp,43,raw,pinn_statistical:kl_entropy,joint,pinn_statistical,observed_reconstruction,simvp/pinn_statistical:kl_entropy/vs_raw,whole_model_comparison,matched,simvp_gsta_lead_conditioned_adaptation_v1,simvp_gsta_lead_conditioned_adaptation_v1,1914876,1229706,t2m,K,120.0,True,2.445319946128909,2.523456721604612,0.07813677547570297,0.030964182903052695,-0.006382580448843322,
simvp,43,raw,pinn_statistical:kl_entropy,joint,pinn_statistical,observed_reconstruction,simvp/pinn_statistical:kl_entropy/vs_raw,whole_model_comparison,matched,simvp_gsta_lead_conditioned_adaptation_v1,simvp_gsta_lead_conditioned_adaptation_v1,1914876,1229706,u10,m s**-1,6.0,True,1.5851351973295105,1.3295802807741197,-0.25555491655539075,-0.19220721023825615,-0.08341278373125849,
simvp,43,raw,pinn_statistical:kl_entropy,joint,pinn_statistical,observed_reconstruction,simvp/pinn_statistical:kl_entropy/vs_raw,whole_model_comparison,matched,simvp_gsta_lead_conditioned_adaptation_v1,simvp_gsta_lead_conditioned_adaptation_v1,1914876,1229706,u10,m s**-1,12.0,True,1.6125040177073096,1.4977141086962422,-0.11478990901106734,-0.07664340500270228,-0.06024143234263413,
simvp,43,raw,pinn_statistical:kl_entropy,joint,pinn_statistical,observed_reconstruction,simvp/pinn_statistical:kl_entropy/vs_raw,whole_model_comparison,matched,simvp_gsta_lead_conditioned_adaptation_v1,simvp_gsta_lead_conditioned_adaptation_v1,1914876,1229706,u10,m s**-1,18.0,True,1.7262869489859167,1.7008298871238212,-0.02545706186209551,-0.014967435635285353,-0.04227984143937846,
simvp,43,raw,pinn_statistical:kl_entropy,joint,pinn_statistical,observed_reconstruction,simvp/pinn_statistical:kl_entropy/vs_raw,whole_model_comparison,matched,simvp_gsta_lead_conditioned_adaptation_v1,simvp_gsta_lead_conditioned_adaptation_v1,1914876,1229706,u10,m s**-1,24.0,True,1.854590187343246,1.8470589820076533,-0.0075312053355927056,-0.004077403812739577,-0.03386487326751042,
simvp,43,raw,pinn_statistical:kl_entropy,joint,pinn_statistical,observed_reconstruction,simvp/pinn_statistical:kl_entropy/vs_raw,whole_model_comparison,matched,simvp_gsta_lead_conditioned_adaptation_v1,simvp_gsta_lead_conditioned_adaptation_v1,1914876,1229706,u10,m s**-1,30.0,True,1.9978929197450737,2.008990235675177,0.011097315930103324,0.005523827708587059,-0.027447815022470845,
simvp,43,raw,pinn_statistical:kl_entropy,joint,pinn_statistical,observed_reconstruction,simvp/pinn_statistical:kl_entropy/vs_raw,whole_model_comparison,matched,simvp_gsta_lead_conditioned_adaptation_v1,simvp_gsta_lead_conditioned_adaptation_v1,1914876,1229706,u10,m s**-1,36.0,True,2.1258429734310247,2.1369520297322007,0.011109056301175979,0.005198552024851977,-0.025654099112108697,
simvp,43,raw,pinn_statistical:kl_entropy,joint,pinn_statistical,observed_reconstruction,simvp/pinn_statistical:kl_entropy/vs_raw,whole_model_comparison,matched,simvp_gsta_lead_conditioned_adaptation_v1,simvp_gsta_lead_conditioned_adaptation_v1,1914876,1229706,u10,m s**-1,42.0,True,2.234437333358716,2.248424306940675,0.013986973581959106,0.00622078917168023,-0.024119291647720087,
simvp,43,raw,pinn_statistical:kl_entropy,joint,pinn_statistical,observed_reconstruction,simvp/pinn_statistical:kl_entropy/vs_raw,whole_model_comparison,matched,simvp_gsta_lead_conditioned_adaptation_v1,simvp_gsta_lead_conditioned_adaptation_v1,1914876,1229706,u10,m s**-1,48.0,True,2.321676437450075,2.329251204519192,0.007574767069117083,0.0032520180968117485,-0.024097170119826927,
simvp,43,raw,pinn_statistical:kl_entropy,joint,pinn_statistical,observed_reconstruction,simvp/pinn_statistical:kl_entropy/vs_raw,whole_model_comparison,matched,simvp_gsta_lead_conditioned_adaptation_v1,simvp_gsta_lead_conditioned_adaptation_v1,1914876,1229706,u10,m s**-1,54.0,True,2.4020892353765317,2.416979949050042,0.014890713673510358,0.006160875963974299,-0.022040777601236572,
simvp,43,raw,pinn_statistical:kl_entropy,joint,pinn_statistical,observed_reconstruction,simvp/pinn_statistical:kl_entropy/vs_raw,whole_model_comparison,matched,simvp_gsta_lead_conditioned_adaptation_v1,simvp_gsta_lead_conditioned_adaptation_v1,1914876,1229706,u10,m s**-1,60.0,True,2.4692437551487374,2.4890890287007275,0.01984527355199006,0.00797290628143943,-0.020495590722142465,
simvp,43,raw,pinn_statistical:kl_entropy,joint,pinn_statistical,observed_reconstruction,simvp/pinn_statistical:kl_entropy/vs_raw,whole_model_comparison,matched,simvp_gsta_lead_conditioned_adaptation_v1,simvp_gsta_lead_conditioned_adaptation_v1,1914876,1229706,u10,m s**-1,66.0,True,2.523040084920365,2.55105649487702,0.028016409956654886,0.010982277347803548,-0.017884042826695423,
simvp,43,raw,pinn_statistical:kl_entropy,joint,pinn_statistical,observed_reconstruction,simvp/pinn_statistical:kl_entropy/vs_raw,whole_model_comparison,matched,simvp_gsta_lead_conditioned_adaptation_v1,simvp_gsta_lead_conditioned_adaptation_v1,1914876,1229706,u10,m s**-1,72.0,True,2.5616092029621265,2.5943797434704923,0.03277054050836581,0.01263135845507668,-0.015119835693917838,
simvp,43,raw,pinn_statistical:kl_entropy,joint,pinn_statistical,observed_reconstruction,simvp/pinn_statistical:kl_entropy/vs_raw,whole_model_comparison,matched,simvp_gsta_lead_conditioned_adaptation_v1,simvp_gsta_lead_conditioned_adaptation_v1,1914876,1229706,u10,m s**-1,78.0,True,2.5989764103124613,2.6434562752791004,0.04447986496663914,0.01682640465159302,-0.010991617948333976,
simvp,43,raw,pinn_statistical:kl_entropy,joint,pinn_statistical,observed_reconstruction,simvp/pinn_statistical:kl_entropy/vs_raw,whole_model_comparison,matched,simvp_gsta_lead_conditioned_adaptation_v1,simvp_gsta_lead_conditioned_adaptation_v1,1914876,1229706,u10,m s**-1,84.0,True,2.6299215293374085,2.68318553562166,0.05326400628425132,0.019851033622954706,-0.006455400059280358,
simvp,43,raw,pinn_statistical:kl_entropy,joint,pinn_statistical,observed_reconstruction,simvp/pinn_statistical:kl_entropy/vs_raw,whole_model_comparison,matched,simvp_gsta_lead_conditioned_adaptation_v1,simvp_gsta_lead_conditioned_adaptation_v1,1914876,1229706,u10,m s**-1,90.0,True,2.6568700699097785,2.7157317673626244,0.058861697452845974,0.02167434139123736,-0.002946890371158861,
simvp,43,raw,pinn_statistical:kl_entropy,joint,pinn_statistical,observed_reconstruction,simvp/pinn_statistical:kl_entropy/vs_raw,whole_model_comparison,matched,simvp_gsta_lead_conditioned_adaptation_v1,simvp_gsta_lead_conditioned_adaptation_v1,1914876,1229706,u10,m s**-1,96.0,True,2.67553192066762,2.7375895838379507,0.0620576631703309,0.022668724171330812,0.0002862040406988453,
simvp,43,raw,pinn_statistical:kl_entropy,joint,pinn_statistical,observed_reconstruction,simvp/pinn_statistical:kl_entropy/vs_raw,whole_model_comparison,matched,simvp_gsta_lead_conditioned_adaptation_v1,simvp_gsta_lead_conditioned_adaptation_v1,1914876,1229706,u10,m s**-1,102.0,True,2.6960851593458526,2.7682968652037463,0.07221170585789372,0.02608524640747989,0.004732198257232534,
simvp,43,raw,pinn_statistical:kl_entropy,joint,pinn_statistical,observed_reconstruction,simvp/pinn_statistical:kl_entropy/vs_raw,whole_model_comparison,matched,simvp_gsta_lead_conditioned_adaptation_v1,simvp_gsta_lead_conditioned_adaptation_v1,1914876,1229706,u10,m s**-1,108.0,True,2.715164917200712,2.7942429695892095,0.07907805238849752,0.028300349414540404,0.009217634340170477,
simvp,43,raw,pinn_statistical:kl_entropy,joint,pinn_statistical,observed_reconstruction,simvp/pinn_statistical:kl_entropy/vs_raw,whole_model_comparison,matched,simvp_gsta_lead_conditioned_adaptation_v1,simvp_gsta_lead_conditioned_adaptation_v1,1914876,1229706,u10,m s**-1,114.0,True,2.7338682697762633,2.8143029042770698,0.08043463450080646,0.02858066002012971,0.011600033506403595,
simvp,43,raw,pinn_statistical:kl_entropy,joint,pinn_statistical,observed_reconstruction,simvp/pinn_statistical:kl_entropy/vs_raw,whole_model_comparison,matched,simvp_gsta_lead_conditioned_adaptation_v1,simvp_gsta_lead_conditioned_adaptation_v1,1914876,1229706,u10,m s**-1,120.0,True,2.7470607564904137,2.8263695237521516,0.07930876726173786,0.02806029664389087,0.013005912310896928,
simvp,43,raw,pinn_statistical:kl_entropy,joint,pinn_statistical,observed_reconstruction,simvp/pinn_statistical:kl_entropy/vs_raw,whole_model_comparison,matched,simvp_gsta_lead_conditioned_adaptation_v1,simvp_gsta_lead_conditioned_adaptation_v1,1914876,1229706,v10,m s**-1,6.0,True,1.7331048308675872,1.1612798055124682,-0.5718250253551189,-0.4924093423830571,-0.10161428077650725,
simvp,43,raw,pinn_statistical:kl_entropy,joint,pinn_statistical,observed_reconstruction,simvp/pinn_statistical:kl_entropy/vs_raw,whole_model_comparison,matched,simvp_gsta_lead_conditioned_adaptation_v1,simvp_gsta_lead_conditioned_adaptation_v1,1914876,1229706,v10,m s**-1,12.0,True,1.7643703737564203,1.3951673849870656,-0.36920298876935465,-0.2646298879562594,-0.07399437715227897,
simvp,43,raw,pinn_statistical:kl_entropy,joint,pinn_statistical,observed_reconstruction,simvp/pinn_statistical:kl_entropy/vs_raw,whole_model_comparison,matched,simvp_gsta_lead_conditioned_adaptation_v1,simvp_gsta_lead_conditioned_adaptation_v1,1914876,1229706,v10,m s**-1,18.0,True,1.9052955895988806,1.6858347733954293,-0.21946081620345126,-0.13017931511843028,-0.053579399921860116,
simvp,43,raw,pinn_statistical:kl_entropy,joint,pinn_statistical,observed_reconstruction,simvp/pinn_statistical:kl_entropy/vs_raw,whole_model_comparison,matched,simvp_gsta_lead_conditioned_adaptation_v1,simvp_gsta_lead_conditioned_adaptation_v1,1914876,1229706,v10,m s**-1,24.0,True,2.0697019588578214,1.8953030216403726,-0.1743989372174488,-0.09201638747270491,-0.04957820326403828,
simvp,43,raw,pinn_statistical:kl_entropy,joint,pinn_statistical,observed_reconstruction,simvp/pinn_statistical:kl_entropy/vs_raw,whole_model_comparison,matched,simvp_gsta_lead_conditioned_adaptation_v1,simvp_gsta_lead_conditioned_adaptation_v1,1914876,1229706,v10,m s**-1,30.0,True,2.2314527936265462,2.0850987088057926,-0.14635408482075363,-0.0701904826868247,-0.047734413607183446,
simvp,43,raw,pinn_statistical:kl_entropy,joint,pinn_statistical,observed_reconstruction,simvp/pinn_statistical:kl_entropy/vs_raw,whole_model_comparison,matched,simvp_gsta_lead_conditioned_adaptation_v1,simvp_gsta_lead_conditioned_adaptation_v1,1914876,1229706,v10,m s**-1,36.0,True,2.3741849355718205,2.2396770343520562,-0.1345079012197643,-0.060056829246667665,-0.04923926524020128,
simvp,43,raw,pinn_statistical:kl_entropy,joint,pinn_statistical,observed_reconstruction,simvp/pinn_statistical:kl_entropy/vs_raw,whole_model_comparison,matched,simvp_gsta_lead_conditioned_adaptation_v1,simvp_gsta_lead_conditioned_adaptation_v1,1914876,1229706,v10,m s**-1,42.0,True,2.487788007233871,2.3793845579801975,-0.1084034492536734,-0.045559448929808344,-0.04657075551452139,
simvp,43,raw,pinn_statistical:kl_entropy,joint,pinn_statistical,observed_reconstruction,simvp/pinn_statistical:kl_entropy/vs_raw,whole_model_comparison,matched,simvp_gsta_lead_conditioned_adaptation_v1,simvp_gsta_lead_conditioned_adaptation_v1,1914876,1229706,v10,m s**-1,48.0,True,2.583171990073626,2.489576581736664,-0.09359540833696167,-0.037594910324739717,-0.047347054204319505,
simvp,43,raw,pinn_statistical:kl_entropy,joint,pinn_statistical,observed_reconstruction,simvp/pinn_statistical:kl_entropy/vs_raw,whole_model_comparison,matched,simvp_gsta_lead_conditioned_adaptation_v1,simvp_gsta_lead_conditioned_adaptation_v1,1914876,1229706,v10,m s**-1,54.0,True,2.6600916025033654,2.5889930587008645,-0.07109854380250091,-0.02746185184373484,-0.044774248664252836,
simvp,43,raw,pinn_statistical:kl_entropy,joint,pinn_statistical,observed_reconstruction,simvp/pinn_statistical:kl_entropy/vs_raw,whole_model_comparison,matched,simvp_gsta_lead_conditioned_adaptation_v1,simvp_gsta_lead_conditioned_adaptation_v1,1914876,1229706,v10,m s**-1,60.0,True,2.723117597181261,2.6677839399990346,-0.05533365718222649,-0.020741431250330677,-0.042901659242322365,
simvp,43,raw,pinn_statistical:kl_entropy,joint,pinn_statistical,observed_reconstruction,simvp/pinn_statistical:kl_entropy/vs_raw,whole_model_comparison,matched,simvp_gsta_lead_conditioned_adaptation_v1,simvp_gsta_lead_conditioned_adaptation_v1,1914876,1229706,v10,m s**-1,66.0,True,2.7655672503878916,2.7366647488671907,-0.02890250152070095,-0.010561213803285563,-0.035580979262875456,
simvp,43,raw,pinn_statistical:kl_entropy,joint,pinn_statistical,observed_reconstruction,simvp/pinn_statistical:kl_entropy/vs_raw,whole_model_comparison,matched,simvp_gsta_lead_conditioned_adaptation_v1,simvp_gsta_lead_conditioned_adaptation_v1,1914876,1229706,v10,m s**-1,72.0,True,2.8003658485772194,2.786693652903423,-0.013672195673796406,-0.004906242801232086,-0.030795126412311025,
simvp,43,raw,pinn_statistical:kl_entropy,joint,pinn_statistical,observed_reconstruction,simvp/pinn_statistical:kl_entropy/vs_raw,whole_model_comparison,matched,simvp_gsta_lead_conditioned_adaptation_v1,simvp_gsta_lead_conditioned_adaptation_v1,1914876,1229706,v10,m s**-1,78.0,True,2.828610814520001,2.8333992682129825,0.00478845369298142,0.0016900031515859615,-0.024389435463923914,
simvp,43,raw,pinn_statistical:kl_entropy,joint,pinn_statistical,observed_reconstruction,simvp/pinn_statistical:kl_entropy/vs_raw,whole_model_comparison,matched,simvp_gsta_lead_conditioned_adaptation_v1,simvp_gsta_lead_conditioned_adaptation_v1,1914876,1229706,v10,m s**-1,84.0,True,2.8553995121239195,2.86894132448694,0.013541812363020433,0.0047201426698547655,-0.020412430787986824,
simvp,43,raw,pinn_statistical:kl_entropy,joint,pinn_statistical,observed_reconstruction,simvp/pinn_statistical:kl_entropy/vs_raw,whole_model_comparison,matched,simvp_gsta_lead_conditioned_adaptation_v1,simvp_gsta_lead_conditioned_adaptation_v1,1914876,1229706,v10,m s**-1,90.0,True,2.8740350808583663,2.9011400436128194,0.027104962754453066,0.00934286602748724,-0.01390392663191653,
simvp,43,raw,pinn_statistical:kl_entropy,joint,pinn_statistical,observed_reconstruction,simvp/pinn_statistical:kl_entropy/vs_raw,whole_model_comparison,matched,simvp_gsta_lead_conditioned_adaptation_v1,simvp_gsta_lead_conditioned_adaptation_v1,1914876,1229706,v10,m s**-1,96.0,True,2.8922877082933907,2.9256520598068834,0.03336435151349271,0.011404073632629741,-0.010025993926294496,
simvp,43,raw,pinn_statistical:kl_entropy,joint,pinn_statistical,observed_reconstruction,simvp/pinn_statistical:kl_entropy/vs_raw,whole_model_comparison,matched,simvp_gsta_lead_conditioned_adaptation_v1,simvp_gsta_lead_conditioned_adaptation_v1,1914876,1229706,v10,m s**-1,102.0,True,2.9077952772476814,2.952480827276187,0.044685550028505716,0.015134916242531715,-0.004809344184625086,
simvp,43,raw,pinn_statistical:kl_entropy,joint,pinn_statistical,observed_reconstruction,simvp/pinn_statistical:kl_entropy/vs_raw,whole_model_comparison,matched,simvp_gsta_lead_conditioned_adaptation_v1,simvp_gsta_lead_conditioned_adaptation_v1,1914876,1229706,v10,m s**-1,108.0,True,2.925110087480122,2.973491352160133,0.04838126468001125,0.016270861068711007,-0.002348620296060311,
simvp,43,raw,pinn_statistical:kl_entropy,joint,pinn_statistical,observed_reconstruction,simvp/pinn_statistical:kl_entropy/vs_raw,whole_model_comparison,matched,simvp_gsta_lead_conditioned_adaptation_v1,simvp_gsta_lead_conditioned_adaptation_v1,1914876,1229706,v10,m s**-1,114.0,True,2.9371224662309747,2.9933766165731703,0.05625415034219561,0.018792874251351455,0.0020510563673473703,
simvp,43,raw,pinn_statistical:kl_entropy,joint,pinn_statistical,observed_reconstruction,simvp/pinn_statistical:kl_entropy/vs_raw,whole_model_comparison,matched,simvp_gsta_lead_conditioned_adaptation_v1,simvp_gsta_lead_conditioned_adaptation_v1,1914876,1229706,v10,m s**-1,120.0,True,2.949777606431946,3.00957196835843,0.05979436192648402,0.019868061822458705,0.004247374574596119,
