model,bridge,representation,seed,training_mode,regularization,constraint_pair,constraint_path,constraint_decoder,statistical_loss,statistical_loss_config,statistical_flow_config,conditional_flow_config,initialization,raw_backend,implementation,representation_sha256,variable,units,lead_hours,case_count,rmse_valid_cases,rmse,rmse_std,acc_valid_cases,acc,acc_std,crps_valid_cases,crps,crps_std,finite_forecast_fraction
transformer,raw,raw,7,joint,none,,,,,,,,fresh,matched,raw_latent_guide_transformer_v1,,msl,Pa,24.0,1715,1715,218.75543483224905,21.526737009134898,1715,0.9467613725563421,0.013355202706125651,0,,,1.0
transformer,raw,raw,7,joint,none,,,,,,,,fresh,matched,raw_latent_guide_transformer_v1,,msl,Pa,48.0,1715,1715,353.61596134929977,36.472433150183384,1715,0.8538864667740217,0.03892448623420264,0,,,1.0
transformer,raw,raw,7,joint,none,,,,,,,,fresh,matched,raw_latent_guide_transformer_v1,,msl,Pa,72.0,1715,1715,447.87600671541946,46.93120678952677,1715,0.7517424452963379,0.06720942723298658,0,,,1.0
transformer,raw,raw,7,joint,none,,,,,,,,fresh,matched,raw_latent_guide_transformer_v1,,msl,Pa,96.0,1715,1715,513.5294287538115,53.25560599967399,1715,0.6535948133626304,0.0936170228600377,0,,,1.0
transformer,raw,raw,7,joint,none,,,,,,,,fresh,matched,raw_latent_guide_transformer_v1,,msl,Pa,120.0,1715,1715,560.2990370501542,57.49295383197202,1715,0.5660611003659618,0.11698313708596837,0,,,1.0
transformer,raw,raw,7,joint,none,,,,,,,,fresh,matched,raw_latent_guide_transformer_v1,,t2m,K,24.0,1715,1715,0.7486118994878125,0.07599313191340999,1715,0.9844792200236818,0.01262303209194329,0,,,1.0
transformer,raw,raw,7,joint,none,,,,,,,,fresh,matched,raw_latent_guide_transformer_v1,,t2m,K,48.0,1715,1715,1.1317391712817986,0.13123082269584485,1715,0.9639187038808161,0.02971170834935851,0,,,1.0
transformer,raw,raw,7,joint,none,,,,,,,,fresh,matched,raw_latent_guide_transformer_v1,,t2m,K,72.0,1715,1715,1.3997476930611952,0.1723940109444666,1715,0.9437908085814266,0.046899188363742676,0,,,1.0
transformer,raw,raw,7,joint,none,,,,,,,,fresh,matched,raw_latent_guide_transformer_v1,,t2m,K,96.0,1715,1715,1.5982304639824503,0.20112593555059163,1715,0.9252792693611973,0.06340525290250465,0,,,1.0
transformer,raw,raw,7,joint,none,,,,,,,,fresh,matched,raw_latent_guide_transformer_v1,,t2m,K,120.0,1715,1715,1.7468663632008121,0.22229174977092758,1715,0.9092515914920135,0.07841772957999528,0,,,1.0
transformer,raw,raw,7,joint,none,,,,,,,,fresh,matched,raw_latent_guide_transformer_v1,,u10,m/s,24.0,1715,1715,1.1451416870279225,0.08502839796709272,1715,0.9191721447415742,0.015088805844891607,0,,,1.0
transformer,raw,raw,7,joint,none,,,,,,,,fresh,matched,raw_latent_guide_transformer_v1,,u10,m/s,48.0,1715,1715,1.7322663430246628,0.13906325048107715,1715,0.8033282666753195,0.039046113397781225,0,,,1.0
transformer,raw,raw,7,joint,none,,,,,,,,fresh,matched,raw_latent_guide_transformer_v1,,u10,m/s,72.0,1715,1715,2.104142865604235,0.17269610774403965,1715,0.6916904052169449,0.06259600958698887,0,,,1.0
transformer,raw,raw,7,joint,none,,,,,,,,fresh,matched,raw_latent_guide_transformer_v1,,u10,m/s,96.0,1715,1715,2.340856706906456,0.18659225085443132,1715,0.5956671820118807,0.08160699917705651,0,,,1.0
transformer,raw,raw,7,joint,none,,,,,,,,fresh,matched,raw_latent_guide_transformer_v1,,u10,m/s,120.0,1715,1715,2.4973185966106355,0.193177287019534,1715,0.5185772082256491,0.09529740087730189,0,,,1.0
transformer,raw,raw,7,joint,none,,,,,,,,fresh,matched,raw_latent_guide_transformer_v1,,v10,m/s,24.0,1715,1715,1.2384593418990164,0.0826612624298386,1715,0.9074986402460301,0.015320902305887438,0,,,1.0
transformer,raw,raw,7,joint,none,,,,,,,,fresh,matched,raw_latent_guide_transformer_v1,,v10,m/s,48.0,1715,1715,1.8359449936095842,0.13301165536739984,1715,0.7825448211662968,0.039033309337179946,0,,,1.0
transformer,raw,raw,7,joint,none,,,,,,,,fresh,matched,raw_latent_guide_transformer_v1,,v10,m/s,72.0,1715,1715,2.2381385342607034,0.1786660771930918,1715,0.6522386620981503,0.0644248144279511,0,,,1.0
transformer,raw,raw,7,joint,none,,,,,,,,fresh,matched,raw_latent_guide_transformer_v1,,v10,m/s,96.0,1715,1715,2.4984618559586425,0.20106553958854295,1715,0.5337226165769533,0.08572848858722018,0,,,1.0
transformer,raw,raw,7,joint,none,,,,,,,,fresh,matched,raw_latent_guide_transformer_v1,,v10,m/s,120.0,1715,1715,2.6656975583158755,0.20881277348878013,1715,0.4359957352152175,0.10015114296775147,0,,,1.0
transformer,latent,climate_manifold,7,joint,full,statistical,observed_reconstruction,separate_surface_and_information,signed_measure,"{'kind': 'signed_measure', 'epsilon': 1e-06, 'zero_reference': 'normalized_field_zero', 'spatial_weight': 1.0, 'mass_weight': 1.0, 'estimator': 'area_weighted_signed_spatial_js_and_mass_v1'}",,,fresh,,raw_latent_guide_transformer_v1,fac654e0f1e769ce7720c93f4a1171f24eef7ef333c52a21d81109ed828147bf,msl,Pa,24.0,1715,1715,224.89188795237024,22.20219774082472,1715,0.9441726139239555,0.013706361282794396,0,,,1.0
transformer,latent,climate_manifold,7,joint,full,statistical,observed_reconstruction,separate_surface_and_information,signed_measure,"{'kind': 'signed_measure', 'epsilon': 1e-06, 'zero_reference': 'normalized_field_zero', 'spatial_weight': 1.0, 'mass_weight': 1.0, 'estimator': 'area_weighted_signed_spatial_js_and_mass_v1'}",,,fresh,,raw_latent_guide_transformer_v1,fac654e0f1e769ce7720c93f4a1171f24eef7ef333c52a21d81109ed828147bf,msl,Pa,48.0,1715,1715,358.24538089867883,37.22076617261739,1715,0.8493475297020806,0.04031270954909698,0,,,1.0
transformer,latent,climate_manifold,7,joint,full,statistical,observed_reconstruction,separate_surface_and_information,signed_measure,"{'kind': 'signed_measure', 'epsilon': 1e-06, 'zero_reference': 'normalized_field_zero', 'spatial_weight': 1.0, 'mass_weight': 1.0, 'estimator': 'area_weighted_signed_spatial_js_and_mass_v1'}",,,fresh,,raw_latent_guide_transformer_v1,fac654e0f1e769ce7720c93f4a1171f24eef7ef333c52a21d81109ed828147bf,msl,Pa,72.0,1715,1715,458.2694181235503,48.94223368496093,1715,0.7364694985954522,0.07310675683766432,0,,,1.0
transformer,latent,climate_manifold,7,joint,full,statistical,observed_reconstruction,separate_surface_and_information,signed_measure,"{'kind': 'signed_measure', 'epsilon': 1e-06, 'zero_reference': 'normalized_field_zero', 'spatial_weight': 1.0, 'mass_weight': 1.0, 'estimator': 'area_weighted_signed_spatial_js_and_mass_v1'}",,,fresh,,raw_latent_guide_transformer_v1,fac654e0f1e769ce7720c93f4a1171f24eef7ef333c52a21d81109ed828147bf,msl,Pa,96.0,1715,1715,526.0729906665679,56.105080491449556,1715,0.6319842257448786,0.10244098121176924,0,,,1.0
transformer,latent,climate_manifold,7,joint,full,statistical,observed_reconstruction,separate_surface_and_information,signed_measure,"{'kind': 'signed_measure', 'epsilon': 1e-06, 'zero_reference': 'normalized_field_zero', 'spatial_weight': 1.0, 'mass_weight': 1.0, 'estimator': 'area_weighted_signed_spatial_js_and_mass_v1'}",,,fresh,,raw_latent_guide_transformer_v1,fac654e0f1e769ce7720c93f4a1171f24eef7ef333c52a21d81109ed828147bf,msl,Pa,120.0,1715,1715,569.1106513637874,59.4726254812327,1715,0.5470255957556711,0.12375218625832234,0,,,1.0
transformer,latent,climate_manifold,7,joint,full,statistical,observed_reconstruction,separate_surface_and_information,signed_measure,"{'kind': 'signed_measure', 'epsilon': 1e-06, 'zero_reference': 'normalized_field_zero', 'spatial_weight': 1.0, 'mass_weight': 1.0, 'estimator': 'area_weighted_signed_spatial_js_and_mass_v1'}",,,fresh,,raw_latent_guide_transformer_v1,fac654e0f1e769ce7720c93f4a1171f24eef7ef333c52a21d81109ed828147bf,t2m,K,24.0,1715,1715,0.8325039642473587,0.08318489026863611,1715,0.980814276520184,0.016303196101409255,0,,,1.0
transformer,latent,climate_manifold,7,joint,full,statistical,observed_reconstruction,separate_surface_and_information,signed_measure,"{'kind': 'signed_measure', 'epsilon': 1e-06, 'zero_reference': 'normalized_field_zero', 'spatial_weight': 1.0, 'mass_weight': 1.0, 'estimator': 'area_weighted_signed_spatial_js_and_mass_v1'}",,,fresh,,raw_latent_guide_transformer_v1,fac654e0f1e769ce7720c93f4a1171f24eef7ef333c52a21d81109ed828147bf,t2m,K,48.0,1715,1715,1.1501670978306993,0.12948150214285953,1715,0.9627350249206901,0.031445571434929535,0,,,1.0
transformer,latent,climate_manifold,7,joint,full,statistical,observed_reconstruction,separate_surface_and_information,signed_measure,"{'kind': 'signed_measure', 'epsilon': 1e-06, 'zero_reference': 'normalized_field_zero', 'spatial_weight': 1.0, 'mass_weight': 1.0, 'estimator': 'area_weighted_signed_spatial_js_and_mass_v1'}",,,fresh,,raw_latent_guide_transformer_v1,fac654e0f1e769ce7720c93f4a1171f24eef7ef333c52a21d81109ed828147bf,t2m,K,72.0,1715,1715,1.4227603740776813,0.17503862824380864,1715,0.9421026157964166,0.04941066595198294,0,,,1.0
transformer,latent,climate_manifold,7,joint,full,statistical,observed_reconstruction,separate_surface_and_information,signed_measure,"{'kind': 'signed_measure', 'epsilon': 1e-06, 'zero_reference': 'normalized_field_zero', 'spatial_weight': 1.0, 'mass_weight': 1.0, 'estimator': 'area_weighted_signed_spatial_js_and_mass_v1'}",,,fresh,,raw_latent_guide_transformer_v1,fac654e0f1e769ce7720c93f4a1171f24eef7ef333c52a21d81109ed828147bf,t2m,K,96.0,1715,1715,1.628561186953653,0.2087320113552434,1715,0.9224671928947649,0.06764933375923993,0,,,1.0
transformer,latent,climate_manifold,7,joint,full,statistical,observed_reconstruction,separate_surface_and_information,signed_measure,"{'kind': 'signed_measure', 'epsilon': 1e-06, 'zero_reference': 'normalized_field_zero', 'spatial_weight': 1.0, 'mass_weight': 1.0, 'estimator': 'area_weighted_signed_spatial_js_and_mass_v1'}",,,fresh,,raw_latent_guide_transformer_v1,fac654e0f1e769ce7720c93f4a1171f24eef7ef333c52a21d81109ed828147bf,t2m,K,120.0,1715,1715,1.7723935554716799,0.23035610513681162,1715,0.906246859354945,0.08356564535337306,0,,,1.0
transformer,latent,climate_manifold,7,joint,full,statistical,observed_reconstruction,separate_surface_and_information,signed_measure,"{'kind': 'signed_measure', 'epsilon': 1e-06, 'zero_reference': 'normalized_field_zero', 'spatial_weight': 1.0, 'mass_weight': 1.0, 'estimator': 'area_weighted_signed_spatial_js_and_mass_v1'}",,,fresh,,raw_latent_guide_transformer_v1,fac654e0f1e769ce7720c93f4a1171f24eef7ef333c52a21d81109ed828147bf,u10,m/s,24.0,1715,1715,1.158417671486488,0.07831073359178015,1715,0.9171520269663568,0.014583658642673664,0,,,1.0
transformer,latent,climate_manifold,7,joint,full,statistical,observed_reconstruction,separate_surface_and_information,signed_measure,"{'kind': 'signed_measure', 'epsilon': 1e-06, 'zero_reference': 'normalized_field_zero', 'spatial_weight': 1.0, 'mass_weight': 1.0, 'estimator': 'area_weighted_signed_spatial_js_and_mass_v1'}",,,fresh,,raw_latent_guide_transformer_v1,fac654e0f1e769ce7720c93f4a1171f24eef7ef333c52a21d81109ed828147bf,u10,m/s,48.0,1715,1715,1.7178780471686885,0.13352355871311267,1715,0.8060770060065012,0.03811739239019436,0,,,1.0
transformer,latent,climate_manifold,7,joint,full,statistical,observed_reconstruction,separate_surface_and_information,signed_measure,"{'kind': 'signed_measure', 'epsilon': 1e-06, 'zero_reference': 'normalized_field_zero', 'spatial_weight': 1.0, 'mass_weight': 1.0, 'estimator': 'area_weighted_signed_spatial_js_and_mass_v1'}",,,fresh,,raw_latent_guide_transformer_v1,fac654e0f1e769ce7720c93f4a1171f24eef7ef333c52a21d81109ed828147bf,u10,m/s,72.0,1715,1715,2.115828300945806,0.17791233886304064,1715,0.6863837588055874,0.06546497614487685,0,,,1.0
transformer,latent,climate_manifold,7,joint,full,statistical,observed_reconstruction,separate_surface_and_information,signed_measure,"{'kind': 'signed_measure', 'epsilon': 1e-06, 'zero_reference': 'normalized_field_zero', 'spatial_weight': 1.0, 'mass_weight': 1.0, 'estimator': 'area_weighted_signed_spatial_js_and_mass_v1'}",,,fresh,,raw_latent_guide_transformer_v1,fac654e0f1e769ce7720c93f4a1171f24eef7ef333c52a21d81109ed828147bf,u10,m/s,96.0,1715,1715,2.370627737133133,0.19797847462041593,1715,0.5841808343569957,0.08819172708451196,0,,,1.0
transformer,latent,climate_manifold,7,joint,full,statistical,observed_reconstruction,separate_surface_and_information,signed_measure,"{'kind': 'signed_measure', 'epsilon': 1e-06, 'zero_reference': 'normalized_field_zero', 'spatial_weight': 1.0, 'mass_weight': 1.0, 'estimator': 'area_weighted_signed_spatial_js_and_mass_v1'}",,,fresh,,raw_latent_guide_transformer_v1,fac654e0f1e769ce7720c93f4a1171f24eef7ef333c52a21d81109ed828147bf,u10,m/s,120.0,1715,1715,2.5197758434579827,0.2017672754997314,1715,0.5075783633203295,0.10265394032038071,0,,,1.0
transformer,latent,climate_manifold,7,joint,full,statistical,observed_reconstruction,separate_surface_and_information,signed_measure,"{'kind': 'signed_measure', 'epsilon': 1e-06, 'zero_reference': 'normalized_field_zero', 'spatial_weight': 1.0, 'mass_weight': 1.0, 'estimator': 'area_weighted_signed_spatial_js_and_mass_v1'}",,,fresh,,raw_latent_guide_transformer_v1,fac654e0f1e769ce7720c93f4a1171f24eef7ef333c52a21d81109ed828147bf,v10,m/s,24.0,1715,1715,1.2233544535734246,0.07617985767152871,1715,0.9100472860183141,0.014584739336963339,0,,,1.0
transformer,latent,climate_manifold,7,joint,full,statistical,observed_reconstruction,separate_surface_and_information,signed_measure,"{'kind': 'signed_measure', 'epsilon': 1e-06, 'zero_reference': 'normalized_field_zero', 'spatial_weight': 1.0, 'mass_weight': 1.0, 'estimator': 'area_weighted_signed_spatial_js_and_mass_v1'}",,,fresh,,raw_latent_guide_transformer_v1,fac654e0f1e769ce7720c93f4a1171f24eef7ef333c52a21d81109ed828147bf,v10,m/s,48.0,1715,1715,1.8326099836441214,0.12856583123566503,1715,0.7835694887695175,0.03936263361500083,0,,,1.0
transformer,latent,climate_manifold,7,joint,full,statistical,observed_reconstruction,separate_surface_and_information,signed_measure,"{'kind': 'signed_measure', 'epsilon': 1e-06, 'zero_reference': 'normalized_field_zero', 'spatial_weight': 1.0, 'mass_weight': 1.0, 'estimator': 'area_weighted_signed_spatial_js_and_mass_v1'}",,,fresh,,raw_latent_guide_transformer_v1,fac654e0f1e769ce7720c93f4a1171f24eef7ef333c52a21d81109ed828147bf,v10,m/s,72.0,1715,1715,2.263254873591031,0.18092560518188958,1715,0.642447132460006,0.07004744496561863,0,,,1.0
transformer,latent,climate_manifold,7,joint,full,statistical,observed_reconstruction,separate_surface_and_information,signed_measure,"{'kind': 'signed_measure', 'epsilon': 1e-06, 'zero_reference': 'normalized_field_zero', 'spatial_weight': 1.0, 'mass_weight': 1.0, 'estimator': 'area_weighted_signed_spatial_js_and_mass_v1'}",,,fresh,,raw_latent_guide_transformer_v1,fac654e0f1e769ce7720c93f4a1171f24eef7ef333c52a21d81109ed828147bf,v10,m/s,96.0,1715,1715,2.5356249296696043,0.21272020709440012,1715,0.5167088602670826,0.09567124613729881,0,,,1.0
transformer,latent,climate_manifold,7,joint,full,statistical,observed_reconstruction,separate_surface_and_information,signed_measure,"{'kind': 'signed_measure', 'epsilon': 1e-06, 'zero_reference': 'normalized_field_zero', 'spatial_weight': 1.0, 'mass_weight': 1.0, 'estimator': 'area_weighted_signed_spatial_js_and_mass_v1'}",,,fresh,,raw_latent_guide_transformer_v1,fac654e0f1e769ce7720c93f4a1171f24eef7ef333c52a21d81109ed828147bf,v10,m/s,120.0,1715,1715,2.687452349106307,0.22075827134994322,1715,0.4225848827107293,0.1097138350488423,0,,,1.0
transformer,guided,climate_manifold,7,joint,full,statistical,observed_reconstruction,separate_surface_and_information,signed_measure,"{'kind': 'signed_measure', 'epsilon': 1e-06, 'zero_reference': 'normalized_field_zero', 'spatial_weight': 1.0, 'mass_weight': 1.0, 'estimator': 'area_weighted_signed_spatial_js_and_mass_v1'}",,,fresh,,raw_latent_guide_transformer_v1,b95b9651a649f4ad85a583e8d79b0d90bda17a4f35f9ea0325490eaab291dee7,msl,Pa,24.0,1715,1715,215.2746432333081,20.75956532249068,1715,0.9484235940464881,0.012729388808217189,0,,,1.0
transformer,guided,climate_manifold,7,joint,full,statistical,observed_reconstruction,separate_surface_and_information,signed_measure,"{'kind': 'signed_measure', 'epsilon': 1e-06, 'zero_reference': 'normalized_field_zero', 'spatial_weight': 1.0, 'mass_weight': 1.0, 'estimator': 'area_weighted_signed_spatial_js_and_mass_v1'}",,,fresh,,raw_latent_guide_transformer_v1,b95b9651a649f4ad85a583e8d79b0d90bda17a4f35f9ea0325490eaab291dee7,msl,Pa,48.0,1715,1715,344.48643886529953,33.857998238999855,1715,0.8614975649142648,0.035592757998473765,0,,,1.0
transformer,guided,climate_manifold,7,joint,full,statistical,observed_reconstruction,separate_surface_and_information,signed_measure,"{'kind': 'signed_measure', 'epsilon': 1e-06, 'zero_reference': 'normalized_field_zero', 'spatial_weight': 1.0, 'mass_weight': 1.0, 'estimator': 'area_weighted_signed_spatial_js_and_mass_v1'}",,,fresh,,raw_latent_guide_transformer_v1,b95b9651a649f4ad85a583e8d79b0d90bda17a4f35f9ea0325490eaab291dee7,msl,Pa,72.0,1715,1715,439.3743992639753,45.53330690399138,1715,0.7620386517086587,0.0634641343477888,0,,,1.0
transformer,guided,climate_manifold,7,joint,full,statistical,observed_reconstruction,separate_surface_and_information,signed_measure,"{'kind': 'signed_measure', 'epsilon': 1e-06, 'zero_reference': 'normalized_field_zero', 'spatial_weight': 1.0, 'mass_weight': 1.0, 'estimator': 'area_weighted_signed_spatial_js_and_mass_v1'}",,,fresh,,raw_latent_guide_transformer_v1,b95b9651a649f4ad85a583e8d79b0d90bda17a4f35f9ea0325490eaab291dee7,msl,Pa,96.0,1715,1715,507.9162560145818,53.26797071476311,1715,0.6635266994827854,0.09094818284343677,0,,,1.0
transformer,guided,climate_manifold,7,joint,full,statistical,observed_reconstruction,separate_surface_and_information,signed_measure,"{'kind': 'signed_measure', 'epsilon': 1e-06, 'zero_reference': 'normalized_field_zero', 'spatial_weight': 1.0, 'mass_weight': 1.0, 'estimator': 'area_weighted_signed_spatial_js_and_mass_v1'}",,,fresh,,raw_latent_guide_transformer_v1,b95b9651a649f4ad85a583e8d79b0d90bda17a4f35f9ea0325490eaab291dee7,msl,Pa,120.0,1715,1715,556.4905875315936,57.47292639009989,1715,0.5754550671802686,0.11305805020956483,0,,,1.0
transformer,guided,climate_manifold,7,joint,full,statistical,observed_reconstruction,separate_surface_and_information,signed_measure,"{'kind': 'signed_measure', 'epsilon': 1e-06, 'zero_reference': 'normalized_field_zero', 'spatial_weight': 1.0, 'mass_weight': 1.0, 'estimator': 'area_weighted_signed_spatial_js_and_mass_v1'}",,,fresh,,raw_latent_guide_transformer_v1,b95b9651a649f4ad85a583e8d79b0d90bda17a4f35f9ea0325490eaab291dee7,t2m,K,24.0,1715,1715,0.7454397638683142,0.07647924248890706,1715,0.9844838921403447,0.012703571225542503,0,,,1.0
transformer,guided,climate_manifold,7,joint,full,statistical,observed_reconstruction,separate_surface_and_information,signed_measure,"{'kind': 'signed_measure', 'epsilon': 1e-06, 'zero_reference': 'normalized_field_zero', 'spatial_weight': 1.0, 'mass_weight': 1.0, 'estimator': 'area_weighted_signed_spatial_js_and_mass_v1'}",,,fresh,,raw_latent_guide_transformer_v1,b95b9651a649f4ad85a583e8d79b0d90bda17a4f35f9ea0325490eaab291dee7,t2m,K,48.0,1715,1715,1.1188901367513377,0.12391255453885179,1715,0.964386918133075,0.029625175472604556,0,,,1.0
transformer,guided,climate_manifold,7,joint,full,statistical,observed_reconstruction,separate_surface_and_information,signed_measure,"{'kind': 'signed_measure', 'epsilon': 1e-06, 'zero_reference': 'normalized_field_zero', 'spatial_weight': 1.0, 'mass_weight': 1.0, 'estimator': 'area_weighted_signed_spatial_js_and_mass_v1'}",,,fresh,,raw_latent_guide_transformer_v1,b95b9651a649f4ad85a583e8d79b0d90bda17a4f35f9ea0325490eaab291dee7,t2m,K,72.0,1715,1715,1.380601996670601,0.16411215579229557,1715,0.9449290784605,0.04611878747207315,0,,,1.0
transformer,guided,climate_manifold,7,joint,full,statistical,observed_reconstruction,separate_surface_and_information,signed_measure,"{'kind': 'signed_measure', 'epsilon': 1e-06, 'zero_reference': 'normalized_field_zero', 'spatial_weight': 1.0, 'mass_weight': 1.0, 'estimator': 'area_weighted_signed_spatial_js_and_mass_v1'}",,,fresh,,raw_latent_guide_transformer_v1,b95b9651a649f4ad85a583e8d79b0d90bda17a4f35f9ea0325490eaab291dee7,t2m,K,96.0,1715,1715,1.584682416258434,0.196514069126724,1715,0.9262056506284979,0.06270828304581288,0,,,1.0
transformer,guided,climate_manifold,7,joint,full,statistical,observed_reconstruction,separate_surface_and_information,signed_measure,"{'kind': 'signed_measure', 'epsilon': 1e-06, 'zero_reference': 'normalized_field_zero', 'spatial_weight': 1.0, 'mass_weight': 1.0, 'estimator': 'area_weighted_signed_spatial_js_and_mass_v1'}",,,fresh,,raw_latent_guide_transformer_v1,b95b9651a649f4ad85a583e8d79b0d90bda17a4f35f9ea0325490eaab291dee7,t2m,K,120.0,1715,1715,1.7477662416281368,0.2204176918021281,1715,0.9088142732294877,0.07891475799845178,0,,,1.0
transformer,guided,climate_manifold,7,joint,full,statistical,observed_reconstruction,separate_surface_and_information,signed_measure,"{'kind': 'signed_measure', 'epsilon': 1e-06, 'zero_reference': 'normalized_field_zero', 'spatial_weight': 1.0, 'mass_weight': 1.0, 'estimator': 'area_weighted_signed_spatial_js_and_mass_v1'}",,,fresh,,raw_latent_guide_transformer_v1,b95b9651a649f4ad85a583e8d79b0d90bda17a4f35f9ea0325490eaab291dee7,u10,m/s,24.0,1715,1715,1.1374875682103749,0.08248333144758901,1715,0.9201812561191867,0.014735930154162394,0,,,1.0
transformer,guided,climate_manifold,7,joint,full,statistical,observed_reconstruction,separate_surface_and_information,signed_measure,"{'kind': 'signed_measure', 'epsilon': 1e-06, 'zero_reference': 'normalized_field_zero', 'spatial_weight': 1.0, 'mass_weight': 1.0, 'estimator': 'area_weighted_signed_spatial_js_and_mass_v1'}",,,fresh,,raw_latent_guide_transformer_v1,b95b9651a649f4ad85a583e8d79b0d90bda17a4f35f9ea0325490eaab291dee7,u10,m/s,48.0,1715,1715,1.693030354394971,0.13253790136057472,1715,0.8127507157367777,0.03642700209869085,0,,,1.0
transformer,guided,climate_manifold,7,joint,full,statistical,observed_reconstruction,separate_surface_and_information,signed_measure,"{'kind': 'signed_measure', 'epsilon': 1e-06, 'zero_reference': 'normalized_field_zero', 'spatial_weight': 1.0, 'mass_weight': 1.0, 'estimator': 'area_weighted_signed_spatial_js_and_mass_v1'}",,,fresh,,raw_latent_guide_transformer_v1,b95b9651a649f4ad85a583e8d79b0d90bda17a4f35f9ea0325490eaab291dee7,u10,m/s,72.0,1715,1715,2.0647111080459193,0.16601217911932176,1715,0.7047268346206684,0.0588765316656118,0,,,1.0
transformer,guided,climate_manifold,7,joint,full,statistical,observed_reconstruction,separate_surface_and_information,signed_measure,"{'kind': 'signed_measure', 'epsilon': 1e-06, 'zero_reference': 'normalized_field_zero', 'spatial_weight': 1.0, 'mass_weight': 1.0, 'estimator': 'area_weighted_signed_spatial_js_and_mass_v1'}",,,fresh,,raw_latent_guide_transformer_v1,b95b9651a649f4ad85a583e8d79b0d90bda17a4f35f9ea0325490eaab291dee7,u10,m/s,96.0,1715,1715,2.310985253875812,0.18292217055044363,1715,0.60865259903333,0.07839509077321614,0,,,1.0
transformer,guided,climate_manifold,7,joint,full,statistical,observed_reconstruction,separate_surface_and_information,signed_measure,"{'kind': 'signed_measure', 'epsilon': 1e-06, 'zero_reference': 'normalized_field_zero', 'spatial_weight': 1.0, 'mass_weight': 1.0, 'estimator': 'area_weighted_signed_spatial_js_and_mass_v1'}",,,fresh,,raw_latent_guide_transformer_v1,b95b9651a649f4ad85a583e8d79b0d90bda17a4f35f9ea0325490eaab291dee7,u10,m/s,120.0,1715,1715,2.479617776102407,0.19185756074298263,1715,0.5275916308279961,0.09279895240529974,0,,,1.0
transformer,guided,climate_manifold,7,joint,full,statistical,observed_reconstruction,separate_surface_and_information,signed_measure,"{'kind': 'signed_measure', 'epsilon': 1e-06, 'zero_reference': 'normalized_field_zero', 'spatial_weight': 1.0, 'mass_weight': 1.0, 'estimator': 'area_weighted_signed_spatial_js_and_mass_v1'}",,,fresh,,raw_latent_guide_transformer_v1,b95b9651a649f4ad85a583e8d79b0d90bda17a4f35f9ea0325490eaab291dee7,v10,m/s,24.0,1715,1715,1.233692501449078,0.08042813283752215,1715,0.9088902328207976,0.015119001237731583,0,,,1.0
transformer,guided,climate_manifold,7,joint,full,statistical,observed_reconstruction,separate_surface_and_information,signed_measure,"{'kind': 'signed_measure', 'epsilon': 1e-06, 'zero_reference': 'normalized_field_zero', 'spatial_weight': 1.0, 'mass_weight': 1.0, 'estimator': 'area_weighted_signed_spatial_js_and_mass_v1'}",,,fresh,,raw_latent_guide_transformer_v1,b95b9651a649f4ad85a583e8d79b0d90bda17a4f35f9ea0325490eaab291dee7,v10,m/s,48.0,1715,1715,1.8116580890395864,0.1274448035264378,1715,0.7891215120895383,0.0374643190734803,0,,,1.0
transformer,guided,climate_manifold,7,joint,full,statistical,observed_reconstruction,separate_surface_and_information,signed_measure,"{'kind': 'signed_measure', 'epsilon': 1e-06, 'zero_reference': 'normalized_field_zero', 'spatial_weight': 1.0, 'mass_weight': 1.0, 'estimator': 'area_weighted_signed_spatial_js_and_mass_v1'}",,,fresh,,raw_latent_guide_transformer_v1,b95b9651a649f4ad85a583e8d79b0d90bda17a4f35f9ea0325490eaab291dee7,v10,m/s,72.0,1715,1715,2.211545495526909,0.172000469588509,1715,0.6624418572183514,0.06301232152733431,0,,,1.0
transformer,guided,climate_manifold,7,joint,full,statistical,observed_reconstruction,separate_surface_and_information,signed_measure,"{'kind': 'signed_measure', 'epsilon': 1e-06, 'zero_reference': 'normalized_field_zero', 'spatial_weight': 1.0, 'mass_weight': 1.0, 'estimator': 'area_weighted_signed_spatial_js_and_mass_v1'}",,,fresh,,raw_latent_guide_transformer_v1,b95b9651a649f4ad85a583e8d79b0d90bda17a4f35f9ea0325490eaab291dee7,v10,m/s,96.0,1715,1715,2.4786879011511878,0.1993614926078911,1715,0.5447932522403954,0.08459096165617033,0,,,1.0
transformer,guided,climate_manifold,7,joint,full,statistical,observed_reconstruction,separate_surface_and_information,signed_measure,"{'kind': 'signed_measure', 'epsilon': 1e-06, 'zero_reference': 'normalized_field_zero', 'spatial_weight': 1.0, 'mass_weight': 1.0, 'estimator': 'area_weighted_signed_spatial_js_and_mass_v1'}",,,fresh,,raw_latent_guide_transformer_v1,b95b9651a649f4ad85a583e8d79b0d90bda17a4f35f9ea0325490eaab291dee7,v10,m/s,120.0,1715,1715,2.6568198077582124,0.20933402723740022,1715,0.4433034522417177,0.09851483800378123,0,,,1.0
transformer,guided,climate_manifold,7,joint,full,statistical,observed_reconstruction,separate_surface_and_information,signed_measure,"{'kind': 'signed_measure', 'epsilon': 1e-06, 'zero_reference': 'normalized_field_zero', 'spatial_weight': 1.0, 'mass_weight': 1.0, 'estimator': 'area_weighted_signed_spatial_js_and_mass_v1'}",,,fresh,,raw_latent_guide_transformer_v1,7b1c8ada63ad17e90d0bb9ca0d6d2f06bfaf9b7cb95c8d39807cf1c22effe753,msl,Pa,24.0,1715,1715,226.60082624078913,22.790152590958193,1715,0.9427108158916425,0.014614096674762218,0,,,1.0
transformer,guided,climate_manifold,7,joint,full,statistical,observed_reconstruction,separate_surface_and_information,signed_measure,"{'kind': 'signed_measure', 'epsilon': 1e-06, 'zero_reference': 'normalized_field_zero', 'spatial_weight': 1.0, 'mass_weight': 1.0, 'estimator': 'area_weighted_signed_spatial_js_and_mass_v1'}",,,fresh,,raw_latent_guide_transformer_v1,7b1c8ada63ad17e90d0bb9ca0d6d2f06bfaf9b7cb95c8d39807cf1c22effe753,msl,Pa,48.0,1715,1715,373.9432064286836,38.12882941641586,1715,0.834564391217633,0.04380959265876943,0,,,1.0
transformer,guided,climate_manifold,7,joint,full,statistical,observed_reconstruction,separate_surface_and_information,signed_measure,"{'kind': 'signed_measure', 'epsilon': 1e-06, 'zero_reference': 'normalized_field_zero', 'spatial_weight': 1.0, 'mass_weight': 1.0, 'estimator': 'area_weighted_signed_spatial_js_and_mass_v1'}",,,fresh,,raw_latent_guide_transformer_v1,7b1c8ada63ad17e90d0bb9ca0d6d2f06bfaf9b7cb95c8d39807cf1c22effe753,msl,Pa,72.0,1715,1715,472.2762045235258,50.040518174297524,1715,0.7192185664549715,0.07613734248918762,0,,,1.0
transformer,guided,climate_manifold,7,joint,full,statistical,observed_reconstruction,separate_surface_and_information,signed_measure,"{'kind': 'signed_measure', 'epsilon': 1e-06, 'zero_reference': 'normalized_field_zero', 'spatial_weight': 1.0, 'mass_weight': 1.0, 'estimator': 'area_weighted_signed_spatial_js_and_mass_v1'}",,,fresh,,raw_latent_guide_transformer_v1,7b1c8ada63ad17e90d0bb9ca0d6d2f06bfaf9b7cb95c8d39807cf1c22effe753,msl,Pa,96.0,1715,1715,533.8585885880759,57.274993626824084,1715,0.6188999881518509,0.10483235463050314,0,,,1.0
transformer,guided,climate_manifold,7,joint,full,statistical,observed_reconstruction,separate_surface_and_information,signed_measure,"{'kind': 'signed_measure', 'epsilon': 1e-06, 'zero_reference': 'normalized_field_zero', 'spatial_weight': 1.0, 'mass_weight': 1.0, 'estimator': 'area_weighted_signed_spatial_js_and_mass_v1'}",,,fresh,,raw_latent_guide_transformer_v1,7b1c8ada63ad17e90d0bb9ca0d6d2f06bfaf9b7cb95c8d39807cf1c22effe753,msl,Pa,120.0,1715,1715,574.0671855328842,61.53801008137104,1715,0.5374971656067762,0.1263590560565184,0,,,1.0
transformer,guided,climate_manifold,7,joint,full,statistical,observed_reconstruction,separate_surface_and_information,signed_measure,"{'kind': 'signed_measure', 'epsilon': 1e-06, 'zero_reference': 'normalized_field_zero', 'spatial_weight': 1.0, 'mass_weight': 1.0, 'estimator': 'area_weighted_signed_spatial_js_and_mass_v1'}",,,fresh,,raw_latent_guide_transformer_v1,7b1c8ada63ad17e90d0bb9ca0d6d2f06bfaf9b7cb95c8d39807cf1c22effe753,t2m,K,24.0,1715,1715,0.7482390529372777,0.07662857908721166,1715,0.9844471017112697,0.012734860552283539,0,,,1.0
transformer,guided,climate_manifold,7,joint,full,statistical,observed_reconstruction,separate_surface_and_information,signed_measure,"{'kind': 'signed_measure', 'epsilon': 1e-06, 'zero_reference': 'normalized_field_zero', 'spatial_weight': 1.0, 'mass_weight': 1.0, 'estimator': 'area_weighted_signed_spatial_js_and_mass_v1'}",,,fresh,,raw_latent_guide_transformer_v1,7b1c8ada63ad17e90d0bb9ca0d6d2f06bfaf9b7cb95c8d39807cf1c22effe753,t2m,K,48.0,1715,1715,1.1424855774448994,0.12968542382560194,1715,0.9630461160063769,0.030712691553155588,0,,,1.0
transformer,guided,climate_manifold,7,joint,full,statistical,observed_reconstruction,separate_surface_and_information,signed_measure,"{'kind': 'signed_measure', 'epsilon': 1e-06, 'zero_reference': 'normalized_field_zero', 'spatial_weight': 1.0, 'mass_weight': 1.0, 'estimator': 'area_weighted_signed_spatial_js_and_mass_v1'}",,,fresh,,raw_latent_guide_transformer_v1,7b1c8ada63ad17e90d0bb9ca0d6d2f06bfaf9b7cb95c8d39807cf1c22effe753,t2m,K,72.0,1715,1715,1.4213331482606932,0.16989785476144204,1715,0.9417633908834935,0.048855110044481675,0,,,1.0
transformer,guided,climate_manifold,7,joint,full,statistical,observed_reconstruction,separate_surface_and_information,signed_measure,"{'kind': 'signed_measure', 'epsilon': 1e-06, 'zero_reference': 'normalized_field_zero', 'spatial_weight': 1.0, 'mass_weight': 1.0, 'estimator': 'area_weighted_signed_spatial_js_and_mass_v1'}",,,fresh,,raw_latent_guide_transformer_v1,7b1c8ada63ad17e90d0bb9ca0d6d2f06bfaf9b7cb95c8d39807cf1c22effe753,t2m,K,96.0,1715,1715,1.6215584621902701,0.2007487304455757,1715,0.9228690778472768,0.06537322619439058,0,,,1.0
transformer,guided,climate_manifold,7,joint,full,statistical,observed_reconstruction,separate_surface_and_information,signed_measure,"{'kind': 'signed_measure', 'epsilon': 1e-06, 'zero_reference': 'normalized_field_zero', 'spatial_weight': 1.0, 'mass_weight': 1.0, 'estimator': 'area_weighted_signed_spatial_js_and_mass_v1'}",,,fresh,,raw_latent_guide_transformer_v1,7b1c8ada63ad17e90d0bb9ca0d6d2f06bfaf9b7cb95c8d39807cf1c22effe753,t2m,K,120.0,1715,1715,1.769591937456931,0.2245568270108953,1715,0.906942154258909,0.07988822334662163,0,,,1.0
transformer,guided,climate_manifold,7,joint,full,statistical,observed_reconstruction,separate_surface_and_information,signed_measure,"{'kind': 'signed_measure', 'epsilon': 1e-06, 'zero_reference': 'normalized_field_zero', 'spatial_weight': 1.0, 'mass_weight': 1.0, 'estimator': 'area_weighted_signed_spatial_js_and_mass_v1'}",,,fresh,,raw_latent_guide_transformer_v1,7b1c8ada63ad17e90d0bb9ca0d6d2f06bfaf9b7cb95c8d39807cf1c22effe753,u10,m/s,24.0,1715,1715,1.166527514326989,0.08831036876911885,1715,0.9158584371282981,0.015809626299759114,0,,,1.0
transformer,guided,climate_manifold,7,joint,full,statistical,observed_reconstruction,separate_surface_and_information,signed_measure,"{'kind': 'signed_measure', 'epsilon': 1e-06, 'zero_reference': 'normalized_field_zero', 'spatial_weight': 1.0, 'mass_weight': 1.0, 'estimator': 'area_weighted_signed_spatial_js_and_mass_v1'}",,,fresh,,raw_latent_guide_transformer_v1,7b1c8ada63ad17e90d0bb9ca0d6d2f06bfaf9b7cb95c8d39807cf1c22effe753,u10,m/s,48.0,1715,1715,1.7976163024393896,0.14747602415623584,1715,0.7861119444593779,0.043192926907672485,0,,,1.0
transformer,guided,climate_manifold,7,joint,full,statistical,observed_reconstruction,separate_surface_and_information,signed_measure,"{'kind': 'signed_measure', 'epsilon': 1e-06, 'zero_reference': 'normalized_field_zero', 'spatial_weight': 1.0, 'mass_weight': 1.0, 'estimator': 'area_weighted_signed_spatial_js_and_mass_v1'}",,,fresh,,raw_latent_guide_transformer_v1,7b1c8ada63ad17e90d0bb9ca0d6d2f06bfaf9b7cb95c8d39807cf1c22effe753,u10,m/s,72.0,1715,1715,2.1825309356607367,0.18012023438140384,1715,0.6624130186863626,0.06960724171700985,0,,,1.0
transformer,guided,climate_manifold,7,joint,full,statistical,observed_reconstruction,separate_surface_and_information,signed_measure,"{'kind': 'signed_measure', 'epsilon': 1e-06, 'zero_reference': 'normalized_field_zero', 'spatial_weight': 1.0, 'mass_weight': 1.0, 'estimator': 'area_weighted_signed_spatial_js_and_mass_v1'}",,,fresh,,raw_latent_guide_transformer_v1,7b1c8ada63ad17e90d0bb9ca0d6d2f06bfaf9b7cb95c8d39807cf1c22effe753,u10,m/s,96.0,1715,1715,2.406647260274992,0.19474807495845572,1715,0.5654163249599198,0.08939084695378155,0,,,1.0
transformer,guided,climate_manifold,7,joint,full,statistical,observed_reconstruction,separate_surface_and_information,signed_measure,"{'kind': 'signed_measure', 'epsilon': 1e-06, 'zero_reference': 'normalized_field_zero', 'spatial_weight': 1.0, 'mass_weight': 1.0, 'estimator': 'area_weighted_signed_spatial_js_and_mass_v1'}",,,fresh,,raw_latent_guide_transformer_v1,7b1c8ada63ad17e90d0bb9ca0d6d2f06bfaf9b7cb95c8d39807cf1c22effe753,u10,m/s,120.0,1715,1715,2.5475663485980196,0.197767022574941,1715,0.4918369374118632,0.10029359914576849,0,,,1.0
transformer,guided,climate_manifold,7,joint,full,statistical,observed_reconstruction,separate_surface_and_information,signed_measure,"{'kind': 'signed_measure', 'epsilon': 1e-06, 'zero_reference': 'normalized_field_zero', 'spatial_weight': 1.0, 'mass_weight': 1.0, 'estimator': 'area_weighted_signed_spatial_js_and_mass_v1'}",,,fresh,,raw_latent_guide_transformer_v1,7b1c8ada63ad17e90d0bb9ca0d6d2f06bfaf9b7cb95c8d39807cf1c22effe753,v10,m/s,24.0,1715,1715,1.2556948873600309,0.08523441850994094,1715,0.9048353381607627,0.015826594734948813,0,,,1.0
transformer,guided,climate_manifold,7,joint,full,statistical,observed_reconstruction,separate_surface_and_information,signed_measure,"{'kind': 'signed_measure', 'epsilon': 1e-06, 'zero_reference': 'normalized_field_zero', 'spatial_weight': 1.0, 'mass_weight': 1.0, 'estimator': 'area_weighted_signed_spatial_js_and_mass_v1'}",,,fresh,,raw_latent_guide_transformer_v1,7b1c8ada63ad17e90d0bb9ca0d6d2f06bfaf9b7cb95c8d39807cf1c22effe753,v10,m/s,48.0,1715,1715,1.915431009162988,0.1395746475858314,1715,0.7610742468003738,0.0422181779855961,0,,,1.0
transformer,guided,climate_manifold,7,joint,full,statistical,observed_reconstruction,separate_surface_and_information,signed_measure,"{'kind': 'signed_measure', 'epsilon': 1e-06, 'zero_reference': 'normalized_field_zero', 'spatial_weight': 1.0, 'mass_weight': 1.0, 'estimator': 'area_weighted_signed_spatial_js_and_mass_v1'}",,,fresh,,raw_latent_guide_transformer_v1,7b1c8ada63ad17e90d0bb9ca0d6d2f06bfaf9b7cb95c8d39807cf1c22effe753,v10,m/s,72.0,1715,1715,2.329951175927081,0.1847520200996224,1715,0.6155639343346451,0.07138087644129103,0,,,1.0
transformer,guided,climate_manifold,7,joint,full,statistical,observed_reconstruction,separate_surface_and_information,signed_measure,"{'kind': 'signed_measure', 'epsilon': 1e-06, 'zero_reference': 'normalized_field_zero', 'spatial_weight': 1.0, 'mass_weight': 1.0, 'estimator': 'area_weighted_signed_spatial_js_and_mass_v1'}",,,fresh,,raw_latent_guide_transformer_v1,7b1c8ada63ad17e90d0bb9ca0d6d2f06bfaf9b7cb95c8d39807cf1c22effe753,v10,m/s,96.0,1715,1715,2.570979808579347,0.20733933512493694,1715,0.49561607939166685,0.09070721547499962,0,,,1.0
transformer,guided,climate_manifold,7,joint,full,statistical,observed_reconstruction,separate_surface_and_information,signed_measure,"{'kind': 'signed_measure', 'epsilon': 1e-06, 'zero_reference': 'normalized_field_zero', 'spatial_weight': 1.0, 'mass_weight': 1.0, 'estimator': 'area_weighted_signed_spatial_js_and_mass_v1'}",,,fresh,,raw_latent_guide_transformer_v1,7b1c8ada63ad17e90d0bb9ca0d6d2f06bfaf9b7cb95c8d39807cf1c22effe753,v10,m/s,120.0,1715,1715,2.7153916513130083,0.212209904636231,1715,0.40465992859730476,0.10114732267949898,0,,,1.0
transformer,raw,raw,19,joint,none,,,,,,,,fresh,matched,raw_latent_guide_transformer_v1,,msl,Pa,24.0,1715,1715,214.34109589890042,21.005368019063386,1715,0.9488997531881506,0.013032775117284508,0,,,1.0
transformer,raw,raw,19,joint,none,,,,,,,,fresh,matched,raw_latent_guide_transformer_v1,,msl,Pa,48.0,1715,1715,355.2606235926228,36.33780683145053,1715,0.8521070520607403,0.039462638241625166,0,,,1.0
transformer,raw,raw,19,joint,none,,,,,,,,fresh,matched,raw_latent_guide_transformer_v1,,msl,Pa,72.0,1715,1715,453.54512048452193,48.05671617379668,1715,0.7447451822800059,0.06963540189911173,0,,,1.0
transformer,raw,raw,19,joint,none,,,,,,,,fresh,matched,raw_latent_guide_transformer_v1,,msl,Pa,96.0,1715,1715,519.1345694720709,54.073827004646944,1715,0.6468598695638845,0.09541988593496797,0,,,1.0
transformer,raw,raw,19,joint,none,,,,,,,,fresh,matched,raw_latent_guide_transformer_v1,,msl,Pa,120.0,1715,1715,564.1626426306613,57.19283655650137,1715,0.5627098267358431,0.11708762052874415,0,,,1.0
transformer,raw,raw,19,joint,none,,,,,,,,fresh,matched,raw_latent_guide_transformer_v1,,t2m,K,24.0,1715,1715,0.7257773125753307,0.07105789293685245,1715,0.9854027174177494,0.011910082372612594,0,,,1.0
transformer,raw,raw,19,joint,none,,,,,,,,fresh,matched,raw_latent_guide_transformer_v1,,t2m,K,48.0,1715,1715,1.1142304304691608,0.12073074678138963,1715,0.9649459586026369,0.02898596880676977,0,,,1.0
transformer,raw,raw,19,joint,none,,,,,,,,fresh,matched,raw_latent_guide_transformer_v1,,t2m,K,72.0,1715,1715,1.3897651293601585,0.16143659708540523,1715,0.9443598469123142,0.04643395648414324,0,,,1.0
transformer,raw,raw,19,joint,none,,,,,,,,fresh,matched,raw_latent_guide_transformer_v1,,t2m,K,96.0,1715,1715,1.595903331104954,0.19084647502400431,1715,0.9252081675622763,0.06348042738300974,0,,,1.0
transformer,raw,raw,19,joint,none,,,,,,,,fresh,matched,raw_latent_guide_transformer_v1,,t2m,K,120.0,1715,1715,1.7485544472877506,0.21310795300965363,1715,0.9088094482974064,0.07877755472788912,0,,,1.0
transformer,raw,raw,19,joint,none,,,,,,,,fresh,matched,raw_latent_guide_transformer_v1,,u10,m/s,24.0,1715,1715,1.1277933974054923,0.08182186198914843,1715,0.921915612844063,0.01445929862780835,0,,,1.0
transformer,raw,raw,19,joint,none,,,,,,,,fresh,matched,raw_latent_guide_transformer_v1,,u10,m/s,48.0,1715,1715,1.7443261064701705,0.13969648468388732,1715,0.8004823291780551,0.03924022320296222,0,,,1.0
transformer,raw,raw,19,joint,none,,,,,,,,fresh,matched,raw_latent_guide_transformer_v1,,u10,m/s,72.0,1715,1715,2.12327254839081,0.17811046617307186,1715,0.6846915252953079,0.06479989121511415,0,,,1.0
transformer,raw,raw,19,joint,none,,,,,,,,fresh,matched,raw_latent_guide_transformer_v1,,u10,m/s,96.0,1715,1715,2.3547329645122823,0.19104721361967264,1715,0.5899345816440623,0.08303307429406197,0,,,1.0
transformer,raw,raw,19,joint,none,,,,,,,,fresh,matched,raw_latent_guide_transformer_v1,,u10,m/s,120.0,1715,1715,2.505411562846304,0.19358455614658066,1715,0.5148909498744487,0.09439375249584084,0,,,1.0
transformer,raw,raw,19,joint,none,,,,,,,,fresh,matched,raw_latent_guide_transformer_v1,,v10,m/s,24.0,1715,1715,1.2211379945114311,0.08292841571747464,1715,0.9102886771743297,0.014850017676726394,0,,,1.0
transformer,raw,raw,19,joint,none,,,,,,,,fresh,matched,raw_latent_guide_transformer_v1,,v10,m/s,48.0,1715,1715,1.8702919585772886,0.13972954985460745,1715,0.7736928738134798,0.04101002755197211,0,,,1.0
transformer,raw,raw,19,joint,none,,,,,,,,fresh,matched,raw_latent_guide_transformer_v1,,v10,m/s,72.0,1715,1715,2.288566088983978,0.18140383483763042,1715,0.6332254653419148,0.06766320022329853,0,,,1.0
transformer,raw,raw,19,joint,none,,,,,,,,fresh,matched,raw_latent_guide_transformer_v1,,v10,m/s,96.0,1715,1715,2.5360545091167634,0.2041957631264591,1715,0.5151770756154709,0.08737794665929181,0,,,1.0
transformer,raw,raw,19,joint,none,,,,,,,,fresh,matched,raw_latent_guide_transformer_v1,,v10,m/s,120.0,1715,1715,2.68541303783623,0.21333520954009486,1715,0.42295979341710555,0.10099961252405171,0,,,1.0
transformer,latent,climate_manifold,19,joint,full,statistical,observed_reconstruction,separate_surface_and_information,signed_measure,"{'kind': 'signed_measure', 'epsilon': 1e-06, 'zero_reference': 'normalized_field_zero', 'spatial_weight': 1.0, 'mass_weight': 1.0, 'estimator': 'area_weighted_signed_spatial_js_and_mass_v1'}",,,fresh,,raw_latent_guide_transformer_v1,318fbc9ab7ff35879adbd41e3d1b09c16fb9d333c82f7c7725b04b066bc0385e,msl,Pa,24.0,1715,1715,227.09341401270447,22.722715500161264,1715,0.9420933110202473,0.014337764901878563,0,,,1.0
transformer,latent,climate_manifold,19,joint,full,statistical,observed_reconstruction,separate_surface_and_information,signed_measure,"{'kind': 'signed_measure', 'epsilon': 1e-06, 'zero_reference': 'normalized_field_zero', 'spatial_weight': 1.0, 'mass_weight': 1.0, 'estimator': 'area_weighted_signed_spatial_js_and_mass_v1'}",,,fresh,,raw_latent_guide_transformer_v1,318fbc9ab7ff35879adbd41e3d1b09c16fb9d333c82f7c7725b04b066bc0385e,msl,Pa,48.0,1715,1715,362.63732270787733,38.30726933756139,1715,0.8438988650640687,0.041932681838888944,0,,,1.0
transformer,latent,climate_manifold,19,joint,full,statistical,observed_reconstruction,separate_surface_and_information,signed_measure,"{'kind': 'signed_measure', 'epsilon': 1e-06, 'zero_reference': 'normalized_field_zero', 'spatial_weight': 1.0, 'mass_weight': 1.0, 'estimator': 'area_weighted_signed_spatial_js_and_mass_v1'}",,,fresh,,raw_latent_guide_transformer_v1,318fbc9ab7ff35879adbd41e3d1b09c16fb9d333c82f7c7725b04b066bc0385e,msl,Pa,72.0,1715,1715,463.944051144039,50.18758802622803,1715,0.7279179950290935,0.07517782097396726,0,,,1.0
transformer,latent,climate_manifold,19,joint,full,statistical,observed_reconstruction,separate_surface_and_information,signed_measure,"{'kind': 'signed_measure', 'epsilon': 1e-06, 'zero_reference': 'normalized_field_zero', 'spatial_weight': 1.0, 'mass_weight': 1.0, 'estimator': 'area_weighted_signed_spatial_js_and_mass_v1'}",,,fresh,,raw_latent_guide_transformer_v1,318fbc9ab7ff35879adbd41e3d1b09c16fb9d333c82f7c7725b04b066bc0385e,msl,Pa,96.0,1715,1715,532.2795471219921,57.923347304055625,1715,0.6215684492671484,0.10520941323878095,0,,,1.0
transformer,latent,climate_manifold,19,joint,full,statistical,observed_reconstruction,separate_surface_and_information,signed_measure,"{'kind': 'signed_measure', 'epsilon': 1e-06, 'zero_reference': 'normalized_field_zero', 'spatial_weight': 1.0, 'mass_weight': 1.0, 'estimator': 'area_weighted_signed_spatial_js_and_mass_v1'}",,,fresh,,raw_latent_guide_transformer_v1,318fbc9ab7ff35879adbd41e3d1b09c16fb9d333c82f7c7725b04b066bc0385e,msl,Pa,120.0,1715,1715,575.702313656196,62.617525001450794,1715,0.5338460506056546,0.12738517427366908,0,,,1.0
transformer,latent,climate_manifold,19,joint,full,statistical,observed_reconstruction,separate_surface_and_information,signed_measure,"{'kind': 'signed_measure', 'epsilon': 1e-06, 'zero_reference': 'normalized_field_zero', 'spatial_weight': 1.0, 'mass_weight': 1.0, 'estimator': 'area_weighted_signed_spatial_js_and_mass_v1'}",,,fresh,,raw_latent_guide_transformer_v1,318fbc9ab7ff35879adbd41e3d1b09c16fb9d333c82f7c7725b04b066bc0385e,t2m,K,24.0,1715,1715,0.8379109085863947,0.07595286780983476,1715,0.9807564507955085,0.01641553146850827,0,,,1.0
transformer,latent,climate_manifold,19,joint,full,statistical,observed_reconstruction,separate_surface_and_information,signed_measure,"{'kind': 'signed_measure', 'epsilon': 1e-06, 'zero_reference': 'normalized_field_zero', 'spatial_weight': 1.0, 'mass_weight': 1.0, 'estimator': 'area_weighted_signed_spatial_js_and_mass_v1'}",,,fresh,,raw_latent_guide_transformer_v1,318fbc9ab7ff35879adbd41e3d1b09c16fb9d333c82f7c7725b04b066bc0385e,t2m,K,48.0,1715,1715,1.1538618059766979,0.12227029015272359,1715,0.9623828165252998,0.03207718141951732,0,,,1.0
transformer,latent,climate_manifold,19,joint,full,statistical,observed_reconstruction,separate_surface_and_information,signed_measure,"{'kind': 'signed_measure', 'epsilon': 1e-06, 'zero_reference': 'normalized_field_zero', 'spatial_weight': 1.0, 'mass_weight': 1.0, 'estimator': 'area_weighted_signed_spatial_js_and_mass_v1'}",,,fresh,,raw_latent_guide_transformer_v1,318fbc9ab7ff35879adbd41e3d1b09c16fb9d333c82f7c7725b04b066bc0385e,t2m,K,72.0,1715,1715,1.4247527482519888,0.16614693664700583,1715,0.9414286687530183,0.05004287190747657,0,,,1.0
transformer,latent,climate_manifold,19,joint,full,statistical,observed_reconstruction,separate_surface_and_information,signed_measure,"{'kind': 'signed_measure', 'epsilon': 1e-06, 'zero_reference': 'normalized_field_zero', 'spatial_weight': 1.0, 'mass_weight': 1.0, 'estimator': 'area_weighted_signed_spatial_js_and_mass_v1'}",,,fresh,,raw_latent_guide_transformer_v1,318fbc9ab7ff35879adbd41e3d1b09c16fb9d333c82f7c7725b04b066bc0385e,t2m,K,96.0,1715,1715,1.6347442061847703,0.2006250201430915,1715,0.9215989575255679,0.06776941888648347,0,,,1.0
transformer,latent,climate_manifold,19,joint,full,statistical,observed_reconstruction,separate_surface_and_information,signed_measure,"{'kind': 'signed_measure', 'epsilon': 1e-06, 'zero_reference': 'normalized_field_zero', 'spatial_weight': 1.0, 'mass_weight': 1.0, 'estimator': 'area_weighted_signed_spatial_js_and_mass_v1'}",,,fresh,,raw_latent_guide_transformer_v1,318fbc9ab7ff35879adbd41e3d1b09c16fb9d333c82f7c7725b04b066bc0385e,t2m,K,120.0,1715,1715,1.7845907863270372,0.2269957494645575,1715,0.905060961271474,0.08333389034607205,0,,,1.0
transformer,latent,climate_manifold,19,joint,full,statistical,observed_reconstruction,separate_surface_and_information,signed_measure,"{'kind': 'signed_measure', 'epsilon': 1e-06, 'zero_reference': 'normalized_field_zero', 'spatial_weight': 1.0, 'mass_weight': 1.0, 'estimator': 'area_weighted_signed_spatial_js_and_mass_v1'}",,,fresh,,raw_latent_guide_transformer_v1,318fbc9ab7ff35879adbd41e3d1b09c16fb9d333c82f7c7725b04b066bc0385e,u10,m/s,24.0,1715,1715,1.153118228672559,0.07685656668096594,1715,0.9180378616708045,0.014222906702935495,0,,,1.0
transformer,latent,climate_manifold,19,joint,full,statistical,observed_reconstruction,separate_surface_and_information,signed_measure,"{'kind': 'signed_measure', 'epsilon': 1e-06, 'zero_reference': 'normalized_field_zero', 'spatial_weight': 1.0, 'mass_weight': 1.0, 'estimator': 'area_weighted_signed_spatial_js_and_mass_v1'}",,,fresh,,raw_latent_guide_transformer_v1,318fbc9ab7ff35879adbd41e3d1b09c16fb9d333c82f7c7725b04b066bc0385e,u10,m/s,48.0,1715,1715,1.7171572119841163,0.13122735204753183,1715,0.8066903516261384,0.03791836904062956,0,,,1.0
transformer,latent,climate_manifold,19,joint,full,statistical,observed_reconstruction,separate_surface_and_information,signed_measure,"{'kind': 'signed_measure', 'epsilon': 1e-06, 'zero_reference': 'normalized_field_zero', 'spatial_weight': 1.0, 'mass_weight': 1.0, 'estimator': 'area_weighted_signed_spatial_js_and_mass_v1'}",,,fresh,,raw_latent_guide_transformer_v1,318fbc9ab7ff35879adbd41e3d1b09c16fb9d333c82f7c7725b04b066bc0385e,u10,m/s,72.0,1715,1715,2.1134839523028264,0.1711616828424097,1715,0.68700462203321,0.06516801142306493,0,,,1.0
transformer,latent,climate_manifold,19,joint,full,statistical,observed_reconstruction,separate_surface_and_information,signed_measure,"{'kind': 'signed_measure', 'epsilon': 1e-06, 'zero_reference': 'normalized_field_zero', 'spatial_weight': 1.0, 'mass_weight': 1.0, 'estimator': 'area_weighted_signed_spatial_js_and_mass_v1'}",,,fresh,,raw_latent_guide_transformer_v1,318fbc9ab7ff35879adbd41e3d1b09c16fb9d333c82f7c7725b04b066bc0385e,u10,m/s,96.0,1715,1715,2.3642954182938003,0.18932203784510415,1715,0.5856055204077435,0.08707575864582152,0,,,1.0
transformer,latent,climate_manifold,19,joint,full,statistical,observed_reconstruction,separate_surface_and_information,signed_measure,"{'kind': 'signed_measure', 'epsilon': 1e-06, 'zero_reference': 'normalized_field_zero', 'spatial_weight': 1.0, 'mass_weight': 1.0, 'estimator': 'area_weighted_signed_spatial_js_and_mass_v1'}",,,fresh,,raw_latent_guide_transformer_v1,318fbc9ab7ff35879adbd41e3d1b09c16fb9d333c82f7c7725b04b066bc0385e,u10,m/s,120.0,1715,1715,2.517037978184753,0.20015457285155291,1715,0.5075610140708677,0.10242083193486189,0,,,1.0
transformer,latent,climate_manifold,19,joint,full,statistical,observed_reconstruction,separate_surface_and_information,signed_measure,"{'kind': 'signed_measure', 'epsilon': 1e-06, 'zero_reference': 'normalized_field_zero', 'spatial_weight': 1.0, 'mass_weight': 1.0, 'estimator': 'area_weighted_signed_spatial_js_and_mass_v1'}",,,fresh,,raw_latent_guide_transformer_v1,318fbc9ab7ff35879adbd41e3d1b09c16fb9d333c82f7c7725b04b066bc0385e,v10,m/s,24.0,1715,1715,1.2357892607810206,0.07589044609063074,1715,0.9086293185772223,0.015114723270820177,0,,,1.0
transformer,latent,climate_manifold,19,joint,full,statistical,observed_reconstruction,separate_surface_and_information,signed_measure,"{'kind': 'signed_measure', 'epsilon': 1e-06, 'zero_reference': 'normalized_field_zero', 'spatial_weight': 1.0, 'mass_weight': 1.0, 'estimator': 'area_weighted_signed_spatial_js_and_mass_v1'}",,,fresh,,raw_latent_guide_transformer_v1,318fbc9ab7ff35879adbd41e3d1b09c16fb9d333c82f7c7725b04b066bc0385e,v10,m/s,48.0,1715,1715,1.8332917873436316,0.13281941048050513,1715,0.7830297915676561,0.04058714204103169,0,,,1.0
transformer,latent,climate_manifold,19,joint,full,statistical,observed_reconstruction,separate_surface_and_information,signed_measure,"{'kind': 'signed_measure', 'epsilon': 1e-06, 'zero_reference': 'normalized_field_zero', 'spatial_weight': 1.0, 'mass_weight': 1.0, 'estimator': 'area_weighted_signed_spatial_js_and_mass_v1'}",,,fresh,,raw_latent_guide_transformer_v1,318fbc9ab7ff35879adbd41e3d1b09c16fb9d333c82f7c7725b04b066bc0385e,v10,m/s,72.0,1715,1715,2.266245425492277,0.184827323822265,1715,0.6408316579678678,0.07147281177192276,0,,,1.0
transformer,latent,climate_manifold,19,joint,full,statistical,observed_reconstruction,separate_surface_and_information,signed_measure,"{'kind': 'signed_measure', 'epsilon': 1e-06, 'zero_reference': 'normalized_field_zero', 'spatial_weight': 1.0, 'mass_weight': 1.0, 'estimator': 'area_weighted_signed_spatial_js_and_mass_v1'}",,,fresh,,raw_latent_guide_transformer_v1,318fbc9ab7ff35879adbd41e3d1b09c16fb9d333c82f7c7725b04b066bc0385e,v10,m/s,96.0,1715,1715,2.549802878284223,0.2143224707747777,1715,0.5104988754559916,0.09666146955564138,0,,,1.0
transformer,latent,climate_manifold,19,joint,full,statistical,observed_reconstruction,separate_surface_and_information,signed_measure,"{'kind': 'signed_measure', 'epsilon': 1e-06, 'zero_reference': 'normalized_field_zero', 'spatial_weight': 1.0, 'mass_weight': 1.0, 'estimator': 'area_weighted_signed_spatial_js_and_mass_v1'}",,,fresh,,raw_latent_guide_transformer_v1,318fbc9ab7ff35879adbd41e3d1b09c16fb9d333c82f7c7725b04b066bc0385e,v10,m/s,120.0,1715,1715,2.7085701219583678,0.22639362419068487,1715,0.41183795720221505,0.11225187365248268,0,,,1.0
transformer,guided,climate_manifold,19,joint,full,statistical,observed_reconstruction,separate_surface_and_information,signed_measure,"{'kind': 'signed_measure', 'epsilon': 1e-06, 'zero_reference': 'normalized_field_zero', 'spatial_weight': 1.0, 'mass_weight': 1.0, 'estimator': 'area_weighted_signed_spatial_js_and_mass_v1'}",,,fresh,,raw_latent_guide_transformer_v1,1eaa5b97fec263954b896eb5300a93810963a9e633e80210efb9da443313381c,msl,Pa,24.0,1715,1715,217.50508172139223,20.885994713415997,1715,0.9470995397960024,0.013387885987609595,0,,,1.0
transformer,guided,climate_manifold,19,joint,full,statistical,observed_reconstruction,separate_surface_and_information,signed_measure,"{'kind': 'signed_measure', 'epsilon': 1e-06, 'zero_reference': 'normalized_field_zero', 'spatial_weight': 1.0, 'mass_weight': 1.0, 'estimator': 'area_weighted_signed_spatial_js_and_mass_v1'}",,,fresh,,raw_latent_guide_transformer_v1,1eaa5b97fec263954b896eb5300a93810963a9e633e80210efb9da443313381c,msl,Pa,48.0,1715,1715,345.0056831446664,34.28289858926085,1715,0.8604652385876165,0.03713989927137017,0,,,1.0
transformer,guided,climate_manifold,19,joint,full,statistical,observed_reconstruction,separate_surface_and_information,signed_measure,"{'kind': 'signed_measure', 'epsilon': 1e-06, 'zero_reference': 'normalized_field_zero', 'spatial_weight': 1.0, 'mass_weight': 1.0, 'estimator': 'area_weighted_signed_spatial_js_and_mass_v1'}",,,fresh,,raw_latent_guide_transformer_v1,1eaa5b97fec263954b896eb5300a93810963a9e633e80210efb9da443313381c,msl,Pa,72.0,1715,1715,440.67306131533655,44.93962468034866,1715,0.7595846710907885,0.065637885735789,0,,,1.0
transformer,guided,climate_manifold,19,joint,full,statistical,observed_reconstruction,separate_surface_and_information,signed_measure,"{'kind': 'signed_measure', 'epsilon': 1e-06, 'zero_reference': 'normalized_field_zero', 'spatial_weight': 1.0, 'mass_weight': 1.0, 'estimator': 'area_weighted_signed_spatial_js_and_mass_v1'}",,,fresh,,raw_latent_guide_transformer_v1,1eaa5b97fec263954b896eb5300a93810963a9e633e80210efb9da443313381c,msl,Pa,96.0,1715,1715,509.29259003264514,51.47036389137027,1715,0.6600316883302667,0.09241986036863209,0,,,1.0
transformer,guided,climate_manifold,19,joint,full,statistical,observed_reconstruction,separate_surface_and_information,signed_measure,"{'kind': 'signed_measure', 'epsilon': 1e-06, 'zero_reference': 'normalized_field_zero', 'spatial_weight': 1.0, 'mass_weight': 1.0, 'estimator': 'area_weighted_signed_spatial_js_and_mass_v1'}",,,fresh,,raw_latent_guide_transformer_v1,1eaa5b97fec263954b896eb5300a93810963a9e633e80210efb9da443313381c,msl,Pa,120.0,1715,1715,557.6330676247493,55.36205066685837,1715,0.571163648838274,0.1146101639337564,0,,,1.0
transformer,guided,climate_manifold,19,joint,full,statistical,observed_reconstruction,separate_surface_and_information,signed_measure,"{'kind': 'signed_measure', 'epsilon': 1e-06, 'zero_reference': 'normalized_field_zero', 'spatial_weight': 1.0, 'mass_weight': 1.0, 'estimator': 'area_weighted_signed_spatial_js_and_mass_v1'}",,,fresh,,raw_latent_guide_transformer_v1,1eaa5b97fec263954b896eb5300a93810963a9e633e80210efb9da443313381c,t2m,K,24.0,1715,1715,0.7463478530627398,0.07725588992581348,1715,0.9845621938270979,0.012596819730422662,0,,,1.0
transformer,guided,climate_manifold,19,joint,full,statistical,observed_reconstruction,separate_surface_and_information,signed_measure,"{'kind': 'signed_measure', 'epsilon': 1e-06, 'zero_reference': 'normalized_field_zero', 'spatial_weight': 1.0, 'mass_weight': 1.0, 'estimator': 'area_weighted_signed_spatial_js_and_mass_v1'}",,,fresh,,raw_latent_guide_transformer_v1,1eaa5b97fec263954b896eb5300a93810963a9e633e80210efb9da443313381c,t2m,K,48.0,1715,1715,1.1169366696732506,0.1239543873134653,1715,0.9648296007490783,0.029012147636681567,0,,,1.0
transformer,guided,climate_manifold,19,joint,full,statistical,observed_reconstruction,separate_surface_and_information,signed_measure,"{'kind': 'signed_measure', 'epsilon': 1e-06, 'zero_reference': 'normalized_field_zero', 'spatial_weight': 1.0, 'mass_weight': 1.0, 'estimator': 'area_weighted_signed_spatial_js_and_mass_v1'}",,,fresh,,raw_latent_guide_transformer_v1,1eaa5b97fec263954b896eb5300a93810963a9e633e80210efb9da443313381c,t2m,K,72.0,1715,1715,1.3792130546418702,0.16363093708668866,1715,0.9454056374551256,0.04585023717068368,0,,,1.0
transformer,guided,climate_manifold,19,joint,full,statistical,observed_reconstruction,separate_surface_and_information,signed_measure,"{'kind': 'signed_measure', 'epsilon': 1e-06, 'zero_reference': 'normalized_field_zero', 'spatial_weight': 1.0, 'mass_weight': 1.0, 'estimator': 'area_weighted_signed_spatial_js_and_mass_v1'}",,,fresh,,raw_latent_guide_transformer_v1,1eaa5b97fec263954b896eb5300a93810963a9e633e80210efb9da443313381c,t2m,K,96.0,1715,1715,1.582164050441176,0.19427553845121331,1715,0.9268428741247123,0.06286234829519824,0,,,1.0
transformer,guided,climate_manifold,19,joint,full,statistical,observed_reconstruction,separate_surface_and_information,signed_measure,"{'kind': 'signed_measure', 'epsilon': 1e-06, 'zero_reference': 'normalized_field_zero', 'spatial_weight': 1.0, 'mass_weight': 1.0, 'estimator': 'area_weighted_signed_spatial_js_and_mass_v1'}",,,fresh,,raw_latent_guide_transformer_v1,1eaa5b97fec263954b896eb5300a93810963a9e633e80210efb9da443313381c,t2m,K,120.0,1715,1715,1.7396099668425893,0.2180898023253599,1715,0.9101154307456053,0.07865840278671338,0,,,1.0
transformer,guided,climate_manifold,19,joint,full,statistical,observed_reconstruction,separate_surface_and_information,signed_measure,"{'kind': 'signed_measure', 'epsilon': 1e-06, 'zero_reference': 'normalized_field_zero', 'spatial_weight': 1.0, 'mass_weight': 1.0, 'estimator': 'area_weighted_signed_spatial_js_and_mass_v1'}",,,fresh,,raw_latent_guide_transformer_v1,1eaa5b97fec263954b896eb5300a93810963a9e633e80210efb9da443313381c,u10,m/s,24.0,1715,1715,1.1411440021959927,0.08387900287527471,1715,0.9196235704808196,0.014844048649679314,0,,,1.0
transformer,guided,climate_manifold,19,joint,full,statistical,observed_reconstruction,separate_surface_and_information,signed_measure,"{'kind': 'signed_measure', 'epsilon': 1e-06, 'zero_reference': 'normalized_field_zero', 'spatial_weight': 1.0, 'mass_weight': 1.0, 'estimator': 'area_weighted_signed_spatial_js_and_mass_v1'}",,,fresh,,raw_latent_guide_transformer_v1,1eaa5b97fec263954b896eb5300a93810963a9e633e80210efb9da443313381c,u10,m/s,48.0,1715,1715,1.7056907347859231,0.13231522170550922,1715,0.8098491792533918,0.03759354003138233,0,,,1.0
transformer,guided,climate_manifold,19,joint,full,statistical,observed_reconstruction,separate_surface_and_information,signed_measure,"{'kind': 'signed_measure', 'epsilon': 1e-06, 'zero_reference': 'normalized_field_zero', 'spatial_weight': 1.0, 'mass_weight': 1.0, 'estimator': 'area_weighted_signed_spatial_js_and_mass_v1'}",,,fresh,,raw_latent_guide_transformer_v1,1eaa5b97fec263954b896eb5300a93810963a9e633e80210efb9da443313381c,u10,m/s,72.0,1715,1715,2.076886548245576,0.1650271777432624,1715,0.7009416147295265,0.06100040800499305,0,,,1.0
transformer,guided,climate_manifold,19,joint,full,statistical,observed_reconstruction,separate_surface_and_information,signed_measure,"{'kind': 'signed_measure', 'epsilon': 1e-06, 'zero_reference': 'normalized_field_zero', 'spatial_weight': 1.0, 'mass_weight': 1.0, 'estimator': 'area_weighted_signed_spatial_js_and_mass_v1'}",,,fresh,,raw_latent_guide_transformer_v1,1eaa5b97fec263954b896eb5300a93810963a9e633e80210efb9da443313381c,u10,m/s,96.0,1715,1715,2.3199510856354615,0.18115022087562044,1715,0.6056695939099636,0.0796562386074682,0,,,1.0
transformer,guided,climate_manifold,19,joint,full,statistical,observed_reconstruction,separate_surface_and_information,signed_measure,"{'kind': 'signed_measure', 'epsilon': 1e-06, 'zero_reference': 'normalized_field_zero', 'spatial_weight': 1.0, 'mass_weight': 1.0, 'estimator': 'area_weighted_signed_spatial_js_and_mass_v1'}",,,fresh,,raw_latent_guide_transformer_v1,1eaa5b97fec263954b896eb5300a93810963a9e633e80210efb9da443313381c,u10,m/s,120.0,1715,1715,2.483600366096005,0.19150439864650087,1715,0.5270391358660644,0.09288651147203439,0,,,1.0
transformer,guided,climate_manifold,19,joint,full,statistical,observed_reconstruction,separate_surface_and_information,signed_measure,"{'kind': 'signed_measure', 'epsilon': 1e-06, 'zero_reference': 'normalized_field_zero', 'spatial_weight': 1.0, 'mass_weight': 1.0, 'estimator': 'area_weighted_signed_spatial_js_and_mass_v1'}",,,fresh,,raw_latent_guide_transformer_v1,1eaa5b97fec263954b896eb5300a93810963a9e633e80210efb9da443313381c,v10,m/s,24.0,1715,1715,1.2338100059979153,0.08042835694685596,1715,0.9083774358174712,0.01491796171323542,0,,,1.0
transformer,guided,climate_manifold,19,joint,full,statistical,observed_reconstruction,separate_surface_and_information,signed_measure,"{'kind': 'signed_measure', 'epsilon': 1e-06, 'zero_reference': 'normalized_field_zero', 'spatial_weight': 1.0, 'mass_weight': 1.0, 'estimator': 'area_weighted_signed_spatial_js_and_mass_v1'}",,,fresh,,raw_latent_guide_transformer_v1,1eaa5b97fec263954b896eb5300a93810963a9e633e80210efb9da443313381c,v10,m/s,48.0,1715,1715,1.814615372360969,0.12908437874354906,1715,0.7881959816688041,0.037816770376817514,0,,,1.0
transformer,guided,climate_manifold,19,joint,full,statistical,observed_reconstruction,separate_surface_and_information,signed_measure,"{'kind': 'signed_measure', 'epsilon': 1e-06, 'zero_reference': 'normalized_field_zero', 'spatial_weight': 1.0, 'mass_weight': 1.0, 'estimator': 'area_weighted_signed_spatial_js_and_mass_v1'}",,,fresh,,raw_latent_guide_transformer_v1,1eaa5b97fec263954b896eb5300a93810963a9e633e80210efb9da443313381c,v10,m/s,72.0,1715,1715,2.223834511101209,0.1745578362225961,1715,0.6585211536309241,0.06471195225697764,0,,,1.0
transformer,guided,climate_manifold,19,joint,full,statistical,observed_reconstruction,separate_surface_and_information,signed_measure,"{'kind': 'signed_measure', 'epsilon': 1e-06, 'zero_reference': 'normalized_field_zero', 'spatial_weight': 1.0, 'mass_weight': 1.0, 'estimator': 'area_weighted_signed_spatial_js_and_mass_v1'}",,,fresh,,raw_latent_guide_transformer_v1,1eaa5b97fec263954b896eb5300a93810963a9e633e80210efb9da443313381c,v10,m/s,96.0,1715,1715,2.4970138620951925,0.1997757340458539,1715,0.536332515788196,0.08619441115745001,0,,,1.0
transformer,guided,climate_manifold,19,joint,full,statistical,observed_reconstruction,separate_surface_and_information,signed_measure,"{'kind': 'signed_measure', 'epsilon': 1e-06, 'zero_reference': 'normalized_field_zero', 'spatial_weight': 1.0, 'mass_weight': 1.0, 'estimator': 'area_weighted_signed_spatial_js_and_mass_v1'}",,,fresh,,raw_latent_guide_transformer_v1,1eaa5b97fec263954b896eb5300a93810963a9e633e80210efb9da443313381c,v10,m/s,120.0,1715,1715,2.6691500981692897,0.21219114234186304,1715,0.4372425062744288,0.10087121600062886,0,,,1.0
transformer,guided,climate_manifold,19,joint,full,statistical,observed_reconstruction,separate_surface_and_information,signed_measure,"{'kind': 'signed_measure', 'epsilon': 1e-06, 'zero_reference': 'normalized_field_zero', 'spatial_weight': 1.0, 'mass_weight': 1.0, 'estimator': 'area_weighted_signed_spatial_js_and_mass_v1'}",,,fresh,,raw_latent_guide_transformer_v1,df622a48367da52e1909dd19f36c6e94b042b4cf19810ab11a35082990ee696f,msl,Pa,24.0,1715,1715,239.64956473491017,24.31690192931964,1715,0.9363207274286144,0.016316935555451807,0,,,1.0
transformer,guided,climate_manifold,19,joint,full,statistical,observed_reconstruction,separate_surface_and_information,signed_measure,"{'kind': 'signed_measure', 'epsilon': 1e-06, 'zero_reference': 'normalized_field_zero', 'spatial_weight': 1.0, 'mass_weight': 1.0, 'estimator': 'area_weighted_signed_spatial_js_and_mass_v1'}",,,fresh,,raw_latent_guide_transformer_v1,df622a48367da52e1909dd19f36c6e94b042b4cf19810ab11a35082990ee696f,msl,Pa,48.0,1715,1715,388.69623316034745,40.01117542455553,1715,0.8201221677656835,0.04830369015838456,0,,,1.0
transformer,guided,climate_manifold,19,joint,full,statistical,observed_reconstruction,separate_surface_and_information,signed_measure,"{'kind': 'signed_measure', 'epsilon': 1e-06, 'zero_reference': 'normalized_field_zero', 'spatial_weight': 1.0, 'mass_weight': 1.0, 'estimator': 'area_weighted_signed_spatial_js_and_mass_v1'}",,,fresh,,raw_latent_guide_transformer_v1,df622a48367da52e1909dd19f36c6e94b042b4cf19810ab11a35082990ee696f,msl,Pa,72.0,1715,1715,482.7649613515069,50.06424540792907,1715,0.7036539462153133,0.08090120313365912,0,,,1.0
transformer,guided,climate_manifold,19,joint,full,statistical,observed_reconstruction,separate_surface_and_information,signed_measure,"{'kind': 'signed_measure', 'epsilon': 1e-06, 'zero_reference': 'normalized_field_zero', 'spatial_weight': 1.0, 'mass_weight': 1.0, 'estimator': 'area_weighted_signed_spatial_js_and_mass_v1'}",,,fresh,,raw_latent_guide_transformer_v1,df622a48367da52e1909dd19f36c6e94b042b4cf19810ab11a35082990ee696f,msl,Pa,96.0,1715,1715,538.8496315098505,54.58897870911862,1715,0.6085904827342195,0.10693737657603462,0,,,1.0
transformer,guided,climate_manifold,19,joint,full,statistical,observed_reconstruction,separate_surface_and_information,signed_measure,"{'kind': 'signed_measure', 'epsilon': 1e-06, 'zero_reference': 'normalized_field_zero', 'spatial_weight': 1.0, 'mass_weight': 1.0, 'estimator': 'area_weighted_signed_spatial_js_and_mass_v1'}",,,fresh,,raw_latent_guide_transformer_v1,df622a48367da52e1909dd19f36c6e94b042b4cf19810ab11a35082990ee696f,msl,Pa,120.0,1715,1715,576.3552530295417,57.82045824404917,1715,0.5301610205984111,0.127357909419768,0,,,1.0
transformer,guided,climate_manifold,19,joint,full,statistical,observed_reconstruction,separate_surface_and_information,signed_measure,"{'kind': 'signed_measure', 'epsilon': 1e-06, 'zero_reference': 'normalized_field_zero', 'spatial_weight': 1.0, 'mass_weight': 1.0, 'estimator': 'area_weighted_signed_spatial_js_and_mass_v1'}",,,fresh,,raw_latent_guide_transformer_v1,df622a48367da52e1909dd19f36c6e94b042b4cf19810ab11a35082990ee696f,t2m,K,24.0,1715,1715,0.7539884658028436,0.07708664120297942,1715,0.9842753897802038,0.012793591342053169,0,,,1.0
transformer,guided,climate_manifold,19,joint,full,statistical,observed_reconstruction,separate_surface_and_information,signed_measure,"{'kind': 'signed_measure', 'epsilon': 1e-06, 'zero_reference': 'normalized_field_zero', 'spatial_weight': 1.0, 'mass_weight': 1.0, 'estimator': 'area_weighted_signed_spatial_js_and_mass_v1'}",,,fresh,,raw_latent_guide_transformer_v1,df622a48367da52e1909dd19f36c6e94b042b4cf19810ab11a35082990ee696f,t2m,K,48.0,1715,1715,1.1533660403525756,0.12781751517716755,1715,0.9624444265474511,0.030911441843093797,0,,,1.0
transformer,guided,climate_manifold,19,joint,full,statistical,observed_reconstruction,separate_surface_and_information,signed_measure,"{'kind': 'signed_measure', 'epsilon': 1e-06, 'zero_reference': 'normalized_field_zero', 'spatial_weight': 1.0, 'mass_weight': 1.0, 'estimator': 'area_weighted_signed_spatial_js_and_mass_v1'}",,,fresh,,raw_latent_guide_transformer_v1,df622a48367da52e1909dd19f36c6e94b042b4cf19810ab11a35082990ee696f,t2m,K,72.0,1715,1715,1.4348125034765793,0.1694593264409705,1715,0.9407474903051702,0.0494199368990606,0,,,1.0
transformer,guided,climate_manifold,19,joint,full,statistical,observed_reconstruction,separate_surface_and_information,signed_measure,"{'kind': 'signed_measure', 'epsilon': 1e-06, 'zero_reference': 'normalized_field_zero', 'spatial_weight': 1.0, 'mass_weight': 1.0, 'estimator': 'area_weighted_signed_spatial_js_and_mass_v1'}",,,fresh,,raw_latent_guide_transformer_v1,df622a48367da52e1909dd19f36c6e94b042b4cf19810ab11a35082990ee696f,t2m,K,96.0,1715,1715,1.6353374475976066,0.20103244649724614,1715,0.9215603318981089,0.066638888489504,0,,,1.0
transformer,guided,climate_manifold,19,joint,full,statistical,observed_reconstruction,separate_surface_and_information,signed_measure,"{'kind': 'signed_measure', 'epsilon': 1e-06, 'zero_reference': 'normalized_field_zero', 'spatial_weight': 1.0, 'mass_weight': 1.0, 'estimator': 'area_weighted_signed_spatial_js_and_mass_v1'}",,,fresh,,raw_latent_guide_transformer_v1,df622a48367da52e1909dd19f36c6e94b042b4cf19810ab11a35082990ee696f,t2m,K,120.0,1715,1715,1.7775474682841657,0.2239145634257749,1715,0.9060062328157374,0.08096984571837545,0,,,1.0
transformer,guided,climate_manifold,19,joint,full,statistical,observed_reconstruction,separate_surface_and_information,signed_measure,"{'kind': 'signed_measure', 'epsilon': 1e-06, 'zero_reference': 'normalized_field_zero', 'spatial_weight': 1.0, 'mass_weight': 1.0, 'estimator': 'area_weighted_signed_spatial_js_and_mass_v1'}",,,fresh,,raw_latent_guide_transformer_v1,df622a48367da52e1909dd19f36c6e94b042b4cf19810ab11a35082990ee696f,u10,m/s,24.0,1715,1715,1.2049095189012062,0.091135805165664,1715,0.9100951311649866,0.016711101119977697,0,,,1.0
transformer,guided,climate_manifold,19,joint,full,statistical,observed_reconstruction,separate_surface_and_information,signed_measure,"{'kind': 'signed_measure', 'epsilon': 1e-06, 'zero_reference': 'normalized_field_zero', 'spatial_weight': 1.0, 'mass_weight': 1.0, 'estimator': 'area_weighted_signed_spatial_js_and_mass_v1'}",,,fresh,,raw_latent_guide_transformer_v1,df622a48367da52e1909dd19f36c6e94b042b4cf19810ab11a35082990ee696f,u10,m/s,48.0,1715,1715,1.836552487239529,0.14813581538250872,1715,0.7756466225948203,0.04437227005079876,0,,,1.0
transformer,guided,climate_manifold,19,joint,full,statistical,observed_reconstruction,separate_surface_and_information,signed_measure,"{'kind': 'signed_measure', 'epsilon': 1e-06, 'zero_reference': 'normalized_field_zero', 'spatial_weight': 1.0, 'mass_weight': 1.0, 'estimator': 'area_weighted_signed_spatial_js_and_mass_v1'}",,,fresh,,raw_latent_guide_transformer_v1,df622a48367da52e1909dd19f36c6e94b042b4cf19810ab11a35082990ee696f,u10,m/s,72.0,1715,1715,2.206503210219383,0.17974424621758167,1715,0.652411665498108,0.07050685710807851,0,,,1.0
transformer,guided,climate_manifold,19,joint,full,statistical,observed_reconstruction,separate_surface_and_information,signed_measure,"{'kind': 'signed_measure', 'epsilon': 1e-06, 'zero_reference': 'normalized_field_zero', 'spatial_weight': 1.0, 'mass_weight': 1.0, 'estimator': 'area_weighted_signed_spatial_js_and_mass_v1'}",,,fresh,,raw_latent_guide_transformer_v1,df622a48367da52e1909dd19f36c6e94b042b4cf19810ab11a35082990ee696f,u10,m/s,96.0,1715,1715,2.415594647978391,0.18373515137666047,1715,0.5589017922930584,0.08739441885380689,0,,,1.0
transformer,guided,climate_manifold,19,joint,full,statistical,observed_reconstruction,separate_surface_and_information,signed_measure,"{'kind': 'signed_measure', 'epsilon': 1e-06, 'zero_reference': 'normalized_field_zero', 'spatial_weight': 1.0, 'mass_weight': 1.0, 'estimator': 'area_weighted_signed_spatial_js_and_mass_v1'}",,,fresh,,raw_latent_guide_transformer_v1,df622a48367da52e1909dd19f36c6e94b042b4cf19810ab11a35082990ee696f,u10,m/s,120.0,1715,1715,2.5459003526480206,0.18481173869579143,1715,0.48858885138239255,0.09798246519378574,0,,,1.0
transformer,guided,climate_manifold,19,joint,full,statistical,observed_reconstruction,separate_surface_and_information,signed_measure,"{'kind': 'signed_measure', 'epsilon': 1e-06, 'zero_reference': 'normalized_field_zero', 'spatial_weight': 1.0, 'mass_weight': 1.0, 'estimator': 'area_weighted_signed_spatial_js_and_mass_v1'}",,,fresh,,raw_latent_guide_transformer_v1,df622a48367da52e1909dd19f36c6e94b042b4cf19810ab11a35082990ee696f,v10,m/s,24.0,1715,1715,1.2913256755469789,0.08800158672674135,1715,0.8991196106077854,0.0168459029511563,0,,,1.0
transformer,guided,climate_manifold,19,joint,full,statistical,observed_reconstruction,separate_surface_and_information,signed_measure,"{'kind': 'signed_measure', 'epsilon': 1e-06, 'zero_reference': 'normalized_field_zero', 'spatial_weight': 1.0, 'mass_weight': 1.0, 'estimator': 'area_weighted_signed_spatial_js_and_mass_v1'}",,,fresh,,raw_latent_guide_transformer_v1,df622a48367da52e1909dd19f36c6e94b042b4cf19810ab11a35082990ee696f,v10,m/s,48.0,1715,1715,1.962176327111506,0.14583567963451893,1715,0.7474823191833473,0.04530105072575657,0,,,1.0
transformer,guided,climate_manifold,19,joint,full,statistical,observed_reconstruction,separate_surface_and_information,signed_measure,"{'kind': 'signed_measure', 'epsilon': 1e-06, 'zero_reference': 'normalized_field_zero', 'spatial_weight': 1.0, 'mass_weight': 1.0, 'estimator': 'area_weighted_signed_spatial_js_and_mass_v1'}",,,fresh,,raw_latent_guide_transformer_v1,df622a48367da52e1909dd19f36c6e94b042b4cf19810ab11a35082990ee696f,v10,m/s,72.0,1715,1715,2.3732681782252802,0.1878375566962186,1715,0.5958196656221203,0.07296093879073796,0,,,1.0
transformer,guided,climate_manifold,19,joint,full,statistical,observed_reconstruction,separate_surface_and_information,signed_measure,"{'kind': 'signed_measure', 'epsilon': 1e-06, 'zero_reference': 'normalized_field_zero', 'spatial_weight': 1.0, 'mass_weight': 1.0, 'estimator': 'area_weighted_signed_spatial_js_and_mass_v1'}",,,fresh,,raw_latent_guide_transformer_v1,df622a48367da52e1909dd19f36c6e94b042b4cf19810ab11a35082990ee696f,v10,m/s,96.0,1715,1715,2.5954401660462794,0.20579616187456887,1715,0.4786492403842594,0.09218468894054022,0,,,1.0
transformer,guided,climate_manifold,19,joint,full,statistical,observed_reconstruction,separate_surface_and_information,signed_measure,"{'kind': 'signed_measure', 'epsilon': 1e-06, 'zero_reference': 'normalized_field_zero', 'spatial_weight': 1.0, 'mass_weight': 1.0, 'estimator': 'area_weighted_signed_spatial_js_and_mass_v1'}",,,fresh,,raw_latent_guide_transformer_v1,df622a48367da52e1909dd19f36c6e94b042b4cf19810ab11a35082990ee696f,v10,m/s,120.0,1715,1715,2.7242126598079843,0.20931083146706544,1715,0.3934180117066305,0.10221084796830555,0,,,1.0
transformer,raw,raw,43,joint,none,,,,,,,,fresh,matched,raw_latent_guide_transformer_v1,,msl,Pa,24.0,1715,1715,209.5529692110419,20.229919847607633,1715,0.9512961678742962,0.012273184854920644,0,,,1.0
transformer,raw,raw,43,joint,none,,,,,,,,fresh,matched,raw_latent_guide_transformer_v1,,msl,Pa,48.0,1715,1715,341.83337022971307,34.20836841271667,1715,0.8643024381933843,0.03582343527603722,0,,,1.0
transformer,raw,raw,43,joint,none,,,,,,,,fresh,matched,raw_latent_guide_transformer_v1,,msl,Pa,72.0,1715,1715,437.77839740874265,45.65279314104351,1715,0.7641997530605801,0.06467264523613313,0,,,1.0
transformer,raw,raw,43,joint,none,,,,,,,,fresh,matched,raw_latent_guide_transformer_v1,,msl,Pa,96.0,1715,1715,506.5289099950015,53.11740641580343,1715,0.6657056466945215,0.09206903952399444,0,,,1.0
transformer,raw,raw,43,joint,none,,,,,,,,fresh,matched,raw_latent_guide_transformer_v1,,msl,Pa,120.0,1715,1715,555.3508394367836,57.62855759110197,1715,0.5768473612282852,0.11550834123704809,0,,,1.0
transformer,raw,raw,43,joint,none,,,,,,,,fresh,matched,raw_latent_guide_transformer_v1,,t2m,K,24.0,1715,1715,0.7253448374265652,0.07588054171108972,1715,0.9853876533560207,0.01184011456257473,0,,,1.0
transformer,raw,raw,43,joint,none,,,,,,,,fresh,matched,raw_latent_guide_transformer_v1,,t2m,K,48.0,1715,1715,1.096272269060567,0.12421997297578775,1715,0.9661971393177725,0.027655961358616442,0,,,1.0
transformer,raw,raw,43,joint,none,,,,,,,,fresh,matched,raw_latent_guide_transformer_v1,,t2m,K,72.0,1715,1715,1.3647343128033818,0.16328890212178626,1715,0.9465999279232077,0.04436252803926097,0,,,1.0
transformer,raw,raw,43,joint,none,,,,,,,,fresh,matched,raw_latent_guide_transformer_v1,,t2m,K,96.0,1715,1715,1.5729778997333255,0.19396236756679489,1715,0.9276744949030304,0.061035436884154144,0,,,1.0
transformer,raw,raw,43,joint,none,,,,,,,,fresh,matched,raw_latent_guide_transformer_v1,,t2m,K,120.0,1715,1715,1.7300759905313308,0.2171533532139066,1715,0.9112454470694927,0.07564107746685661,0,,,1.0
transformer,raw,raw,43,joint,none,,,,,,,,fresh,matched,raw_latent_guide_transformer_v1,,u10,m/s,24.0,1715,1715,1.1002569839283602,0.08023501838161641,1715,0.9257246813858421,0.013599033534313427,0,,,1.0
transformer,raw,raw,43,joint,none,,,,,,,,fresh,matched,raw_latent_guide_transformer_v1,,u10,m/s,48.0,1715,1715,1.684646399184569,0.13435332760240865,1715,0.8152848397064569,0.03627579691609757,0,,,1.0
transformer,raw,raw,43,joint,none,,,,,,,,fresh,matched,raw_latent_guide_transformer_v1,,u10,m/s,72.0,1715,1715,2.0639547999816528,0.16842612948714553,1715,0.7053454012468698,0.059559393629687506,0,,,1.0
transformer,raw,raw,43,joint,none,,,,,,,,fresh,matched,raw_latent_guide_transformer_v1,,u10,m/s,96.0,1715,1715,2.3151184494696717,0.18564636208150492,1715,0.6075379878513872,0.07890015209567619,0,,,1.0
transformer,raw,raw,43,joint,none,,,,,,,,fresh,matched,raw_latent_guide_transformer_v1,,u10,m/s,120.0,1715,1715,2.4801047870480404,0.19128527294672484,1715,0.5278196704428465,0.09262761482089592,0,,,1.0
transformer,raw,raw,43,joint,none,,,,,,,,fresh,matched,raw_latent_guide_transformer_v1,,v10,m/s,24.0,1715,1715,1.1882304894599205,0.07882866606296855,1715,0.9153588213526663,0.01383174108748057,0,,,1.0
transformer,raw,raw,43,joint,none,,,,,,,,fresh,matched,raw_latent_guide_transformer_v1,,v10,m/s,48.0,1715,1715,1.7891643647261595,0.12568472177620646,1715,0.795333469414789,0.03587626491856602,0,,,1.0
transformer,raw,raw,43,joint,none,,,,,,,,fresh,matched,raw_latent_guide_transformer_v1,,v10,m/s,72.0,1715,1715,2.204926594934712,0.16988493804516264,1715,0.6652629050789752,0.06100917762786324,0,,,1.0
transformer,raw,raw,43,joint,none,,,,,,,,fresh,matched,raw_latent_guide_transformer_v1,,v10,m/s,96.0,1715,1715,2.488391934349117,0.1968635388628364,1715,0.5395111465212733,0.08228937582203213,0,,,1.0
transformer,raw,raw,43,joint,none,,,,,,,,fresh,matched,raw_latent_guide_transformer_v1,,v10,m/s,120.0,1715,1715,2.6679036906187115,0.20901639309104494,1715,0.43502067160333646,0.09653421144037862,0,,,1.0
transformer,latent,climate_manifold,43,joint,full,statistical,observed_reconstruction,separate_surface_and_information,signed_measure,"{'kind': 'signed_measure', 'epsilon': 1e-06, 'zero_reference': 'normalized_field_zero', 'spatial_weight': 1.0, 'mass_weight': 1.0, 'estimator': 'area_weighted_signed_spatial_js_and_mass_v1'}",,,fresh,,raw_latent_guide_transformer_v1,2d489555d8950dceebdf33e49e826bce6a6161678c2c37426be3d5c195a694e1,msl,Pa,24.0,1715,1715,218.75688871429077,20.871414084889476,1715,0.9469952806375059,0.013322614625233204,0,,,1.0
transformer,latent,climate_manifold,43,joint,full,statistical,observed_reconstruction,separate_surface_and_information,signed_measure,"{'kind': 'signed_measure', 'epsilon': 1e-06, 'zero_reference': 'normalized_field_zero', 'spatial_weight': 1.0, 'mass_weight': 1.0, 'estimator': 'area_weighted_signed_spatial_js_and_mass_v1'}",,,fresh,,raw_latent_guide_transformer_v1,2d489555d8950dceebdf33e49e826bce6a6161678c2c37426be3d5c195a694e1,msl,Pa,48.0,1715,1715,352.64498270324987,37.2842199707655,1715,0.8539842622286421,0.0396232609180168,0,,,1.0
transformer,latent,climate_manifold,43,joint,full,statistical,observed_reconstruction,separate_surface_and_information,signed_measure,"{'kind': 'signed_measure', 'epsilon': 1e-06, 'zero_reference': 'normalized_field_zero', 'spatial_weight': 1.0, 'mass_weight': 1.0, 'estimator': 'area_weighted_signed_spatial_js_and_mass_v1'}",,,fresh,,raw_latent_guide_transformer_v1,2d489555d8950dceebdf33e49e826bce6a6161678c2c37426be3d5c195a694e1,msl,Pa,72.0,1715,1715,456.04857208784955,50.29670377369206,1715,0.7399226863178469,0.07146000746780827,0,,,1.0
transformer,latent,climate_manifold,43,joint,full,statistical,observed_reconstruction,separate_surface_and_information,signed_measure,"{'kind': 'signed_measure', 'epsilon': 1e-06, 'zero_reference': 'normalized_field_zero', 'spatial_weight': 1.0, 'mass_weight': 1.0, 'estimator': 'area_weighted_signed_spatial_js_and_mass_v1'}",,,fresh,,raw_latent_guide_transformer_v1,2d489555d8950dceebdf33e49e826bce6a6161678c2c37426be3d5c195a694e1,msl,Pa,96.0,1715,1715,528.731378132987,57.51685188155044,1715,0.6300471082484096,0.10030913154175317,0,,,1.0
transformer,latent,climate_manifold,43,joint,full,statistical,observed_reconstruction,separate_surface_and_information,signed_measure,"{'kind': 'signed_measure', 'epsilon': 1e-06, 'zero_reference': 'normalized_field_zero', 'spatial_weight': 1.0, 'mass_weight': 1.0, 'estimator': 'area_weighted_signed_spatial_js_and_mass_v1'}",,,fresh,,raw_latent_guide_transformer_v1,2d489555d8950dceebdf33e49e826bce6a6161678c2c37426be3d5c195a694e1,msl,Pa,120.0,1715,1715,574.2924890566811,60.22516479811479,1715,0.5407296364192733,0.11972344794336001,0,,,1.0
transformer,latent,climate_manifold,43,joint,full,statistical,observed_reconstruction,separate_surface_and_information,signed_measure,"{'kind': 'signed_measure', 'epsilon': 1e-06, 'zero_reference': 'normalized_field_zero', 'spatial_weight': 1.0, 'mass_weight': 1.0, 'estimator': 'area_weighted_signed_spatial_js_and_mass_v1'}",,,fresh,,raw_latent_guide_transformer_v1,2d489555d8950dceebdf33e49e826bce6a6161678c2c37426be3d5c195a694e1,t2m,K,24.0,1715,1715,0.7948706970288602,0.07136039602159312,1715,0.9824889736840388,0.014316897379608713,0,,,1.0
transformer,latent,climate_manifold,43,joint,full,statistical,observed_reconstruction,separate_surface_and_information,signed_measure,"{'kind': 'signed_measure', 'epsilon': 1e-06, 'zero_reference': 'normalized_field_zero', 'spatial_weight': 1.0, 'mass_weight': 1.0, 'estimator': 'area_weighted_signed_spatial_js_and_mass_v1'}",,,fresh,,raw_latent_guide_transformer_v1,2d489555d8950dceebdf33e49e826bce6a6161678c2c37426be3d5c195a694e1,t2m,K,48.0,1715,1715,1.1150225393174287,0.11974020363847776,1715,0.9649240136583452,0.02887038430382284,0,,,1.0
transformer,latent,climate_manifold,43,joint,full,statistical,observed_reconstruction,separate_surface_and_information,signed_measure,"{'kind': 'signed_measure', 'epsilon': 1e-06, 'zero_reference': 'normalized_field_zero', 'spatial_weight': 1.0, 'mass_weight': 1.0, 'estimator': 'area_weighted_signed_spatial_js_and_mass_v1'}",,,fresh,,raw_latent_guide_transformer_v1,2d489555d8950dceebdf33e49e826bce6a6161678c2c37426be3d5c195a694e1,t2m,K,72.0,1715,1715,1.3891975010811732,0.16441509452372954,1715,0.944675987763389,0.04598604348033032,0,,,1.0
transformer,latent,climate_manifold,43,joint,full,statistical,observed_reconstruction,separate_surface_and_information,signed_measure,"{'kind': 'signed_measure', 'epsilon': 1e-06, 'zero_reference': 'normalized_field_zero', 'spatial_weight': 1.0, 'mass_weight': 1.0, 'estimator': 'area_weighted_signed_spatial_js_and_mass_v1'}",,,fresh,,raw_latent_guide_transformer_v1,2d489555d8950dceebdf33e49e826bce6a6161678c2c37426be3d5c195a694e1,t2m,K,96.0,1715,1715,1.614548777722153,0.2013808358872706,1715,0.9240526296614107,0.06434721410586791,0,,,1.0
transformer,latent,climate_manifold,43,joint,full,statistical,observed_reconstruction,separate_surface_and_information,signed_measure,"{'kind': 'signed_measure', 'epsilon': 1e-06, 'zero_reference': 'normalized_field_zero', 'spatial_weight': 1.0, 'mass_weight': 1.0, 'estimator': 'area_weighted_signed_spatial_js_and_mass_v1'}",,,fresh,,raw_latent_guide_transformer_v1,2d489555d8950dceebdf33e49e826bce6a6161678c2c37426be3d5c195a694e1,t2m,K,120.0,1715,1715,1.7783312734015777,0.23046539111607084,1715,0.9061033569884517,0.08158872521672796,0,,,1.0
transformer,latent,climate_manifold,43,joint,full,statistical,observed_reconstruction,separate_surface_and_information,signed_measure,"{'kind': 'signed_measure', 'epsilon': 1e-06, 'zero_reference': 'normalized_field_zero', 'spatial_weight': 1.0, 'mass_weight': 1.0, 'estimator': 'area_weighted_signed_spatial_js_and_mass_v1'}",,,fresh,,raw_latent_guide_transformer_v1,2d489555d8950dceebdf33e49e826bce6a6161678c2c37426be3d5c195a694e1,u10,m/s,24.0,1715,1715,1.1366260520765537,0.07682718712963602,1715,0.9204201008376495,0.01413124694737122,0,,,1.0
transformer,latent,climate_manifold,43,joint,full,statistical,observed_reconstruction,separate_surface_and_information,signed_measure,"{'kind': 'signed_measure', 'epsilon': 1e-06, 'zero_reference': 'normalized_field_zero', 'spatial_weight': 1.0, 'mass_weight': 1.0, 'estimator': 'area_weighted_signed_spatial_js_and_mass_v1'}",,,fresh,,raw_latent_guide_transformer_v1,2d489555d8950dceebdf33e49e826bce6a6161678c2c37426be3d5c195a694e1,u10,m/s,48.0,1715,1715,1.6966645256181274,0.12976050628084035,1715,0.8113043233657224,0.03753881954344337,0,,,1.0
transformer,latent,climate_manifold,43,joint,full,statistical,observed_reconstruction,separate_surface_and_information,signed_measure,"{'kind': 'signed_measure', 'epsilon': 1e-06, 'zero_reference': 'normalized_field_zero', 'spatial_weight': 1.0, 'mass_weight': 1.0, 'estimator': 'area_weighted_signed_spatial_js_and_mass_v1'}",,,fresh,,raw_latent_guide_transformer_v1,2d489555d8950dceebdf33e49e826bce6a6161678c2c37426be3d5c195a694e1,u10,m/s,72.0,1715,1715,2.1043223467966703,0.17204419083647762,1715,0.6901521892442409,0.06455068918356854,0,,,1.0
transformer,latent,climate_manifold,43,joint,full,statistical,observed_reconstruction,separate_surface_and_information,signed_measure,"{'kind': 'signed_measure', 'epsilon': 1e-06, 'zero_reference': 'normalized_field_zero', 'spatial_weight': 1.0, 'mass_weight': 1.0, 'estimator': 'area_weighted_signed_spatial_js_and_mass_v1'}",,,fresh,,raw_latent_guide_transformer_v1,2d489555d8950dceebdf33e49e826bce6a6161678c2c37426be3d5c195a694e1,u10,m/s,96.0,1715,1715,2.374156495133591,0.19330241042067145,1715,0.5833664580277339,0.08683840511360379,0,,,1.0
transformer,latent,climate_manifold,43,joint,full,statistical,observed_reconstruction,separate_surface_and_information,signed_measure,"{'kind': 'signed_measure', 'epsilon': 1e-06, 'zero_reference': 'normalized_field_zero', 'spatial_weight': 1.0, 'mass_weight': 1.0, 'estimator': 'area_weighted_signed_spatial_js_and_mass_v1'}",,,fresh,,raw_latent_guide_transformer_v1,2d489555d8950dceebdf33e49e826bce6a6161678c2c37426be3d5c195a694e1,u10,m/s,120.0,1715,1715,2.5335715258195037,0.1994071162610785,1715,0.5029156147290926,0.10065366124612694,0,,,1.0
transformer,latent,climate_manifold,43,joint,full,statistical,observed_reconstruction,separate_surface_and_information,signed_measure,"{'kind': 'signed_measure', 'epsilon': 1e-06, 'zero_reference': 'normalized_field_zero', 'spatial_weight': 1.0, 'mass_weight': 1.0, 'estimator': 'area_weighted_signed_spatial_js_and_mass_v1'}",,,fresh,,raw_latent_guide_transformer_v1,2d489555d8950dceebdf33e49e826bce6a6161678c2c37426be3d5c195a694e1,v10,m/s,24.0,1715,1715,1.2042991955570195,0.07561813278084617,1715,0.9133116958288781,0.01410513812765258,0,,,1.0
transformer,latent,climate_manifold,43,joint,full,statistical,observed_reconstruction,separate_surface_and_information,signed_measure,"{'kind': 'signed_measure', 'epsilon': 1e-06, 'zero_reference': 'normalized_field_zero', 'spatial_weight': 1.0, 'mass_weight': 1.0, 'estimator': 'area_weighted_signed_spatial_js_and_mass_v1'}",,,fresh,,raw_latent_guide_transformer_v1,2d489555d8950dceebdf33e49e826bce6a6161678c2c37426be3d5c195a694e1,v10,m/s,48.0,1715,1715,1.8029634047615102,0.12930321554554283,1715,0.7912370093345541,0.038335939585941024,0,,,1.0
transformer,latent,climate_manifold,43,joint,full,statistical,observed_reconstruction,separate_surface_and_information,signed_measure,"{'kind': 'signed_measure', 'epsilon': 1e-06, 'zero_reference': 'normalized_field_zero', 'spatial_weight': 1.0, 'mass_weight': 1.0, 'estimator': 'area_weighted_signed_spatial_js_and_mass_v1'}",,,fresh,,raw_latent_guide_transformer_v1,2d489555d8950dceebdf33e49e826bce6a6161678c2c37426be3d5c195a694e1,v10,m/s,72.0,1715,1715,2.2461135036845423,0.18175038106861374,1715,0.649534342660559,0.068245633644755,0,,,1.0
transformer,latent,climate_manifold,43,joint,full,statistical,observed_reconstruction,separate_surface_and_information,signed_measure,"{'kind': 'signed_measure', 'epsilon': 1e-06, 'zero_reference': 'normalized_field_zero', 'spatial_weight': 1.0, 'mass_weight': 1.0, 'estimator': 'area_weighted_signed_spatial_js_and_mass_v1'}",,,fresh,,raw_latent_guide_transformer_v1,2d489555d8950dceebdf33e49e826bce6a6161678c2c37426be3d5c195a694e1,v10,m/s,96.0,1715,1715,2.545649728677494,0.21443626400667368,1715,0.5159161966222985,0.09501868136701754,0,,,1.0
transformer,latent,climate_manifold,43,joint,full,statistical,observed_reconstruction,separate_surface_and_information,signed_measure,"{'kind': 'signed_measure', 'epsilon': 1e-06, 'zero_reference': 'normalized_field_zero', 'spatial_weight': 1.0, 'mass_weight': 1.0, 'estimator': 'area_weighted_signed_spatial_js_and_mass_v1'}",,,fresh,,raw_latent_guide_transformer_v1,2d489555d8950dceebdf33e49e826bce6a6161678c2c37426be3d5c195a694e1,v10,m/s,120.0,1715,1715,2.7156550381956697,0.22293048699872806,1715,0.412124104160595,0.10910322559051742,0,,,1.0
transformer,guided,climate_manifold,43,joint,full,statistical,observed_reconstruction,separate_surface_and_information,signed_measure,"{'kind': 'signed_measure', 'epsilon': 1e-06, 'zero_reference': 'normalized_field_zero', 'spatial_weight': 1.0, 'mass_weight': 1.0, 'estimator': 'area_weighted_signed_spatial_js_and_mass_v1'}",,,fresh,,raw_latent_guide_transformer_v1,20896681826a72a9734ac5f38b1eaff168d44ec6aeb3c32f3c8f902d1c90b7f2,msl,Pa,24.0,1715,1715,213.41780633139902,21.04297553545492,1715,0.949300405766977,0.012852851071933707,0,,,1.0
transformer,guided,climate_manifold,43,joint,full,statistical,observed_reconstruction,separate_surface_and_information,signed_measure,"{'kind': 'signed_measure', 'epsilon': 1e-06, 'zero_reference': 'normalized_field_zero', 'spatial_weight': 1.0, 'mass_weight': 1.0, 'estimator': 'area_weighted_signed_spatial_js_and_mass_v1'}",,,fresh,,raw_latent_guide_transformer_v1,20896681826a72a9734ac5f38b1eaff168d44ec6aeb3c32f3c8f902d1c90b7f2,msl,Pa,48.0,1715,1715,340.7959939723742,34.76252800036903,1715,0.8644544617772353,0.03628464488666727,0,,,1.0
transformer,guided,climate_manifold,43,joint,full,statistical,observed_reconstruction,separate_surface_and_information,signed_measure,"{'kind': 'signed_measure', 'epsilon': 1e-06, 'zero_reference': 'normalized_field_zero', 'spatial_weight': 1.0, 'mass_weight': 1.0, 'estimator': 'area_weighted_signed_spatial_js_and_mass_v1'}",,,fresh,,raw_latent_guide_transformer_v1,20896681826a72a9734ac5f38b1eaff168d44ec6aeb3c32f3c8f902d1c90b7f2,msl,Pa,72.0,1715,1715,435.60959847798983,46.19685094176304,1715,0.7668927702932778,0.06536295599189516,0,,,1.0
transformer,guided,climate_manifold,43,joint,full,statistical,observed_reconstruction,separate_surface_and_information,signed_measure,"{'kind': 'signed_measure', 'epsilon': 1e-06, 'zero_reference': 'normalized_field_zero', 'spatial_weight': 1.0, 'mass_weight': 1.0, 'estimator': 'area_weighted_signed_spatial_js_and_mass_v1'}",,,fresh,,raw_latent_guide_transformer_v1,20896681826a72a9734ac5f38b1eaff168d44ec6aeb3c32f3c8f902d1c90b7f2,msl,Pa,96.0,1715,1715,501.9528246938768,53.37190892299436,1715,0.6733949792551908,0.0913410880872163,0,,,1.0
transformer,guided,climate_manifold,43,joint,full,statistical,observed_reconstruction,separate_surface_and_information,signed_measure,"{'kind': 'signed_measure', 'epsilon': 1e-06, 'zero_reference': 'normalized_field_zero', 'spatial_weight': 1.0, 'mass_weight': 1.0, 'estimator': 'area_weighted_signed_spatial_js_and_mass_v1'}",,,fresh,,raw_latent_guide_transformer_v1,20896681826a72a9734ac5f38b1eaff168d44ec6aeb3c32f3c8f902d1c90b7f2,msl,Pa,120.0,1715,1715,549.8787062435781,57.52076437541165,1715,0.5873312048972457,0.11312435984123216,0,,,1.0
transformer,guided,climate_manifold,43,joint,full,statistical,observed_reconstruction,separate_surface_and_information,signed_measure,"{'kind': 'signed_measure', 'epsilon': 1e-06, 'zero_reference': 'normalized_field_zero', 'spatial_weight': 1.0, 'mass_weight': 1.0, 'estimator': 'area_weighted_signed_spatial_js_and_mass_v1'}",,,fresh,,raw_latent_guide_transformer_v1,20896681826a72a9734ac5f38b1eaff168d44ec6aeb3c32f3c8f902d1c90b7f2,t2m,K,24.0,1715,1715,0.7464846498881876,0.07911845914766717,1715,0.9845995721830929,0.01246638594854282,0,,,1.0
transformer,guided,climate_manifold,43,joint,full,statistical,observed_reconstruction,separate_surface_and_information,signed_measure,"{'kind': 'signed_measure', 'epsilon': 1e-06, 'zero_reference': 'normalized_field_zero', 'spatial_weight': 1.0, 'mass_weight': 1.0, 'estimator': 'area_weighted_signed_spatial_js_and_mass_v1'}",,,fresh,,raw_latent_guide_transformer_v1,20896681826a72a9734ac5f38b1eaff168d44ec6aeb3c32f3c8f902d1c90b7f2,t2m,K,48.0,1715,1715,1.1185281600883805,0.12923134190780905,1715,0.9648064217331969,0.028831814179583116,0,,,1.0
transformer,guided,climate_manifold,43,joint,full,statistical,observed_reconstruction,separate_surface_and_information,signed_measure,"{'kind': 'signed_measure', 'epsilon': 1e-06, 'zero_reference': 'normalized_field_zero', 'spatial_weight': 1.0, 'mass_weight': 1.0, 'estimator': 'area_weighted_signed_spatial_js_and_mass_v1'}",,,fresh,,raw_latent_guide_transformer_v1,20896681826a72a9734ac5f38b1eaff168d44ec6aeb3c32f3c8f902d1c90b7f2,t2m,K,72.0,1715,1715,1.3793960067801536,0.17205803983940882,1715,0.9455179907489986,0.04501413922389462,0,,,1.0
transformer,guided,climate_manifold,43,joint,full,statistical,observed_reconstruction,separate_surface_and_information,signed_measure,"{'kind': 'signed_measure', 'epsilon': 1e-06, 'zero_reference': 'normalized_field_zero', 'spatial_weight': 1.0, 'mass_weight': 1.0, 'estimator': 'area_weighted_signed_spatial_js_and_mass_v1'}",,,fresh,,raw_latent_guide_transformer_v1,20896681826a72a9734ac5f38b1eaff168d44ec6aeb3c32f3c8f902d1c90b7f2,t2m,K,96.0,1715,1715,1.5759617445424916,0.2057332983074254,1715,0.9278636973110854,0.06008023575598037,0,,,1.0
transformer,guided,climate_manifold,43,joint,full,statistical,observed_reconstruction,separate_surface_and_information,signed_measure,"{'kind': 'signed_measure', 'epsilon': 1e-06, 'zero_reference': 'normalized_field_zero', 'spatial_weight': 1.0, 'mass_weight': 1.0, 'estimator': 'area_weighted_signed_spatial_js_and_mass_v1'}",,,fresh,,raw_latent_guide_transformer_v1,20896681826a72a9734ac5f38b1eaff168d44ec6aeb3c32f3c8f902d1c90b7f2,t2m,K,120.0,1715,1715,1.7257229282657816,0.22782742470689057,1715,0.9124573086581349,0.07369993045809146,0,,,1.0
transformer,guided,climate_manifold,43,joint,full,statistical,observed_reconstruction,separate_surface_and_information,signed_measure,"{'kind': 'signed_measure', 'epsilon': 1e-06, 'zero_reference': 'normalized_field_zero', 'spatial_weight': 1.0, 'mass_weight': 1.0, 'estimator': 'area_weighted_signed_spatial_js_and_mass_v1'}",,,fresh,,raw_latent_guide_transformer_v1,20896681826a72a9734ac5f38b1eaff168d44ec6aeb3c32f3c8f902d1c90b7f2,u10,m/s,24.0,1715,1715,1.144113036099104,0.0825905828193511,1715,0.9193140462403595,0.014756666584107203,0,,,1.0
transformer,guided,climate_manifold,43,joint,full,statistical,observed_reconstruction,separate_surface_and_information,signed_measure,"{'kind': 'signed_measure', 'epsilon': 1e-06, 'zero_reference': 'normalized_field_zero', 'spatial_weight': 1.0, 'mass_weight': 1.0, 'estimator': 'area_weighted_signed_spatial_js_and_mass_v1'}",,,fresh,,raw_latent_guide_transformer_v1,20896681826a72a9734ac5f38b1eaff168d44ec6aeb3c32f3c8f902d1c90b7f2,u10,m/s,48.0,1715,1715,1.6991339100452394,0.13086015959098077,1715,0.8125969017492866,0.03596751727032111,0,,,1.0
transformer,guided,climate_manifold,43,joint,full,statistical,observed_reconstruction,separate_surface_and_information,signed_measure,"{'kind': 'signed_measure', 'epsilon': 1e-06, 'zero_reference': 'normalized_field_zero', 'spatial_weight': 1.0, 'mass_weight': 1.0, 'estimator': 'area_weighted_signed_spatial_js_and_mass_v1'}",,,fresh,,raw_latent_guide_transformer_v1,20896681826a72a9734ac5f38b1eaff168d44ec6aeb3c32f3c8f902d1c90b7f2,u10,m/s,72.0,1715,1715,2.0604562791553613,0.16320711861521878,1715,0.7071669178703799,0.05819835431088046,0,,,1.0
transformer,guided,climate_manifold,43,joint,full,statistical,observed_reconstruction,separate_surface_and_information,signed_measure,"{'kind': 'signed_measure', 'epsilon': 1e-06, 'zero_reference': 'normalized_field_zero', 'spatial_weight': 1.0, 'mass_weight': 1.0, 'estimator': 'area_weighted_signed_spatial_js_and_mass_v1'}",,,fresh,,raw_latent_guide_transformer_v1,20896681826a72a9734ac5f38b1eaff168d44ec6aeb3c32f3c8f902d1c90b7f2,u10,m/s,96.0,1715,1715,2.296527532635438,0.1782507643105719,1715,0.6155358726050352,0.07599816554995743,0,,,1.0
transformer,guided,climate_manifold,43,joint,full,statistical,observed_reconstruction,separate_surface_and_information,signed_measure,"{'kind': 'signed_measure', 'epsilon': 1e-06, 'zero_reference': 'normalized_field_zero', 'spatial_weight': 1.0, 'mass_weight': 1.0, 'estimator': 'area_weighted_signed_spatial_js_and_mass_v1'}",,,fresh,,raw_latent_guide_transformer_v1,20896681826a72a9734ac5f38b1eaff168d44ec6aeb3c32f3c8f902d1c90b7f2,u10,m/s,120.0,1715,1715,2.4639428658858384,0.18530561152591885,1715,0.5359706381572211,0.08951740889619927,0,,,1.0
transformer,guided,climate_manifold,43,joint,full,statistical,observed_reconstruction,separate_surface_and_information,signed_measure,"{'kind': 'signed_measure', 'epsilon': 1e-06, 'zero_reference': 'normalized_field_zero', 'spatial_weight': 1.0, 'mass_weight': 1.0, 'estimator': 'area_weighted_signed_spatial_js_and_mass_v1'}",,,fresh,,raw_latent_guide_transformer_v1,20896681826a72a9734ac5f38b1eaff168d44ec6aeb3c32f3c8f902d1c90b7f2,v10,m/s,24.0,1715,1715,1.2262179767563353,0.08073019064474711,1715,0.9094917631164884,0.014803543918300346,0,,,1.0
transformer,guided,climate_manifold,43,joint,full,statistical,observed_reconstruction,separate_surface_and_information,signed_measure,"{'kind': 'signed_measure', 'epsilon': 1e-06, 'zero_reference': 'normalized_field_zero', 'spatial_weight': 1.0, 'mass_weight': 1.0, 'estimator': 'area_weighted_signed_spatial_js_and_mass_v1'}",,,fresh,,raw_latent_guide_transformer_v1,20896681826a72a9734ac5f38b1eaff168d44ec6aeb3c32f3c8f902d1c90b7f2,v10,m/s,48.0,1715,1715,1.80799129993331,0.13135525059515563,1715,0.7906996493757955,0.03782813554863225,0,,,1.0
transformer,guided,climate_manifold,43,joint,full,statistical,observed_reconstruction,separate_surface_and_information,signed_measure,"{'kind': 'signed_measure', 'epsilon': 1e-06, 'zero_reference': 'normalized_field_zero', 'spatial_weight': 1.0, 'mass_weight': 1.0, 'estimator': 'area_weighted_signed_spatial_js_and_mass_v1'}",,,fresh,,raw_latent_guide_transformer_v1,20896681826a72a9734ac5f38b1eaff168d44ec6aeb3c32f3c8f902d1c90b7f2,v10,m/s,72.0,1715,1715,2.2030927881337936,0.17570537812488038,1715,0.6668023354118486,0.06373089049916644,0,,,1.0
transformer,guided,climate_manifold,43,joint,full,statistical,observed_reconstruction,separate_surface_and_information,signed_measure,"{'kind': 'signed_measure', 'epsilon': 1e-06, 'zero_reference': 'normalized_field_zero', 'spatial_weight': 1.0, 'mass_weight': 1.0, 'estimator': 'area_weighted_signed_spatial_js_and_mass_v1'}",,,fresh,,raw_latent_guide_transformer_v1,20896681826a72a9734ac5f38b1eaff168d44ec6aeb3c32f3c8f902d1c90b7f2,v10,m/s,96.0,1715,1715,2.4657474431488655,0.2012884175029721,1715,0.5523742853656147,0.08581349139212364,0,,,1.0
transformer,guided,climate_manifold,43,joint,full,statistical,observed_reconstruction,separate_surface_and_information,signed_measure,"{'kind': 'signed_measure', 'epsilon': 1e-06, 'zero_reference': 'normalized_field_zero', 'spatial_weight': 1.0, 'mass_weight': 1.0, 'estimator': 'area_weighted_signed_spatial_js_and_mass_v1'}",,,fresh,,raw_latent_guide_transformer_v1,20896681826a72a9734ac5f38b1eaff168d44ec6aeb3c32f3c8f902d1c90b7f2,v10,m/s,120.0,1715,1715,2.640900936420318,0.21424568806670546,1715,0.4540575930815544,0.10026261863158921,0,,,1.0
transformer,guided,climate_manifold,43,joint,full,statistical,observed_reconstruction,separate_surface_and_information,signed_measure,"{'kind': 'signed_measure', 'epsilon': 1e-06, 'zero_reference': 'normalized_field_zero', 'spatial_weight': 1.0, 'mass_weight': 1.0, 'estimator': 'area_weighted_signed_spatial_js_and_mass_v1'}",,,fresh,,raw_latent_guide_transformer_v1,f849eac4e529ed02e3f130db23081b7a30318792969e97f71713dbe5cf4e169b,msl,Pa,24.0,1715,1715,222.19280125827507,22.493381030227606,1715,0.9451137592088792,0.014094021558604695,0,,,1.0
transformer,guided,climate_manifold,43,joint,full,statistical,observed_reconstruction,separate_surface_and_information,signed_measure,"{'kind': 'signed_measure', 'epsilon': 1e-06, 'zero_reference': 'normalized_field_zero', 'spatial_weight': 1.0, 'mass_weight': 1.0, 'estimator': 'area_weighted_signed_spatial_js_and_mass_v1'}",,,fresh,,raw_latent_guide_transformer_v1,f849eac4e529ed02e3f130db23081b7a30318792969e97f71713dbe5cf4e169b,msl,Pa,48.0,1715,1715,370.5626730376823,37.86444444754018,1715,0.8378857837792304,0.04383927173142048,0,,,1.0
transformer,guided,climate_manifold,43,joint,full,statistical,observed_reconstruction,separate_surface_and_information,signed_measure,"{'kind': 'signed_measure', 'epsilon': 1e-06, 'zero_reference': 'normalized_field_zero', 'spatial_weight': 1.0, 'mass_weight': 1.0, 'estimator': 'area_weighted_signed_spatial_js_and_mass_v1'}",,,fresh,,raw_latent_guide_transformer_v1,f849eac4e529ed02e3f130db23081b7a30318792969e97f71713dbe5cf4e169b,msl,Pa,72.0,1715,1715,468.1043180269849,49.42601421855952,1715,0.7249308687808307,0.07581781586317499,0,,,1.0
transformer,guided,climate_manifold,43,joint,full,statistical,observed_reconstruction,separate_surface_and_information,signed_measure,"{'kind': 'signed_measure', 'epsilon': 1e-06, 'zero_reference': 'normalized_field_zero', 'spatial_weight': 1.0, 'mass_weight': 1.0, 'estimator': 'area_weighted_signed_spatial_js_and_mass_v1'}",,,fresh,,raw_latent_guide_transformer_v1,f849eac4e529ed02e3f130db23081b7a30318792969e97f71713dbe5cf4e169b,msl,Pa,96.0,1715,1715,529.7390682259271,55.43489133722586,1715,0.6265105240366659,0.10288384888402681,0,,,1.0
transformer,guided,climate_manifold,43,joint,full,statistical,observed_reconstruction,separate_surface_and_information,signed_measure,"{'kind': 'signed_measure', 'epsilon': 1e-06, 'zero_reference': 'normalized_field_zero', 'spatial_weight': 1.0, 'mass_weight': 1.0, 'estimator': 'area_weighted_signed_spatial_js_and_mass_v1'}",,,fresh,,raw_latent_guide_transformer_v1,f849eac4e529ed02e3f130db23081b7a30318792969e97f71713dbe5cf4e169b,msl,Pa,120.0,1715,1715,570.6329063001745,58.76767720520205,1715,0.5449879071753474,0.12356078528535026,0,,,1.0
transformer,guided,climate_manifold,43,joint,full,statistical,observed_reconstruction,separate_surface_and_information,signed_measure,"{'kind': 'signed_measure', 'epsilon': 1e-06, 'zero_reference': 'normalized_field_zero', 'spatial_weight': 1.0, 'mass_weight': 1.0, 'estimator': 'area_weighted_signed_spatial_js_and_mass_v1'}",,,fresh,,raw_latent_guide_transformer_v1,f849eac4e529ed02e3f130db23081b7a30318792969e97f71713dbe5cf4e169b,t2m,K,24.0,1715,1715,0.7386335874686613,0.07229846489779877,1715,0.9848537463412621,0.012331592387663407,0,,,1.0
transformer,guided,climate_manifold,43,joint,full,statistical,observed_reconstruction,separate_surface_and_information,signed_measure,"{'kind': 'signed_measure', 'epsilon': 1e-06, 'zero_reference': 'normalized_field_zero', 'spatial_weight': 1.0, 'mass_weight': 1.0, 'estimator': 'area_weighted_signed_spatial_js_and_mass_v1'}",,,fresh,,raw_latent_guide_transformer_v1,f849eac4e529ed02e3f130db23081b7a30318792969e97f71713dbe5cf4e169b,t2m,K,48.0,1715,1715,1.1419692095666718,0.1264020953028136,1715,0.9632478798291944,0.03034206494924014,0,,,1.0
transformer,guided,climate_manifold,43,joint,full,statistical,observed_reconstruction,separate_surface_and_information,signed_measure,"{'kind': 'signed_measure', 'epsilon': 1e-06, 'zero_reference': 'normalized_field_zero', 'spatial_weight': 1.0, 'mass_weight': 1.0, 'estimator': 'area_weighted_signed_spatial_js_and_mass_v1'}",,,fresh,,raw_latent_guide_transformer_v1,f849eac4e529ed02e3f130db23081b7a30318792969e97f71713dbe5cf4e169b,t2m,K,72.0,1715,1715,1.428501979707708,0.1733162080763118,1715,0.9417110490035054,0.04839044890131949,0,,,1.0
transformer,guided,climate_manifold,43,joint,full,statistical,observed_reconstruction,separate_surface_and_information,signed_measure,"{'kind': 'signed_measure', 'epsilon': 1e-06, 'zero_reference': 'normalized_field_zero', 'spatial_weight': 1.0, 'mass_weight': 1.0, 'estimator': 'area_weighted_signed_spatial_js_and_mass_v1'}",,,fresh,,raw_latent_guide_transformer_v1,f849eac4e529ed02e3f130db23081b7a30318792969e97f71713dbe5cf4e169b,t2m,K,96.0,1715,1715,1.6353037248052142,0.20385087987525874,1715,0.9222428571098268,0.06564484352801396,0,,,1.0
transformer,guided,climate_manifold,43,joint,full,statistical,observed_reconstruction,separate_surface_and_information,signed_measure,"{'kind': 'signed_measure', 'epsilon': 1e-06, 'zero_reference': 'normalized_field_zero', 'spatial_weight': 1.0, 'mass_weight': 1.0, 'estimator': 'area_weighted_signed_spatial_js_and_mass_v1'}",,,fresh,,raw_latent_guide_transformer_v1,f849eac4e529ed02e3f130db23081b7a30318792969e97f71713dbe5cf4e169b,t2m,K,120.0,1715,1715,1.7888382610610014,0.22576331410875725,1715,0.905628650124108,0.08104975948663902,0,,,1.0
transformer,guided,climate_manifold,43,joint,full,statistical,observed_reconstruction,separate_surface_and_information,signed_measure,"{'kind': 'signed_measure', 'epsilon': 1e-06, 'zero_reference': 'normalized_field_zero', 'spatial_weight': 1.0, 'mass_weight': 1.0, 'estimator': 'area_weighted_signed_spatial_js_and_mass_v1'}",,,fresh,,raw_latent_guide_transformer_v1,f849eac4e529ed02e3f130db23081b7a30318792969e97f71713dbe5cf4e169b,u10,m/s,24.0,1715,1715,1.167408574538156,0.08691165408125016,1715,0.915738623383378,0.01567826229603506,0,,,1.0
transformer,guided,climate_manifold,43,joint,full,statistical,observed_reconstruction,separate_surface_and_information,signed_measure,"{'kind': 'signed_measure', 'epsilon': 1e-06, 'zero_reference': 'normalized_field_zero', 'spatial_weight': 1.0, 'mass_weight': 1.0, 'estimator': 'area_weighted_signed_spatial_js_and_mass_v1'}",,,fresh,,raw_latent_guide_transformer_v1,f849eac4e529ed02e3f130db23081b7a30318792969e97f71713dbe5cf4e169b,u10,m/s,48.0,1715,1715,1.7917913917437205,0.14609717813938677,1715,0.7876844832741102,0.042153972281652324,0,,,1.0
transformer,guided,climate_manifold,43,joint,full,statistical,observed_reconstruction,separate_surface_and_information,signed_measure,"{'kind': 'signed_measure', 'epsilon': 1e-06, 'zero_reference': 'normalized_field_zero', 'spatial_weight': 1.0, 'mass_weight': 1.0, 'estimator': 'area_weighted_signed_spatial_js_and_mass_v1'}",,,fresh,,raw_latent_guide_transformer_v1,f849eac4e529ed02e3f130db23081b7a30318792969e97f71713dbe5cf4e169b,u10,m/s,72.0,1715,1715,2.1708591176783965,0.18132156211725237,1715,0.6667289460141506,0.0680202071548163,0,,,1.0
transformer,guided,climate_manifold,43,joint,full,statistical,observed_reconstruction,separate_surface_and_information,signed_measure,"{'kind': 'signed_measure', 'epsilon': 1e-06, 'zero_reference': 'normalized_field_zero', 'spatial_weight': 1.0, 'mass_weight': 1.0, 'estimator': 'area_weighted_signed_spatial_js_and_mass_v1'}",,,fresh,,raw_latent_guide_transformer_v1,f849eac4e529ed02e3f130db23081b7a30318792969e97f71713dbe5cf4e169b,u10,m/s,96.0,1715,1715,2.391148807251244,0.19391480400435748,1715,0.5722048678648516,0.08697685673486073,0,,,1.0
transformer,guided,climate_manifold,43,joint,full,statistical,observed_reconstruction,separate_surface_and_information,signed_measure,"{'kind': 'signed_measure', 'epsilon': 1e-06, 'zero_reference': 'normalized_field_zero', 'spatial_weight': 1.0, 'mass_weight': 1.0, 'estimator': 'area_weighted_signed_spatial_js_and_mass_v1'}",,,fresh,,raw_latent_guide_transformer_v1,f849eac4e529ed02e3f130db23081b7a30318792969e97f71713dbe5cf4e169b,u10,m/s,120.0,1715,1715,2.5294961062387,0.19648012201432624,1715,0.4997842485650471,0.09879468290090608,0,,,1.0
transformer,guided,climate_manifold,43,joint,full,statistical,observed_reconstruction,separate_surface_and_information,signed_measure,"{'kind': 'signed_measure', 'epsilon': 1e-06, 'zero_reference': 'normalized_field_zero', 'spatial_weight': 1.0, 'mass_weight': 1.0, 'estimator': 'area_weighted_signed_spatial_js_and_mass_v1'}",,,fresh,,raw_latent_guide_transformer_v1,f849eac4e529ed02e3f130db23081b7a30318792969e97f71713dbe5cf4e169b,v10,m/s,24.0,1715,1715,1.2430894547824447,0.08386082199526998,1715,0.9069071858533341,0.015379450313321332,0,,,1.0
transformer,guided,climate_manifold,43,joint,full,statistical,observed_reconstruction,separate_surface_and_information,signed_measure,"{'kind': 'signed_measure', 'epsilon': 1e-06, 'zero_reference': 'normalized_field_zero', 'spatial_weight': 1.0, 'mass_weight': 1.0, 'estimator': 'area_weighted_signed_spatial_js_and_mass_v1'}",,,fresh,,raw_latent_guide_transformer_v1,f849eac4e529ed02e3f130db23081b7a30318792969e97f71713dbe5cf4e169b,v10,m/s,48.0,1715,1715,1.9012238928463132,0.14004046501064488,1715,0.7650448848554585,0.04267204746820272,0,,,1.0
transformer,guided,climate_manifold,43,joint,full,statistical,observed_reconstruction,separate_surface_and_information,signed_measure,"{'kind': 'signed_measure', 'epsilon': 1e-06, 'zero_reference': 'normalized_field_zero', 'spatial_weight': 1.0, 'mass_weight': 1.0, 'estimator': 'area_weighted_signed_spatial_js_and_mass_v1'}",,,fresh,,raw_latent_guide_transformer_v1,f849eac4e529ed02e3f130db23081b7a30318792969e97f71713dbe5cf4e169b,v10,m/s,72.0,1715,1715,2.320488597896602,0.18419812473161173,1715,0.6188918876155437,0.07097456581216846,0,,,1.0
transformer,guided,climate_manifold,43,joint,full,statistical,observed_reconstruction,separate_surface_and_information,signed_measure,"{'kind': 'signed_measure', 'epsilon': 1e-06, 'zero_reference': 'normalized_field_zero', 'spatial_weight': 1.0, 'mass_weight': 1.0, 'estimator': 'area_weighted_signed_spatial_js_and_mass_v1'}",,,fresh,,raw_latent_guide_transformer_v1,f849eac4e529ed02e3f130db23081b7a30318792969e97f71713dbe5cf4e169b,v10,m/s,96.0,1715,1715,2.5668021117900834,0.20618870629989708,1715,0.49723917814442986,0.0906058877291805,0,,,1.0
transformer,guided,climate_manifold,43,joint,full,statistical,observed_reconstruction,separate_surface_and_information,signed_measure,"{'kind': 'signed_measure', 'epsilon': 1e-06, 'zero_reference': 'normalized_field_zero', 'spatial_weight': 1.0, 'mass_weight': 1.0, 'estimator': 'area_weighted_signed_spatial_js_and_mass_v1'}",,,fresh,,raw_latent_guide_transformer_v1,f849eac4e529ed02e3f130db23081b7a30318792969e97f71713dbe5cf4e169b,v10,m/s,120.0,1715,1715,2.705250975859955,0.21370570591944443,1715,0.40840088588907136,0.10033411435934515,0,,,1.0
